{
    "boundary": {
        "precision": 0.9318181818181818,
        "recall": 0.8723404255319149,
        "num_correct": 82,
        "num_predicted": 88,
        "num_true": 94,
        "FP": 6,
        "FN": 12,
        "f1": 0.9010989010989012
    },
    "boundary_strict": {
        "precision": 0.8863636363636364,
        "recall": 0.8297872340425532,
        "num_correct": 78,
        "num_predicted": 88,
        "num_true": 94,
        "FP": 10,
        "FN": 16,
        "f1": 0.8571428571428571
    },
    "classification": {
        "TP": 40,
        "TN": 38,
        "FP": 3,
        "FN": 1,
        "spesificity": 0.926829268292683,
        "fp_rate": 0.07317073170731703,
        "fn_rate": 0.024390243902439046,
        "g_mean": 0.950906765347216,
        "precision": 0.9302325581395349,
        "recall": 0.975609756097561,
        "f1": 0.9523809523809523,
        "f1_abs": 0.8581894296180012,
        "accuracy": 0.9512195121951219,
        "support": 82
    },
    "f1_f1": 0.8791208791208792
}