{
    "boundary": {
        "precision": 0.9873417721518988,
        "recall": 0.968944099378882,
        "num_correct": 312,
        "num_predicted": 316,
        "num_true": 322,
        "FP": 4,
        "FN": 10,
        "f1": 0.9780564263322885
    },
    "boundary_strict": {
        "precision": 0.9240506329113924,
        "recall": 0.906832298136646,
        "num_correct": 292,
        "num_predicted": 316,
        "num_true": 322,
        "FP": 24,
        "FN": 30,
        "f1": 0.9153605015673981
    },
    "classification": {
        "TP": 194,
        "TN": 98,
        "FP": 10,
        "FN": 10,
        "spesificity": 0.9074074074074074,
        "fp_rate": 0.09259259259259256,
        "fn_rate": 0.0490196078431373,
        "g_mean": 0.9289384544426711,
        "precision": 0.9509803921568627,
        "recall": 0.9509803921568627,
        "f1": 0.9509803921568627,
        "f1_abs": 0.9301124838650194,
        "accuracy": 0.9358974358974359,
        "support": 312
    },
    "f1_f1": 0.953482144263638
}