{
    "boundary": {
        "precision": 0.984375,
        "recall": 0.9782608695652174,
        "num_correct": 315,
        "num_predicted": 320,
        "num_true": 322,
        "FP": 5,
        "FN": 7,
        "f1": 0.9813084112149533
    },
    "boundary_strict": {
        "precision": 0.934375,
        "recall": 0.9285714285714286,
        "num_correct": 299,
        "num_predicted": 320,
        "num_true": 322,
        "FP": 21,
        "FN": 23,
        "f1": 0.9314641744548287
    },
    "classification": {
        "TP": 195,
        "TN": 104,
        "FP": 8,
        "FN": 8,
        "spesificity": 0.9285714285714286,
        "fp_rate": 0.0714285714285714,
        "fn_rate": 0.039408866995073843,
        "g_mean": 0.9444455943289859,
        "precision": 0.9605911330049262,
        "recall": 0.9605911330049262,
        "f1": 0.9605911330049262,
        "f1_abs": 0.942636158556236,
        "accuracy": 0.9492063492063492,
        "support": 315
    },
    "f1_f1": 0.9615836190297281
}