{
    "boundary": {
        "precision": 0.8301886792452831,
        "recall": 0.7333333333333333,
        "num_correct": 44,
        "num_predicted": 53,
        "num_true": 60,
        "FP": 9,
        "FN": 16,
        "f1": 0.7787610619469026
    },
    "boundary_strict": {
        "precision": 0.8113207547169812,
        "recall": 0.7166666666666667,
        "num_correct": 43,
        "num_predicted": 53,
        "num_true": 60,
        "FP": 10,
        "FN": 17,
        "f1": 0.7610619469026548
    },
    "classification": {
        "TP": 24,
        "TN": 19,
        "FP": 1,
        "FN": 0,
        "spesificity": 0.95,
        "fp_rate": 0.050000000000000044,
        "fn_rate": 0.0,
        "g_mean": 0.9746794344808963,
        "precision": 0.96,
        "recall": 1.0,
        "f1": 0.9795918367346939,
        "f1_abs": 0.762867979050027,
        "accuracy": 0.9772727272727273,
        "support": 44
    },
    "f1_f1": 0.7707325973907488
}