{
    "boundary": {
        "precision": 0.9789473684210527,
        "recall": 0.93,
        "num_correct": 93,
        "num_predicted": 95,
        "num_true": 100,
        "FP": 2,
        "FN": 7,
        "f1": 0.9538461538461539
    },
    "classification": {
        "TP": 46.0,
        "TN": 42.0,
        "FP": 5.0,
        "FN": 0.0,
        "spesificity": 0.8936170212765957,
        "fp_rate": 0.1063829787234043,
        "fn_rate": 0.0,
        "g_mean": 0.9453131868733218,
        "precision": 0.9019607843137255,
        "recall": 1.0,
        "f1": 0.9484536082474228,
        "f1_abs": 0.904678826328311,
        "accuracy": 0.946236559139785,
        "support": 93
    },
    "f1_f1": 0.9286121286121287
}