{
    "boundary": {
        "precision": 1.0,
        "recall": 1.0,
        "num_correct": 60,
        "num_predicted": 60,
        "num_true": 60,
        "FP": 0,
        "FN": 0,
        "f1": 1.0
    },
    "boundary_strict": {
        "precision": 0.9166666666666666,
        "recall": 0.9166666666666666,
        "num_correct": 55,
        "num_predicted": 60,
        "num_true": 60,
        "FP": 5,
        "FN": 5,
        "f1": 0.9166666666666666
    },
    "classification": {
        "TP": 31,
        "TN": 24,
        "FP": 3,
        "FN": 2,
        "spesificity": 0.8888888888888888,
        "fp_rate": 0.11111111111111116,
        "fn_rate": 0.06060606060606055,
        "g_mean": 0.9137925557897892,
        "precision": 0.9117647058823529,
        "recall": 0.9393939393939394,
        "f1": 0.9253731343283582,
        "f1_abs": 0.9253731343283582,
        "accuracy": 0.9166666666666666,
        "support": 60
    },
    "f1_f1": 0.9612403100775194
}