{
    "boundary": {
        "precision": 0.9655172413793104,
        "recall": 0.8936170212765957,
        "num_correct": 84,
        "num_predicted": 87,
        "num_true": 94,
        "FP": 3,
        "FN": 10,
        "f1": 0.9281767955801106
    },
    "boundary_strict": {
        "precision": 0.9195402298850575,
        "recall": 0.851063829787234,
        "num_correct": 80,
        "num_predicted": 87,
        "num_true": 94,
        "FP": 7,
        "FN": 14,
        "f1": 0.8839779005524862
    },
    "classification": {
        "TP": 43,
        "TN": 37,
        "FP": 3,
        "FN": 1,
        "spesificity": 0.925,
        "fp_rate": 0.07499999999999996,
        "fn_rate": 0.022727272727272707,
        "g_mean": 0.9507771940508842,
        "precision": 0.9347826086956522,
        "recall": 0.9772727272727273,
        "f1": 0.9555555555555556,
        "f1_abs": 0.8869244935543279,
        "accuracy": 0.9523809523809523,
        "support": 84
    },
    "f1_f1": 0.9070818684078353
}