{
    "boundary": {
        "precision": 0.475,
        "recall": 0.19,
        "num_correct": 19,
        "num_predicted": 40,
        "num_true": 100,
        "FP": 21,
        "FN": 81,
        "f1": 0.2714285714285714
    },
    "boundary_strict": {
        "precision": 0.45,
        "recall": 0.18,
        "num_correct": 18,
        "num_predicted": 40,
        "num_true": 100,
        "FP": 22,
        "FN": 82,
        "f1": 0.2571428571428572
    },
    "classification": {
        "TP": 8,
        "TN": 10,
        "FP": 1,
        "FN": 0,
        "spesificity": 0.9090909090909091,
        "fp_rate": 0.09090909090909094,
        "fn_rate": 0.0,
        "g_mean": 0.9534625892455924,
        "precision": 0.8888888888888888,
        "recall": 1.0,
        "f1": 0.9411764705882353,
        "f1_abs": 0.25546218487394956,
        "accuracy": 0.9473684210526315,
        "support": 19
    },
    "f1_f1": 0.26320346320346316
}