{
    "boundary": {
        "precision": 0.5789473684210527,
        "recall": 0.3333333333333333,
        "num_correct": 11,
        "num_predicted": 19,
        "num_true": 33,
        "FP": 8,
        "FN": 22,
        "f1": 0.4230769230769231
    },
    "boundary_strict": {
        "precision": 0.5263157894736842,
        "recall": 0.30303030303030304,
        "num_correct": 10,
        "num_predicted": 19,
        "num_true": 33,
        "FP": 9,
        "FN": 23,
        "f1": 0.38461538461538464
    },
    "classification": {
        "TP": 7,
        "TN": 3,
        "FP": 0,
        "FN": 1,
        "spesificity": 1.0,
        "fp_rate": 0.0,
        "fn_rate": 0.125,
        "g_mean": 0.9354143466934853,
        "precision": 1.0,
        "recall": 0.875,
        "f1": 0.9333333333333333,
        "f1_abs": 0.39487179487179486,
        "accuracy": 0.9090909090909091,
        "support": 11
    },
    "f1_f1": 0.4084880636604774
}