{
    "boundary": {
        "precision": 0.96875,
        "recall": 0.9627329192546584,
        "num_correct": 310,
        "num_predicted": 320,
        "num_true": 322,
        "FP": 10,
        "FN": 12,
        "f1": 0.9657320872274143
    },
    "boundary_strict": {
        "precision": 0.9,
        "recall": 0.8944099378881988,
        "num_correct": 288,
        "num_predicted": 320,
        "num_true": 322,
        "FP": 32,
        "FN": 34,
        "f1": 0.897196261682243
    },
    "classification": {
        "TP": 192,
        "TN": 96,
        "FP": 12,
        "FN": 10,
        "spesificity": 0.8888888888888888,
        "fp_rate": 0.11111111111111116,
        "fn_rate": 0.04950495049504955,
        "g_mean": 0.9191759833942816,
        "precision": 0.9411764705882353,
        "recall": 0.9504950495049505,
        "f1": 0.9458128078817734,
        "f1_abs": 0.9134017770820864,
        "accuracy": 0.9290322580645162,
        "support": 310
    },
    "f1_f1": 0.9388382822666508
}