{
    "boundary": {
        "precision": 0.8571428571428571,
        "recall": 0.66,
        "num_correct": 66,
        "num_predicted": 77,
        "num_true": 100,
        "FP": 11,
        "FN": 34,
        "f1": 0.7457627118644068
    },
    "boundary_strict": {
        "precision": 0.8441558441558441,
        "recall": 0.65,
        "num_correct": 65,
        "num_predicted": 77,
        "num_true": 100,
        "FP": 12,
        "FN": 35,
        "f1": 0.7344632768361582
    },
    "classification": {
        "TP": 31,
        "TN": 34,
        "FP": 0,
        "FN": 1,
        "spesificity": 1.0,
        "fp_rate": 0.0,
        "fn_rate": 0.03125,
        "g_mean": 0.9842509842514764,
        "precision": 1.0,
        "recall": 0.96875,
        "f1": 0.9841269841269841,
        "f1_abs": 0.7339252085014797,
        "accuracy": 0.9848484848484849,
        "support": 66
    },
    "f1_f1": 0.7397966101694916
}