{
    "boundary": {
        "precision": 0.95,
        "recall": 0.8260869565217391,
        "num_correct": 38,
        "num_predicted": 40,
        "num_true": 46,
        "FP": 2,
        "FN": 8,
        "f1": 0.8837209302325583
    },
    "boundary_strict": {
        "precision": 0.85,
        "recall": 0.7391304347826086,
        "num_correct": 34,
        "num_predicted": 40,
        "num_true": 46,
        "FP": 6,
        "FN": 12,
        "f1": 0.7906976744186046
    },
    "classification": {
        "TP": 29,
        "TN": 5,
        "FP": 3,
        "FN": 1,
        "spesificity": 0.625,
        "fp_rate": 0.375,
        "fn_rate": 0.033333333333333326,
        "g_mean": 0.7772815877574012,
        "precision": 0.90625,
        "recall": 0.9666666666666667,
        "f1": 0.9354838709677419,
        "f1_abs": 0.8267066766691674,
        "accuracy": 0.8947368421052632,
        "support": 38
    },
    "f1_f1": 0.854263565891473
}