{
    "boundary": {
        "precision": 0.5,
        "recall": 0.21666666666666667,
        "num_correct": 13,
        "num_predicted": 26,
        "num_true": 60,
        "FP": 13,
        "FN": 47,
        "f1": 0.3023255813953488
    },
    "boundary_strict": {
        "precision": 0.5,
        "recall": 0.21666666666666667,
        "num_correct": 13,
        "num_predicted": 26,
        "num_true": 60,
        "FP": 13,
        "FN": 47,
        "f1": 0.3023255813953488
    },
    "classification": {
        "TP": 4,
        "TN": 9,
        "FP": 0,
        "FN": 0,
        "spesificity": 1.0,
        "fp_rate": 0.0,
        "fn_rate": 0.0,
        "g_mean": 1.0,
        "precision": 1.0,
        "recall": 1.0,
        "f1": 1.0,
        "f1_abs": 0.3023255813953488,
        "accuracy": 1.0,
        "support": 13
    },
    "f1_f1": 0.3023255813953488
}