{
    "boundary": {
        "precision": 0.75,
        "recall": 0.4787234042553192,
        "num_correct": 45,
        "num_predicted": 60,
        "num_true": 94,
        "FP": 15,
        "FN": 49,
        "f1": 0.5844155844155844
    },
    "boundary_strict": {
        "precision": 0.75,
        "recall": 0.4787234042553192,
        "num_correct": 45,
        "num_predicted": 60,
        "num_true": 94,
        "FP": 15,
        "FN": 49,
        "f1": 0.5844155844155844
    },
    "classification": {
        "TP": 19,
        "TN": 26,
        "FP": 0,
        "FN": 0,
        "spesificity": 1.0,
        "fp_rate": 0.0,
        "fn_rate": 0.0,
        "g_mean": 1.0,
        "precision": 1.0,
        "recall": 1.0,
        "f1": 1.0,
        "f1_abs": 0.5844155844155844,
        "accuracy": 1.0,
        "support": 45
    },
    "f1_f1": 0.5844155844155844
}