{
    "boundary": {
        "precision": 0.5416666666666666,
        "recall": 0.20634920634920634,
        "num_correct": 13,
        "num_predicted": 24,
        "num_true": 63,
        "FP": 11,
        "FN": 50,
        "f1": 0.29885057471264365
    },
    "classification": {
        "TP": 7.0,
        "TN": 6.0,
        "FP": 0.0,
        "FN": 0.0,
        "spesificity": 1.0,
        "fp_rate": 0.0,
        "fn_rate": 0.0,
        "g_mean": 1.0,
        "precision": 1.0,
        "recall": 1.0,
        "f1": 1.0,
        "f1_abs": 0.29885057471264365,
        "accuracy": 1.0,
        "support": 13
    },
    "f1_f1": 0.29885057471264365
}