{
    "boundary": {
        "precision": 0.75,
        "recall": 0.35,
        "num_correct": 21,
        "num_predicted": 28,
        "num_true": 60,
        "FP": 7,
        "FN": 39,
        "f1": 0.4772727272727271
    },
    "boundary_strict": {
        "precision": 0.6785714285714286,
        "recall": 0.31666666666666665,
        "num_correct": 19,
        "num_predicted": 28,
        "num_true": 60,
        "FP": 9,
        "FN": 41,
        "f1": 0.4318181818181818
    },
    "classification": {
        "TP": 10,
        "TN": 9,
        "FP": 2,
        "FN": 0,
        "spesificity": 0.8181818181818182,
        "fp_rate": 0.18181818181818177,
        "fn_rate": 0.0,
        "g_mean": 0.9045340337332909,
        "precision": 0.8333333333333334,
        "recall": 1.0,
        "f1": 0.9090909090909091,
        "f1_abs": 0.433884297520661,
        "accuracy": 0.9047619047619048,
        "support": 21
    },
    "f1_f1": 0.45454545454545436
}