{
    "boundary": {
        "precision": 0.9464285714285714,
        "recall": 0.8833333333333333,
        "num_correct": 53,
        "num_predicted": 56,
        "num_true": 60,
        "FP": 3,
        "FN": 7,
        "f1": 0.9137931034482758
    },
    "boundary_strict": {
        "precision": 0.9285714285714286,
        "recall": 0.8666666666666667,
        "num_correct": 52,
        "num_predicted": 56,
        "num_true": 60,
        "FP": 4,
        "FN": 8,
        "f1": 0.896551724137931
    },
    "classification": {
        "TP": 30,
        "TN": 22,
        "FP": 1,
        "FN": 0,
        "spesificity": 0.9565217391304348,
        "fp_rate": 0.04347826086956519,
        "fn_rate": 0.0,
        "g_mean": 0.9780192938436515,
        "precision": 0.967741935483871,
        "recall": 1.0,
        "f1": 0.9836065573770492,
        "f1_abs": 0.8988128886376483,
        "accuracy": 0.9811320754716981,
        "support": 53
    },
    "f1_f1": 0.9062410943288686
}