{
    "boundary": {
        "precision": 0.9841269841269841,
        "recall": 0.9841269841269841,
        "num_correct": 62,
        "num_predicted": 63,
        "num_true": 63,
        "FP": 1,
        "FN": 1,
        "f1": 0.9841269841269841
    },
    "classification": {
        "TP": 29.0,
        "TN": 26.0,
        "FP": 3.0,
        "FN": 4.0,
        "spesificity": 0.896551724137931,
        "fp_rate": 0.10344827586206895,
        "fn_rate": 0.12121212121212122,
        "g_mean": 0.8876253645985945,
        "precision": 0.90625,
        "recall": 0.8787878787878788,
        "f1": 0.8923076923076922,
        "f1_abs": 0.878144078144078,
        "accuracy": 0.8870967741935484,
        "support": 62
    },
    "f1_f1": 0.92811975738805
}