{
    "boundary": {
        "precision": 0.9230769230769231,
        "recall": 0.782608695652174,
        "num_correct": 36,
        "num_predicted": 39,
        "num_true": 46,
        "FP": 3,
        "FN": 10,
        "f1": 0.8470588235294118
    },
    "boundary_strict": {
        "precision": 0.8461538461538461,
        "recall": 0.717391304347826,
        "num_correct": 33,
        "num_predicted": 39,
        "num_true": 46,
        "FP": 6,
        "FN": 13,
        "f1": 0.776470588235294
    },
    "classification": {
        "TP": 29,
        "TN": 4,
        "FP": 3,
        "FN": 0,
        "spesificity": 0.5714285714285714,
        "fp_rate": 0.4285714285714286,
        "fn_rate": 0.0,
        "g_mean": 0.7559289460184544,
        "precision": 0.90625,
        "recall": 1.0,
        "f1": 0.9508196721311475,
        "f1_abs": 0.8054001928640308,
        "accuracy": 0.9166666666666666,
        "support": 36
    },
    "f1_f1": 0.8257043994068215
}