{
    "boundary": {
        "precision": 0.9888888888888889,
        "recall": 0.9468085106382979,
        "num_correct": 89,
        "num_predicted": 90,
        "num_true": 94,
        "FP": 1,
        "FN": 5,
        "f1": 0.9673913043478262
    },
    "boundary_strict": {
        "precision": 0.9666666666666667,
        "recall": 0.925531914893617,
        "num_correct": 87,
        "num_predicted": 90,
        "num_true": 94,
        "FP": 3,
        "FN": 7,
        "f1": 0.9456521739130436
    },
    "classification": {
        "TP": 47,
        "TN": 40,
        "FP": 2,
        "FN": 0,
        "spesificity": 0.9523809523809523,
        "fp_rate": 0.04761904761904767,
        "fn_rate": 0.0,
        "g_mean": 0.9759000729485332,
        "precision": 0.9591836734693877,
        "recall": 1.0,
        "f1": 0.9791666666666666,
        "f1_abs": 0.9472373188405797,
        "accuracy": 0.9775280898876404,
        "support": 89
    },
    "f1_f1": 0.9572082379862702
}