{
    "boundary": {
        "precision": 1.0,
        "recall": 0.8260869565217391,
        "num_correct": 38,
        "num_predicted": 38,
        "num_true": 46,
        "FP": 0,
        "FN": 8,
        "f1": 0.9047619047619047
    },
    "boundary_strict": {
        "precision": 0.9736842105263158,
        "recall": 0.8043478260869565,
        "num_correct": 37,
        "num_predicted": 38,
        "num_true": 46,
        "FP": 1,
        "FN": 9,
        "f1": 0.8809523809523809
    },
    "classification": {
        "TP": 31,
        "TN": 6,
        "FP": 1,
        "FN": 0,
        "spesificity": 0.8571428571428571,
        "fp_rate": 0.1428571428571429,
        "fn_rate": 0.0,
        "g_mean": 0.9258200997725514,
        "precision": 0.96875,
        "recall": 1.0,
        "f1": 0.9841269841269841,
        "f1_abs": 0.8904006046863188,
        "accuracy": 0.9736842105263158,
        "support": 38
    },
    "f1_f1": 0.8975238095238093
}