{
    "boundary": {
        "precision": 0.9787234042553191,
        "recall": 0.9787234042553191,
        "num_correct": 92,
        "num_predicted": 94,
        "num_true": 94,
        "FP": 2,
        "FN": 2,
        "f1": 0.9787234042553191
    },
    "boundary_strict": {
        "precision": 0.9361702127659575,
        "recall": 0.9361702127659575,
        "num_correct": 88,
        "num_predicted": 94,
        "num_true": 94,
        "FP": 6,
        "FN": 6,
        "f1": 0.9361702127659575
    },
    "classification": {
        "TP": 47,
        "TN": 41,
        "FP": 4,
        "FN": 0,
        "spesificity": 0.9111111111111111,
        "fp_rate": 0.0888888888888889,
        "fn_rate": 0.0,
        "g_mean": 0.9545214042184236,
        "precision": 0.9215686274509803,
        "recall": 1.0,
        "f1": 0.9591836734693877,
        "f1_abs": 0.9387755102040816,
        "accuracy": 0.9565217391304348,
        "support": 92
    },
    "f1_f1": 0.9583333333333331
}