{
    "boundary": {
        "precision": 0.925,
        "recall": 0.8043478260869565,
        "num_correct": 37,
        "num_predicted": 40,
        "num_true": 46,
        "FP": 3,
        "FN": 9,
        "f1": 0.8604651162790697
    },
    "boundary_strict": {
        "precision": 0.85,
        "recall": 0.7391304347826086,
        "num_correct": 34,
        "num_predicted": 40,
        "num_true": 46,
        "FP": 6,
        "FN": 12,
        "f1": 0.7906976744186046
    },
    "classification": {
        "TP": 28,
        "TN": 6,
        "FP": 2,
        "FN": 1,
        "spesificity": 0.75,
        "fp_rate": 0.25,
        "fn_rate": 0.03448275862068961,
        "g_mean": 0.8509629433967631,
        "precision": 0.9333333333333333,
        "recall": 0.9655172413793104,
        "f1": 0.9491525423728814,
        "f1_abs": 0.816712652739456,
        "accuracy": 0.918918918918919,
        "support": 37
    },
    "f1_f1": 0.8380182002022245
}