{
    "boundary": {
        "precision": 0.9574468085106383,
        "recall": 0.9782608695652174,
        "num_correct": 45,
        "num_predicted": 47,
        "num_true": 46,
        "FP": 2,
        "FN": 1,
        "f1": 0.967741935483871
    },
    "classification": {
        "TP": 39.0,
        "TN": 2.0,
        "FP": 1.0,
        "FN": 3.0,
        "spesificity": 0.6666666666666666,
        "fp_rate": 0.33333333333333337,
        "fn_rate": 0.0714285714285714,
        "g_mean": 0.7867957924694432,
        "precision": 0.975,
        "recall": 0.9285714285714286,
        "f1": 0.951219512195122,
        "f1_abs": 0.920535011801731,
        "accuracy": 0.9111111111111111,
        "support": 45
    },
    "f1_f1": 0.9435483870967742
}