{
    "boundary": {
        "precision": 0.6666666666666666,
        "recall": 0.36363636363636365,
        "num_correct": 12,
        "num_predicted": 18,
        "num_true": 33,
        "FP": 6,
        "FN": 21,
        "f1": 0.4705882352941177
    },
    "boundary_strict": {
        "precision": 0.6111111111111112,
        "recall": 0.3333333333333333,
        "num_correct": 11,
        "num_predicted": 18,
        "num_true": 33,
        "FP": 7,
        "FN": 22,
        "f1": 0.43137254901960786
    },
    "classification": {
        "TP": 8,
        "TN": 3,
        "FP": 0,
        "FN": 1,
        "spesificity": 1.0,
        "fp_rate": 0.0,
        "fn_rate": 0.11111111111111116,
        "g_mean": 0.9428090415820634,
        "precision": 1.0,
        "recall": 0.8888888888888888,
        "f1": 0.9411764705882353,
        "f1_abs": 0.4429065743944637,
        "accuracy": 0.9166666666666666,
        "support": 12
    },
    "f1_f1": 0.45632798573975053
}