{
    "boundary": {
        "precision": 0.6,
        "recall": 0.06521739130434782,
        "num_correct": 3,
        "num_predicted": 5,
        "num_true": 46,
        "FP": 2,
        "FN": 43,
        "f1": 0.11764705882352941
    },
    "classification": {
        "TP": 3.0,
        "TN": 0.0,
        "FP": 0.0,
        "FN": 0.0,
        "spesificity": NaN,
        "fp_rate": NaN,
        "fn_rate": 0.0,
        "g_mean": NaN,
        "precision": 1.0,
        "recall": 1.0,
        "f1": 1.0,
        "f1_abs": 0.11764705882352941,
        "accuracy": 1.0,
        "support": 3
    },
    "f1_f1": 0.11764705882352941
}