{
    "boundary": {
        "precision": 0.9891304347826086,
        "recall": 0.9680851063829787,
        "num_correct": 91,
        "num_predicted": 92,
        "num_true": 94,
        "FP": 1,
        "FN": 3,
        "f1": 0.9784946236559139
    },
    "boundary_strict": {
        "precision": 0.9130434782608695,
        "recall": 0.8936170212765957,
        "num_correct": 84,
        "num_predicted": 92,
        "num_true": 94,
        "FP": 8,
        "FN": 10,
        "f1": 0.9032258064516129
    },
    "classification": {
        "TP": 46,
        "TN": 38,
        "FP": 6,
        "FN": 1,
        "spesificity": 0.8636363636363636,
        "fp_rate": 0.13636363636363635,
        "fn_rate": 0.021276595744680882,
        "g_mean": 0.919380836137488,
        "precision": 0.8846153846153846,
        "recall": 0.9787234042553191,
        "f1": 0.9292929292929293,
        "f1_abs": 0.9093081351145866,
        "accuracy": 0.9230769230769231,
        "support": 91
    },
    "f1_f1": 0.9426335641501998
}