{
    "boundary": {
        "precision": 0.9834437086092715,
        "recall": 0.922360248447205,
        "num_correct": 297,
        "num_predicted": 302,
        "num_true": 322,
        "FP": 5,
        "FN": 25,
        "f1": 0.951923076923077
    },
    "boundary_strict": {
        "precision": 0.9238410596026491,
        "recall": 0.8664596273291926,
        "num_correct": 279,
        "num_predicted": 302,
        "num_true": 322,
        "FP": 23,
        "FN": 43,
        "f1": 0.8942307692307694
    },
    "classification": {
        "TP": 184,
        "TN": 95,
        "FP": 8,
        "FN": 10,
        "spesificity": 0.9223300970873787,
        "fp_rate": 0.07766990291262132,
        "fn_rate": 0.05154639175257736,
        "g_mean": 0.9353006514365955,
        "precision": 0.9583333333333334,
        "recall": 0.9484536082474226,
        "f1": 0.9533678756476683,
        "f1_abs": 0.9075328816261459,
        "accuracy": 0.9393939393939394,
        "support": 297
    },
    "f1_f1": 0.9291981228320751
}