{
    "boundary": {
        "precision": 0.9904761904761905,
        "recall": 0.968944099378882,
        "num_correct": 312,
        "num_predicted": 315,
        "num_true": 322,
        "FP": 3,
        "FN": 10,
        "f1": 0.979591836734694
    },
    "boundary_strict": {
        "precision": 0.9301587301587302,
        "recall": 0.9099378881987578,
        "num_correct": 293,
        "num_predicted": 315,
        "num_true": 322,
        "FP": 22,
        "FN": 29,
        "f1": 0.9199372056514914
    },
    "classification": {
        "TP": 196,
        "TN": 97,
        "FP": 12,
        "FN": 7,
        "spesificity": 0.8899082568807339,
        "fp_rate": 0.11009174311926606,
        "fn_rate": 0.03448275862068961,
        "g_mean": 0.9269421585321044,
        "precision": 0.9423076923076923,
        "recall": 0.9655172413793104,
        "f1": 0.9537712895377128,
        "f1_abs": 0.9343065693430658,
        "accuracy": 0.9391025641025641,
        "support": 312
    },
    "f1_f1": 0.9564134495641345
}