{
    "boundary": {
        "precision": 0.9767441860465116,
        "recall": 0.9130434782608695,
        "num_correct": 42,
        "num_predicted": 43,
        "num_true": 46,
        "FP": 1,
        "FN": 4,
        "f1": 0.9438202247191011
    },
    "boundary_strict": {
        "precision": 0.9767441860465116,
        "recall": 0.9130434782608695,
        "num_correct": 42,
        "num_predicted": 43,
        "num_true": 46,
        "FP": 1,
        "FN": 4,
        "f1": 0.9438202247191011
    },
    "classification": {
        "TP": 40,
        "TN": 2,
        "FP": 0,
        "FN": 0,
        "spesificity": 1.0,
        "fp_rate": 0.0,
        "fn_rate": 0.0,
        "g_mean": 1.0,
        "precision": 1.0,
        "recall": 1.0,
        "f1": 1.0,
        "f1_abs": 0.9438202247191011,
        "accuracy": 1.0,
        "support": 42
    },
    "f1_f1": 0.9438202247191011
}