{
    "boundary": {
        "precision": 0.8484848484848485,
        "recall": 0.8484848484848485,
        "num_correct": 28,
        "num_predicted": 33,
        "num_true": 33,
        "FP": 5,
        "FN": 5,
        "f1": 0.8484848484848486
    },
    "boundary_strict": {
        "precision": 0.8181818181818182,
        "recall": 0.8181818181818182,
        "num_correct": 27,
        "num_predicted": 33,
        "num_true": 33,
        "FP": 6,
        "FN": 6,
        "f1": 0.8181818181818182
    },
    "classification": {
        "TP": 12,
        "TN": 15,
        "FP": 0,
        "FN": 1,
        "spesificity": 1.0,
        "fp_rate": 0.0,
        "fn_rate": 0.07692307692307687,
        "g_mean": 0.9607689228305228,
        "precision": 1.0,
        "recall": 0.9230769230769231,
        "f1": 0.96,
        "f1_abs": 0.8145454545454547,
        "accuracy": 0.9642857142857143,
        "support": 28
    },
    "f1_f1": 0.8311688311688312
}