{
    "boundary": {
        "precision": 1.0,
        "recall": 0.9148936170212766,
        "num_correct": 86,
        "num_predicted": 86,
        "num_true": 94,
        "FP": 0,
        "FN": 8,
        "f1": 0.9555555555555556
    },
    "boundary_strict": {
        "precision": 0.9534883720930233,
        "recall": 0.8723404255319149,
        "num_correct": 82,
        "num_predicted": 86,
        "num_true": 94,
        "FP": 4,
        "FN": 12,
        "f1": 0.9111111111111112
    },
    "classification": {
        "TP": 41,
        "TN": 41,
        "FP": 3,
        "FN": 1,
        "spesificity": 0.9318181818181818,
        "fp_rate": 0.06818181818181823,
        "fn_rate": 0.023809523809523836,
        "g_mean": 0.9537463156584326,
        "precision": 0.9318181818181818,
        "recall": 0.9761904761904762,
        "f1": 0.9534883720930233,
        "f1_abs": 0.9111111111111112,
        "accuracy": 0.9534883720930233,
        "support": 86
    },
    "f1_f1": 0.932804232804233
}