{
    "boundary": {
        "precision": 0.7297297297297297,
        "recall": 0.54,
        "num_correct": 54,
        "num_predicted": 74,
        "num_true": 100,
        "FP": 20,
        "FN": 46,
        "f1": 0.6206896551724138
    },
    "classification": {
        "TP": 25.0,
        "TN": 27.0,
        "FP": 2.0,
        "FN": 0.0,
        "spesificity": 0.9310344827586207,
        "fp_rate": 0.06896551724137934,
        "fn_rate": 0.0,
        "g_mean": 0.9649012813540153,
        "precision": 0.9259259259259259,
        "recall": 1.0,
        "f1": 0.9615384615384615,
        "f1_abs": 0.5968169761273209,
        "accuracy": 0.9629629629629629,
        "support": 54
    },
    "f1_f1": 0.6085192697768763
}