{
    "boundary": {
        "precision": 0.9636963696369637,
        "recall": 0.906832298136646,
        "num_correct": 292,
        "num_predicted": 303,
        "num_true": 322,
        "FP": 11,
        "FN": 30,
        "f1": 0.9344
    },
    "boundary_strict": {
        "precision": 0.9438943894389439,
        "recall": 0.8881987577639752,
        "num_correct": 286,
        "num_predicted": 303,
        "num_true": 322,
        "FP": 17,
        "FN": 36,
        "f1": 0.9152
    },
    "classification": {
        "TP": 188,
        "TN": 98,
        "FP": 5,
        "FN": 1,
        "spesificity": 0.9514563106796117,
        "fp_rate": 0.04854368932038833,
        "fn_rate": 0.005291005291005346,
        "g_mean": 0.9728423049526812,
        "precision": 0.9740932642487047,
        "recall": 0.9947089947089947,
        "f1": 0.9842931937172775,
        "f1_abs": 0.9197235602094241,
        "accuracy": 0.9794520547945206,
        "support": 292
    },
    "f1_f1": 0.9270036939313985
}