{
    "boundary": {
        "precision": 0.8333333333333334,
        "recall": 0.425531914893617,
        "num_correct": 40,
        "num_predicted": 48,
        "num_true": 94,
        "FP": 8,
        "FN": 54,
        "f1": 0.5633802816901409
    },
    "boundary_strict": {
        "precision": 0.7708333333333334,
        "recall": 0.39361702127659576,
        "num_correct": 37,
        "num_predicted": 48,
        "num_true": 94,
        "FP": 11,
        "FN": 57,
        "f1": 0.5211267605633803
    },
    "classification": {
        "TP": 20,
        "TN": 17,
        "FP": 3,
        "FN": 0,
        "spesificity": 0.85,
        "fp_rate": 0.15000000000000002,
        "fn_rate": 0.0,
        "g_mean": 0.9219544457292888,
        "precision": 0.8695652173913043,
        "recall": 1.0,
        "f1": 0.9302325581395349,
        "f1_abs": 0.5240746806419915,
        "accuracy": 0.925,
        "support": 40
    },
    "f1_f1": 0.543017138978449
}