{
    "boundary": {
        "precision": 0.9835526315789473,
        "recall": 0.9285714285714286,
        "num_correct": 299,
        "num_predicted": 304,
        "num_true": 322,
        "FP": 5,
        "FN": 23,
        "f1": 0.9552715654952076
    },
    "boundary_strict": {
        "precision": 0.9605263157894737,
        "recall": 0.906832298136646,
        "num_correct": 292,
        "num_predicted": 304,
        "num_true": 322,
        "FP": 12,
        "FN": 30,
        "f1": 0.9329073482428115
    },
    "classification": {
        "TP": 193,
        "TN": 99,
        "FP": 6,
        "FN": 1,
        "spesificity": 0.9428571428571428,
        "fp_rate": 0.05714285714285716,
        "fn_rate": 0.005154639175257714,
        "g_mean": 0.9685024803746761,
        "precision": 0.9698492462311558,
        "recall": 0.9948453608247423,
        "f1": 0.9821882951653944,
        "f1_abs": 0.9382565503337154,
        "accuracy": 0.9765886287625418,
        "support": 299
    },
    "f1_f1": 0.9466876104779208
}