{
    "boundary": {
        "precision": 0.96875,
        "recall": 0.9393939393939394,
        "num_correct": 31,
        "num_predicted": 32,
        "num_true": 33,
        "FP": 1,
        "FN": 2,
        "f1": 0.9538461538461539
    },
    "boundary_strict": {
        "precision": 0.9375,
        "recall": 0.9090909090909091,
        "num_correct": 30,
        "num_predicted": 32,
        "num_true": 33,
        "FP": 2,
        "FN": 3,
        "f1": 0.923076923076923
    },
    "classification": {
        "TP": 12,
        "TN": 18,
        "FP": 0,
        "FN": 1,
        "spesificity": 1.0,
        "fp_rate": 0.0,
        "fn_rate": 0.07692307692307687,
        "g_mean": 0.9607689228305228,
        "precision": 1.0,
        "recall": 0.9230769230769231,
        "f1": 0.9600000000000001,
        "f1_abs": 0.9156923076923078,
        "accuracy": 0.967741935483871,
        "support": 31
    },
    "f1_f1": 0.9343799058084773
}