{
    "boundary": {
        "precision": 0.391304347826087,
        "recall": 0.1956521739130435,
        "num_correct": 9,
        "num_predicted": 23,
        "num_true": 46,
        "FP": 14,
        "FN": 37,
        "f1": 0.2608695652173913
    },
    "boundary_strict": {
        "precision": 0.34782608695652173,
        "recall": 0.17391304347826086,
        "num_correct": 8,
        "num_predicted": 23,
        "num_true": 46,
        "FP": 15,
        "FN": 38,
        "f1": 0.23188405797101447
    },
    "classification": {
        "TP": 4,
        "TN": 4,
        "FP": 1,
        "FN": 0,
        "spesificity": 0.8,
        "fp_rate": 0.19999999999999996,
        "fn_rate": 0.0,
        "g_mean": 0.8944271909999159,
        "precision": 0.8,
        "recall": 1.0,
        "f1": 0.8888888888888888,
        "f1_abs": 0.23188405797101447,
        "accuracy": 0.8888888888888888,
        "support": 9
    },
    "f1_f1": 0.24552429667519182
}