{
    "boundary": {
        "precision": 0.7608695652173914,
        "recall": 0.35,
        "num_correct": 35,
        "num_predicted": 46,
        "num_true": 100,
        "FP": 11,
        "FN": 65,
        "f1": 0.47945205479452063
    },
    "boundary_strict": {
        "precision": 0.7608695652173914,
        "recall": 0.35,
        "num_correct": 35,
        "num_predicted": 46,
        "num_true": 100,
        "FP": 11,
        "FN": 65,
        "f1": 0.47945205479452063
    },
    "classification": {
        "TP": 20,
        "TN": 15,
        "FP": 0,
        "FN": 0,
        "spesificity": 1.0,
        "fp_rate": 0.0,
        "fn_rate": 0.0,
        "g_mean": 1.0,
        "precision": 1.0,
        "recall": 1.0,
        "f1": 1.0,
        "f1_abs": 0.47945205479452063,
        "accuracy": 1.0,
        "support": 35
    },
    "f1_f1": 0.47945205479452063
}