{
    "boundary": {
        "precision": 1.0,
        "recall": 0.9893617021276596,
        "num_correct": 93,
        "num_predicted": 93,
        "num_true": 94,
        "FP": 0,
        "FN": 1,
        "f1": 0.9946524064171123
    },
    "boundary_strict": {
        "precision": 0.956989247311828,
        "recall": 0.9468085106382979,
        "num_correct": 89,
        "num_predicted": 93,
        "num_true": 94,
        "FP": 4,
        "FN": 5,
        "f1": 0.9518716577540107
    },
    "classification": {
        "TP": 47,
        "TN": 42,
        "FP": 4,
        "FN": 0,
        "spesificity": 0.9130434782608695,
        "fp_rate": 0.08695652173913049,
        "fn_rate": 0.0,
        "g_mean": 0.9555330859059091,
        "precision": 0.9215686274509803,
        "recall": 1.0,
        "f1": 0.9591836734693877,
        "f1_abs": 0.9540543490123321,
        "accuracy": 0.956989247311828,
        "support": 93
    },
    "f1_f1": 0.9739304812834223
}