{
    "boundary": {
        "precision": 0.95,
        "recall": 0.8260869565217391,
        "num_correct": 38,
        "num_predicted": 40,
        "num_true": 46,
        "FP": 2,
        "FN": 8,
        "f1": 0.8837209302325583
    },
    "boundary_strict": {
        "precision": 0.825,
        "recall": 0.717391304347826,
        "num_correct": 33,
        "num_predicted": 40,
        "num_true": 46,
        "FP": 7,
        "FN": 13,
        "f1": 0.7674418604651162
    },
    "classification": {
        "TP": 28,
        "TN": 5,
        "FP": 3,
        "FN": 2,
        "spesificity": 0.625,
        "fp_rate": 0.375,
        "fn_rate": 0.06666666666666665,
        "g_mean": 0.7637626158259734,
        "precision": 0.9032258064516129,
        "recall": 0.9333333333333333,
        "f1": 0.9180327868852459,
        "f1_abs": 0.8112847884102175,
        "accuracy": 0.868421052631579,
        "support": 38
    },
    "f1_f1": 0.8459550785132183
}