{
    "boundary": {
        "precision": 0.5185185185185185,
        "recall": 0.23333333333333334,
        "num_correct": 14,
        "num_predicted": 27,
        "num_true": 60,
        "FP": 13,
        "FN": 46,
        "f1": 0.32183908045977017
    },
    "boundary_strict": {
        "precision": 0.48148148148148145,
        "recall": 0.21666666666666667,
        "num_correct": 13,
        "num_predicted": 27,
        "num_true": 60,
        "FP": 14,
        "FN": 47,
        "f1": 0.29885057471264365
    },
    "classification": {
        "TP": 8,
        "TN": 5,
        "FP": 1,
        "FN": 0,
        "spesificity": 0.8333333333333334,
        "fp_rate": 0.16666666666666663,
        "fn_rate": 0.0,
        "g_mean": 0.9128709291752769,
        "precision": 0.8888888888888888,
        "recall": 1.0,
        "f1": 0.9411764705882353,
        "f1_abs": 0.30290736984448957,
        "accuracy": 0.9285714285714286,
        "support": 14
    },
    "f1_f1": 0.31208638105189834
}