{
    "boundary": {
        "precision": 0.7441860465116279,
        "recall": 0.6956521739130435,
        "num_correct": 32,
        "num_predicted": 43,
        "num_true": 46,
        "FP": 11,
        "FN": 14,
        "f1": 0.7191011235955057
    },
    "boundary_strict": {
        "precision": 0.6511627906976745,
        "recall": 0.6086956521739131,
        "num_correct": 28,
        "num_predicted": 43,
        "num_true": 46,
        "FP": 15,
        "FN": 18,
        "f1": 0.6292134831460675
    },
    "classification": {
        "TP": 23,
        "TN": 5,
        "FP": 3,
        "FN": 1,
        "spesificity": 0.625,
        "fp_rate": 0.375,
        "fn_rate": 0.04166666666666663,
        "g_mean": 0.773923984208613,
        "precision": 0.8846153846153846,
        "recall": 0.9583333333333334,
        "f1": 0.92,
        "f1_abs": 0.6615730337078652,
        "accuracy": 0.875,
        "support": 32
    },
    "f1_f1": 0.6891385767790263
}