{
    "boundary": {
        "precision": 0.9772727272727273,
        "recall": 0.9148936170212766,
        "num_correct": 86,
        "num_predicted": 88,
        "num_true": 94,
        "FP": 2,
        "FN": 8,
        "f1": 0.945054945054945
    },
    "boundary_strict": {
        "precision": 0.9659090909090909,
        "recall": 0.9042553191489362,
        "num_correct": 85,
        "num_predicted": 88,
        "num_true": 94,
        "FP": 3,
        "FN": 9,
        "f1": 0.9340659340659342
    },
    "classification": {
        "TP": 45,
        "TN": 40,
        "FP": 1,
        "FN": 0,
        "spesificity": 0.975609756097561,
        "fp_rate": 0.024390243902439046,
        "fn_rate": 0.0,
        "g_mean": 0.9877295966495896,
        "precision": 0.9782608695652174,
        "recall": 1.0,
        "f1": 0.989010989010989,
        "f1_abs": 0.934669725878517,
        "accuracy": 0.9883720930232558,
        "support": 86
    },
    "f1_f1": 0.9398336470159674
}