{
    "boundary": {
        "precision": 0.8205128205128205,
        "recall": 0.6956521739130435,
        "num_correct": 32,
        "num_predicted": 39,
        "num_true": 46,
        "FP": 7,
        "FN": 14,
        "f1": 0.7529411764705882
    },
    "boundary_strict": {
        "precision": 0.6923076923076923,
        "recall": 0.5869565217391305,
        "num_correct": 27,
        "num_predicted": 39,
        "num_true": 46,
        "FP": 12,
        "FN": 19,
        "f1": 0.6352941176470588
    },
    "classification": {
        "TP": 24,
        "TN": 3,
        "FP": 5,
        "FN": 0,
        "spesificity": 0.375,
        "fp_rate": 0.625,
        "fn_rate": 0.0,
        "g_mean": 0.6123724356957945,
        "precision": 0.8275862068965517,
        "recall": 1.0,
        "f1": 0.9056603773584906,
        "f1_abs": 0.6819089900110988,
        "accuracy": 0.84375,
        "support": 32
    },
    "f1_f1": 0.7156668608037274
}