{
    "boundary": {
        "precision": 0.9574468085106383,
        "recall": 0.9782608695652174,
        "num_correct": 45,
        "num_predicted": 47,
        "num_true": 46,
        "FP": 2,
        "FN": 1,
        "f1": 0.967741935483871
    },
    "boundary_strict": {
        "precision": 0.7659574468085106,
        "recall": 0.782608695652174,
        "num_correct": 36,
        "num_predicted": 47,
        "num_true": 46,
        "FP": 11,
        "FN": 10,
        "f1": 0.7741935483870968
    },
    "classification": {
        "TP": 33,
        "TN": 3,
        "FP": 7,
        "FN": 2,
        "spesificity": 0.3,
        "fp_rate": 0.7,
        "fn_rate": 0.05714285714285716,
        "g_mean": 0.531843156256751,
        "precision": 0.825,
        "recall": 0.9428571428571428,
        "f1": 0.88,
        "f1_abs": 0.8516129032258065,
        "accuracy": 0.8,
        "support": 45
    },
    "f1_f1": 0.905971173644475
}