{
    "boundary": {
        "precision": 0.9897959183673469,
        "recall": 0.97,
        "num_correct": 97,
        "num_predicted": 98,
        "num_true": 100,
        "FP": 1,
        "FN": 3,
        "f1": 0.9797979797979798
    },
    "classification": {
        "TP": 44.0,
        "TN": 44.0,
        "FP": 7.0,
        "FN": 2.0,
        "spesificity": 0.8627450980392157,
        "fp_rate": 0.13725490196078427,
        "fn_rate": 0.04347826086956519,
        "g_mean": 0.9084241529168674,
        "precision": 0.8627450980392157,
        "recall": 0.9565217391304348,
        "f1": 0.9072164948453608,
        "f1_abs": 0.8888888888888888,
        "accuracy": 0.9072164948453608,
        "support": 97
    },
    "f1_f1": 0.9321321321321321
}