{
    "boundary": {
        "precision": 0.9838187702265372,
        "recall": 0.9440993788819876,
        "num_correct": 304,
        "num_predicted": 309,
        "num_true": 322,
        "FP": 5,
        "FN": 18,
        "f1": 0.9635499207606973
    },
    "boundary_strict": {
        "precision": 0.9514563106796117,
        "recall": 0.9130434782608695,
        "num_correct": 294,
        "num_predicted": 309,
        "num_true": 322,
        "FP": 15,
        "FN": 28,
        "f1": 0.9318541996830427
    },
    "classification": {
        "TP": 195,
        "TN": 99,
        "FP": 5,
        "FN": 5,
        "spesificity": 0.9519230769230769,
        "fp_rate": 0.04807692307692313,
        "fn_rate": 0.025000000000000022,
        "g_mean": 0.9633924433998846,
        "precision": 0.975,
        "recall": 0.975,
        "f1": 0.975,
        "f1_abs": 0.9394611727416798,
        "accuracy": 0.9671052631578947,
        "support": 304
    },
    "f1_f1": 0.9513530863206884
}