{
    "boundary": {
        "precision": 0.4666666666666667,
        "recall": 0.30434782608695654,
        "num_correct": 14,
        "num_predicted": 30,
        "num_true": 46,
        "FP": 16,
        "FN": 32,
        "f1": 0.3684210526315789
    },
    "classification": {
        "TP": 14.0,
        "TN": 0.0,
        "FP": 0.0,
        "FN": 0.0,
        "spesificity": NaN,
        "fp_rate": NaN,
        "fn_rate": 0.0,
        "g_mean": NaN,
        "precision": 1.0,
        "recall": 1.0,
        "f1": 1.0,
        "f1_abs": 0.3684210526315789,
        "accuracy": 1.0,
        "support": 14
    },
    "f1_f1": 0.3684210526315789
}