{
    "boundary": {
        "precision": 0.08333333333333333,
        "recall": 0.043478260869565216,
        "num_correct": 2,
        "num_predicted": 24,
        "num_true": 46,
        "FP": 22,
        "FN": 44,
        "f1": 0.057142857142857134
    },
    "boundary_strict": {
        "precision": 0.08333333333333333,
        "recall": 0.043478260869565216,
        "num_correct": 2,
        "num_predicted": 24,
        "num_true": 46,
        "FP": 22,
        "FN": 44,
        "f1": 0.057142857142857134
    },
    "classification": {
        "TP": 0,
        "TN": 2,
        "FP": 0,
        "FN": 0,
        "spesificity": 1.0,
        "fp_rate": 0.0,
        "fn_rate": 1.0,
        "g_mean": 0.0,
        "precision": 0.0,
        "recall": 0.0,
        "f1": 0.0,
        "f1_abs": 0.0,
        "accuracy": 1.0,
        "support": 2
    },
    "f1_f1": 0.0
}