{
    "boundary": {
        "precision": 0.959866220735786,
        "recall": 0.9228295819935691,
        "num_correct": 287,
        "num_predicted": 299,
        "num_true": 311,
        "FP": 12,
        "FN": 24,
        "f1": 0.9409836065573771
    },
    "classification": {
        "TP": 189.0,
        "TN": 83.0,
        "FP": 12.0,
        "FN": 3.0,
        "spesificity": 0.8736842105263158,
        "fp_rate": 0.12631578947368416,
        "fn_rate": 0.015625,
        "g_mean": 0.9273795850334653,
        "precision": 0.9402985074626866,
        "recall": 0.984375,
        "f1": 0.9618320610687023,
        "f1_abs": 0.9050682017269429,
        "accuracy": 0.9477351916376306,
        "support": 287
    },
    "f1_f1": 0.9226765324998406
}