{
    "boundary": {
        "precision": 0.9661016949152542,
        "recall": 0.95,
        "num_correct": 57,
        "num_predicted": 59,
        "num_true": 60,
        "FP": 2,
        "FN": 3,
        "f1": 0.957983193277311
    },
    "boundary_strict": {
        "precision": 0.9152542372881356,
        "recall": 0.9,
        "num_correct": 54,
        "num_predicted": 59,
        "num_true": 60,
        "FP": 5,
        "FN": 6,
        "f1": 0.9075630252100839
    },
    "classification": {
        "TP": 29,
        "TN": 25,
        "FP": 1,
        "FN": 2,
        "spesificity": 0.9615384615384616,
        "fp_rate": 0.038461538461538436,
        "fn_rate": 0.06451612903225812,
        "g_mean": 0.9484217005553844,
        "precision": 0.9666666666666667,
        "recall": 0.9354838709677419,
        "f1": 0.9508196721311476,
        "f1_abs": 0.9108692657390826,
        "accuracy": 0.9473684210526315,
        "support": 57
    },
    "f1_f1": 0.9338323564720007
}