{
    "boundary": {
        "precision": 0.7636363636363637,
        "recall": 0.44680851063829785,
        "num_correct": 42,
        "num_predicted": 55,
        "num_true": 94,
        "FP": 13,
        "FN": 52,
        "f1": 0.563758389261745
    },
    "boundary_strict": {
        "precision": 0.7272727272727273,
        "recall": 0.425531914893617,
        "num_correct": 40,
        "num_predicted": 55,
        "num_true": 94,
        "FP": 15,
        "FN": 54,
        "f1": 0.5369127516778524
    },
    "classification": {
        "TP": 17,
        "TN": 23,
        "FP": 2,
        "FN": 0,
        "spesificity": 0.92,
        "fp_rate": 0.07999999999999996,
        "fn_rate": 0.0,
        "g_mean": 0.9591663046625439,
        "precision": 0.8947368421052632,
        "recall": 1.0,
        "f1": 0.9444444444444444,
        "f1_abs": 0.5324384787472036,
        "accuracy": 0.9523809523809523,
        "support": 42
    },
    "f1_f1": 0.5476510067114094
}