{
    "boundary": {
        "precision": 0.8421052631578947,
        "recall": 0.6956521739130435,
        "num_correct": 32,
        "num_predicted": 38,
        "num_true": 46,
        "FP": 6,
        "FN": 14,
        "f1": 0.761904761904762
    },
    "boundary_strict": {
        "precision": 0.8421052631578947,
        "recall": 0.6956521739130435,
        "num_correct": 32,
        "num_predicted": 38,
        "num_true": 46,
        "FP": 6,
        "FN": 14,
        "f1": 0.761904761904762
    },
    "classification": {
        "TP": 30,
        "TN": 2,
        "FP": 0,
        "FN": 0,
        "spesificity": 1.0,
        "fp_rate": 0.0,
        "fn_rate": 0.0,
        "g_mean": 1.0,
        "precision": 1.0,
        "recall": 1.0,
        "f1": 1.0,
        "f1_abs": 0.761904761904762,
        "accuracy": 1.0,
        "support": 32
    },
    "f1_f1": 0.761904761904762
}