{
    "boundary": {
        "precision": 0.84375,
        "recall": 0.8181818181818182,
        "num_correct": 27,
        "num_predicted": 32,
        "num_true": 33,
        "FP": 5,
        "FN": 6,
        "f1": 0.8307692307692308
    },
    "boundary_strict": {
        "precision": 0.78125,
        "recall": 0.7575757575757576,
        "num_correct": 25,
        "num_predicted": 32,
        "num_true": 33,
        "FP": 7,
        "FN": 8,
        "f1": 0.7692307692307692
    },
    "classification": {
        "TP": 10,
        "TN": 15,
        "FP": 0,
        "FN": 2,
        "spesificity": 1.0,
        "fp_rate": 0.0,
        "fn_rate": 0.16666666666666663,
        "g_mean": 0.9128709291752769,
        "precision": 1.0,
        "recall": 0.8333333333333334,
        "f1": 0.9090909090909091,
        "f1_abs": 0.7552447552447553,
        "accuracy": 0.9259259259259259,
        "support": 27
    },
    "f1_f1": 0.7912087912087913
}