{
    "boundary": {
        "precision": 0.855072463768116,
        "recall": 0.6276595744680851,
        "num_correct": 59,
        "num_predicted": 69,
        "num_true": 94,
        "FP": 10,
        "FN": 35,
        "f1": 0.7239263803680982
    },
    "boundary_strict": {
        "precision": 0.855072463768116,
        "recall": 0.6276595744680851,
        "num_correct": 59,
        "num_predicted": 69,
        "num_true": 94,
        "FP": 10,
        "FN": 35,
        "f1": 0.7239263803680982
    },
    "classification": {
        "TP": 26,
        "TN": 33,
        "FP": 0,
        "FN": 0,
        "spesificity": 1.0,
        "fp_rate": 0.0,
        "fn_rate": 0.0,
        "g_mean": 1.0,
        "precision": 1.0,
        "recall": 1.0,
        "f1": 1.0,
        "f1_abs": 0.7239263803680982,
        "accuracy": 1.0,
        "support": 59
    },
    "f1_f1": 0.7239263803680982
}