{
    "boundary": {
        "precision": 0.9775280898876404,
        "recall": 0.925531914893617,
        "num_correct": 87,
        "num_predicted": 89,
        "num_true": 94,
        "FP": 2,
        "FN": 7,
        "f1": 0.9508196721311475
    },
    "boundary_strict": {
        "precision": 0.9662921348314607,
        "recall": 0.9148936170212766,
        "num_correct": 86,
        "num_predicted": 89,
        "num_true": 94,
        "FP": 3,
        "FN": 8,
        "f1": 0.9398907103825136
    },
    "classification": {
        "TP": 45,
        "TN": 41,
        "FP": 1,
        "FN": 0,
        "spesificity": 0.9761904761904762,
        "fp_rate": 0.023809523809523836,
        "fn_rate": 0.0,
        "g_mean": 0.9880235200593537,
        "precision": 0.9782608695652174,
        "recall": 1.0,
        "f1": 0.989010989010989,
        "f1_abs": 0.9403711043055305,
        "accuracy": 0.9885057471264368,
        "support": 87
    },
    "f1_f1": 0.9455665247713069
}