{
    "boundary": {
        "precision": 0.8108108108108109,
        "recall": 0.5,
        "num_correct": 30,
        "num_predicted": 37,
        "num_true": 60,
        "FP": 7,
        "FN": 30,
        "f1": 0.6185567010309277
    },
    "boundary_strict": {
        "precision": 0.7837837837837838,
        "recall": 0.48333333333333334,
        "num_correct": 29,
        "num_predicted": 37,
        "num_true": 60,
        "FP": 8,
        "FN": 31,
        "f1": 0.5979381443298969
    },
    "classification": {
        "TP": 14,
        "TN": 15,
        "FP": 1,
        "FN": 0,
        "spesificity": 0.9375,
        "fp_rate": 0.0625,
        "fn_rate": 0.0,
        "g_mean": 0.9682458365518543,
        "precision": 0.9333333333333333,
        "recall": 1.0,
        "f1": 0.9655172413793104,
        "f1_abs": 0.5972271596160682,
        "accuracy": 0.9666666666666667,
        "support": 30
    },
    "f1_f1": 0.6077048290830168
}