{
    "boundary": {
        "precision": 0.9259259259259259,
        "recall": 0.7575757575757576,
        "num_correct": 25,
        "num_predicted": 27,
        "num_true": 33,
        "FP": 2,
        "FN": 8,
        "f1": 0.8333333333333334
    },
    "boundary_strict": {
        "precision": 0.8888888888888888,
        "recall": 0.7272727272727273,
        "num_correct": 24,
        "num_predicted": 27,
        "num_true": 33,
        "FP": 3,
        "FN": 9,
        "f1": 0.7999999999999999
    },
    "classification": {
        "TP": 11,
        "TN": 13,
        "FP": 0,
        "FN": 1,
        "spesificity": 1.0,
        "fp_rate": 0.0,
        "fn_rate": 0.08333333333333337,
        "g_mean": 0.9574271077563381,
        "precision": 1.0,
        "recall": 0.9166666666666666,
        "f1": 0.9565217391304348,
        "f1_abs": 0.7971014492753624,
        "accuracy": 0.96,
        "support": 25
    },
    "f1_f1": 0.8148148148148148
}