{
    "boundary": {
        "precision": 0.9090909090909091,
        "recall": 0.7,
        "num_correct": 70,
        "num_predicted": 77,
        "num_true": 100,
        "FP": 7,
        "FN": 30,
        "f1": 0.7909604519774012
    },
    "classification": {
        "TP": 31.0,
        "TN": 37.0,
        "FP": 2.0,
        "FN": 0.0,
        "spesificity": 0.9487179487179487,
        "fp_rate": 0.05128205128205132,
        "fn_rate": 0.0,
        "g_mean": 0.9740215340114143,
        "precision": 0.9393939393939394,
        "recall": 1.0,
        "f1": 0.96875,
        "f1_abs": 0.7662429378531074,
        "accuracy": 0.9714285714285714,
        "support": 70
    },
    "f1_f1": 0.778405524168236
}