{
    "boundary": {
        "precision": 0.966996699669967,
        "recall": 0.9421221864951769,
        "num_correct": 293,
        "num_predicted": 303,
        "num_true": 311,
        "FP": 10,
        "FN": 18,
        "f1": 0.9543973941368079
    },
    "classification": {
        "TP": 186.0,
        "TN": 90.0,
        "FP": 11.0,
        "FN": 6.0,
        "spesificity": 0.8910891089108911,
        "fp_rate": 0.1089108910891089,
        "fn_rate": 0.03125,
        "g_mean": 0.9291084835784387,
        "precision": 0.9441624365482234,
        "recall": 0.96875,
        "f1": 0.9562982005141389,
        "f1_abs": 0.9126885105884128,
        "accuracy": 0.9419795221843004,
        "support": 293
    },
    "f1_f1": 0.9330770844123326
}