{
    "boundary": {
        "precision": 0.6923076923076923,
        "recall": 0.15,
        "num_correct": 9,
        "num_predicted": 13,
        "num_true": 60,
        "FP": 4,
        "FN": 51,
        "f1": 0.2465753424657534
    },
    "boundary_strict": {
        "precision": 0.6153846153846154,
        "recall": 0.13333333333333333,
        "num_correct": 8,
        "num_predicted": 13,
        "num_true": 60,
        "FP": 5,
        "FN": 52,
        "f1": 0.2191780821917808
    },
    "classification": {
        "TP": 1,
        "TN": 7,
        "FP": 1,
        "FN": 0,
        "spesificity": 0.875,
        "fp_rate": 0.125,
        "fn_rate": 0.0,
        "g_mean": 0.9354143466934853,
        "precision": 0.5,
        "recall": 1.0,
        "f1": 0.6666666666666666,
        "f1_abs": 0.1643835616438356,
        "accuracy": 0.8888888888888888,
        "support": 9
    },
    "f1_f1": 0.19726027397260273
}