{
    "boundary": {
        "precision": 0.9665551839464883,
        "recall": 0.9292604501607717,
        "num_correct": 289,
        "num_predicted": 299,
        "num_true": 311,
        "FP": 10,
        "FN": 22,
        "f1": 0.9475409836065574
    },
    "classification": {
        "TP": 184,
        "TN": 79,
        "FP": 19,
        "FN": 7,
        "spesificity": 0.8061224489795918,
        "fp_rate": 0.19387755102040816,
        "fn_rate": 0.03664921465968585,
        "g_mean": 0.8812370250420412,
        "precision": 0.9064039408866995,
        "recall": 0.9633507853403142,
        "f1": 0.9340101522842641,
        "f1_abs": 0.885012898393942,
        "accuracy": 0.9100346020761245,
        "support": 289
    },
    "f1_f1": 0.9152101888903231
}