{
    "boundary": {
        "precision": 0.967741935483871,
        "recall": 0.9523809523809523,
        "num_correct": 60,
        "num_predicted": 62,
        "num_true": 63,
        "FP": 2,
        "FN": 3,
        "f1": 0.96
    },
    "classification": {
        "TP": 31.0,
        "TN": 23.0,
        "FP": 4.0,
        "FN": 2.0,
        "spesificity": 0.8518518518518519,
        "fp_rate": 0.14814814814814814,
        "fn_rate": 0.06060606060606055,
        "g_mean": 0.8945526630060041,
        "precision": 0.8857142857142857,
        "recall": 0.9393939393939394,
        "f1": 0.9117647058823529,
        "f1_abs": 0.8752941176470588,
        "accuracy": 0.9,
        "support": 60
    },
    "f1_f1": 0.9156923076923076
}