{
    "boundary": {
        "precision": 0.47619047619047616,
        "recall": 0.16666666666666666,
        "num_correct": 10,
        "num_predicted": 21,
        "num_true": 60,
        "FP": 11,
        "FN": 50,
        "f1": 0.2469135802469136
    },
    "boundary_strict": {
        "precision": 0.47619047619047616,
        "recall": 0.16666666666666666,
        "num_correct": 10,
        "num_predicted": 21,
        "num_true": 60,
        "FP": 11,
        "FN": 50,
        "f1": 0.2469135802469136
    },
    "classification": {
        "TP": 4,
        "TN": 6,
        "FP": 0,
        "FN": 0,
        "spesificity": 1.0,
        "fp_rate": 0.0,
        "fn_rate": 0.0,
        "g_mean": 1.0,
        "precision": 1.0,
        "recall": 1.0,
        "f1": 1.0,
        "f1_abs": 0.2469135802469136,
        "accuracy": 1.0,
        "support": 10
    },
    "f1_f1": 0.2469135802469136
}