{
    "boundary": {
        "precision": 0.975609756097561,
        "recall": 0.8695652173913043,
        "num_correct": 40,
        "num_predicted": 41,
        "num_true": 46,
        "FP": 1,
        "FN": 6,
        "f1": 0.9195402298850575
    },
    "boundary_strict": {
        "precision": 0.8780487804878049,
        "recall": 0.782608695652174,
        "num_correct": 36,
        "num_predicted": 41,
        "num_true": 46,
        "FP": 5,
        "FN": 10,
        "f1": 0.8275862068965518
    },
    "classification": {
        "TP": 31,
        "TN": 5,
        "FP": 4,
        "FN": 0,
        "spesificity": 0.5555555555555556,
        "fp_rate": 0.4444444444444444,
        "fn_rate": 0.0,
        "g_mean": 0.7453559924999299,
        "precision": 0.8857142857142857,
        "recall": 1.0,
        "f1": 0.9393939393939393,
        "f1_abs": 0.8638105189829327,
        "accuracy": 0.9,
        "support": 40
    },
    "f1_f1": 0.8908045977011493
}