{
    "boundary": {
        "precision": 0.9937304075235109,
        "recall": 0.984472049689441,
        "num_correct": 317,
        "num_predicted": 319,
        "num_true": 322,
        "FP": 2,
        "FN": 5,
        "f1": 0.9890795631825273
    },
    "boundary_strict": {
        "precision": 0.9435736677115988,
        "recall": 0.9347826086956522,
        "num_correct": 301,
        "num_predicted": 319,
        "num_true": 322,
        "FP": 18,
        "FN": 21,
        "f1": 0.9391575663026521
    },
    "classification": {
        "TP": 197,
        "TN": 104,
        "FP": 9,
        "FN": 7,
        "spesificity": 0.9203539823008849,
        "fp_rate": 0.07964601769911506,
        "fn_rate": 0.03431372549019607,
        "g_mean": 0.9427476907414855,
        "precision": 0.9563106796116505,
        "recall": 0.9656862745098039,
        "f1": 0.9609756097560975,
        "f1_abs": 0.9504813363266238,
        "accuracy": 0.9495268138801262,
        "support": 317
    },
    "f1_f1": 0.9693963877958104
}