{
    "boundary": {
        "precision": 0.7575757575757576,
        "recall": 0.5434782608695652,
        "num_correct": 25,
        "num_predicted": 33,
        "num_true": 46,
        "FP": 8,
        "FN": 21,
        "f1": 0.6329113924050633
    },
    "boundary_strict": {
        "precision": 0.696969696969697,
        "recall": 0.5,
        "num_correct": 23,
        "num_predicted": 33,
        "num_true": 46,
        "FP": 10,
        "FN": 23,
        "f1": 0.5822784810126582
    },
    "classification": {
        "TP": 19,
        "TN": 4,
        "FP": 2,
        "FN": 0,
        "spesificity": 0.6666666666666666,
        "fp_rate": 0.33333333333333337,
        "fn_rate": 0.0,
        "g_mean": 0.816496580927726,
        "precision": 0.9047619047619048,
        "recall": 1.0,
        "f1": 0.95,
        "f1_abs": 0.6012658227848101,
        "accuracy": 0.92,
        "support": 25
    },
    "f1_f1": 0.6166828951639078
}