{
    "boundary": {
        "precision": 0.9818181818181818,
        "recall": 0.9,
        "num_correct": 54,
        "num_predicted": 55,
        "num_true": 60,
        "FP": 1,
        "FN": 6,
        "f1": 0.9391304347826087
    },
    "boundary_strict": {
        "precision": 0.9636363636363636,
        "recall": 0.8833333333333333,
        "num_correct": 53,
        "num_predicted": 55,
        "num_true": 60,
        "FP": 2,
        "FN": 7,
        "f1": 0.9217391304347826
    },
    "classification": {
        "TP": 30,
        "TN": 23,
        "FP": 1,
        "FN": 0,
        "spesificity": 0.9583333333333334,
        "fp_rate": 0.04166666666666663,
        "fn_rate": 0.0,
        "g_mean": 0.9789450103725609,
        "precision": 0.967741935483871,
        "recall": 1.0,
        "f1": 0.9836065573770492,
        "f1_abs": 0.9237348538845331,
        "accuracy": 0.9814814814814815,
        "support": 54
    },
    "f1_f1": 0.9313690262306863
}