{
    "boundary": {
        "precision": 0.8076923076923077,
        "recall": 0.6363636363636364,
        "num_correct": 21,
        "num_predicted": 26,
        "num_true": 33,
        "FP": 5,
        "FN": 12,
        "f1": 0.7118644067796609
    },
    "boundary_strict": {
        "precision": 0.7692307692307693,
        "recall": 0.6060606060606061,
        "num_correct": 20,
        "num_predicted": 26,
        "num_true": 33,
        "FP": 6,
        "FN": 13,
        "f1": 0.6779661016949152
    },
    "classification": {
        "TP": 10,
        "TN": 10,
        "FP": 0,
        "FN": 1,
        "spesificity": 1.0,
        "fp_rate": 0.0,
        "fn_rate": 0.09090909090909094,
        "g_mean": 0.9534625892455924,
        "precision": 1.0,
        "recall": 0.9090909090909091,
        "f1": 0.9523809523809523,
        "f1_abs": 0.6779661016949151,
        "accuracy": 0.9523809523809523,
        "support": 21
    },
    "f1_f1": 0.6945018602728398
}