{
    "boundary": {
        "precision": 0.9444444444444444,
        "recall": 0.85,
        "num_correct": 51,
        "num_predicted": 54,
        "num_true": 60,
        "FP": 3,
        "FN": 9,
        "f1": 0.8947368421052632
    },
    "boundary_strict": {
        "precision": 0.8888888888888888,
        "recall": 0.8,
        "num_correct": 48,
        "num_predicted": 54,
        "num_true": 60,
        "FP": 6,
        "FN": 12,
        "f1": 0.8421052631578948
    },
    "classification": {
        "TP": 26,
        "TN": 22,
        "FP": 1,
        "FN": 2,
        "spesificity": 0.9565217391304348,
        "fp_rate": 0.04347826086956519,
        "fn_rate": 0.0714285714285714,
        "g_mean": 0.9424429732158732,
        "precision": 0.9629629629629629,
        "recall": 0.9285714285714286,
        "f1": 0.9454545454545454,
        "f1_abs": 0.845933014354067,
        "accuracy": 0.9411764705882353,
        "support": 51
    },
    "f1_f1": 0.8696507624200689
}