{
    "boundary": {
        "precision": 0.5769230769230769,
        "recall": 0.25,
        "num_correct": 15,
        "num_predicted": 26,
        "num_true": 60,
        "FP": 11,
        "FN": 45,
        "f1": 0.3488372093023256
    },
    "boundary_strict": {
        "precision": 0.5769230769230769,
        "recall": 0.25,
        "num_correct": 15,
        "num_predicted": 26,
        "num_true": 60,
        "FP": 11,
        "FN": 45,
        "f1": 0.3488372093023256
    },
    "classification": {
        "TP": 4,
        "TN": 11,
        "FP": 0,
        "FN": 0,
        "spesificity": 1.0,
        "fp_rate": 0.0,
        "fn_rate": 0.0,
        "g_mean": 1.0,
        "precision": 1.0,
        "recall": 1.0,
        "f1": 1.0,
        "f1_abs": 0.3488372093023256,
        "accuracy": 1.0,
        "support": 15
    },
    "f1_f1": 0.3488372093023256
}