{
    "boundary": {
        "precision": 1.0,
        "recall": 0.696969696969697,
        "num_correct": 23,
        "num_predicted": 23,
        "num_true": 33,
        "FP": 0,
        "FN": 10,
        "f1": 0.8214285714285715
    },
    "boundary_strict": {
        "precision": 0.9130434782608695,
        "recall": 0.6363636363636364,
        "num_correct": 21,
        "num_predicted": 23,
        "num_true": 33,
        "FP": 2,
        "FN": 12,
        "f1": 0.75
    },
    "classification": {
        "TP": 10,
        "TN": 11,
        "FP": 0,
        "FN": 2,
        "spesificity": 1.0,
        "fp_rate": 0.0,
        "fn_rate": 0.16666666666666663,
        "g_mean": 0.9128709291752769,
        "precision": 1.0,
        "recall": 0.8333333333333334,
        "f1": 0.9090909090909091,
        "f1_abs": 0.7467532467532468,
        "accuracy": 0.9130434782608695,
        "support": 23
    },
    "f1_f1": 0.7823129251700681
}