{
    "boundary": {
        "precision": 0.9870550161812298,
        "recall": 0.9472049689440993,
        "num_correct": 305,
        "num_predicted": 309,
        "num_true": 322,
        "FP": 4,
        "FN": 17,
        "f1": 0.9667194928684627
    },
    "boundary_strict": {
        "precision": 0.9611650485436893,
        "recall": 0.922360248447205,
        "num_correct": 297,
        "num_predicted": 309,
        "num_true": 322,
        "FP": 12,
        "FN": 25,
        "f1": 0.9413629160063393
    },
    "classification": {
        "TP": 196,
        "TN": 101,
        "FP": 6,
        "FN": 2,
        "spesificity": 0.9439252336448598,
        "fp_rate": 0.05607476635514019,
        "fn_rate": 0.010101010101010055,
        "g_mean": 0.9666388339629309,
        "precision": 0.9702970297029703,
        "recall": 0.98989898989899,
        "f1": 0.98,
        "f1_abs": 0.9473851030110935,
        "accuracy": 0.9737704918032787,
        "support": 305
    },
    "f1_f1": 0.956954649506155
}