{
    "boundary": {
        "precision": 0.9508196721311475,
        "recall": 0.9206349206349206,
        "num_correct": 58,
        "num_predicted": 61,
        "num_true": 63,
        "FP": 3,
        "FN": 5,
        "f1": 0.9354838709677418
    },
    "classification": {
        "TP": 30.0,
        "TN": 24.0,
        "FP": 4.0,
        "FN": 0.0,
        "spesificity": 0.8571428571428571,
        "fp_rate": 0.1428571428571429,
        "fn_rate": 0.0,
        "g_mean": 0.9258200997725514,
        "precision": 0.8823529411764706,
        "recall": 1.0,
        "f1": 0.9375,
        "f1_abs": 0.8770161290322579,
        "accuracy": 0.9310344827586207,
        "support": 58
    },
    "f1_f1": 0.9053069719042662
}