{
    "boundary": {
        "precision": 0.9423076923076923,
        "recall": 0.8166666666666667,
        "num_correct": 49,
        "num_predicted": 52,
        "num_true": 60,
        "FP": 3,
        "FN": 11,
        "f1": 0.8749999999999999
    },
    "boundary_strict": {
        "precision": 0.9230769230769231,
        "recall": 0.8,
        "num_correct": 48,
        "num_predicted": 52,
        "num_true": 60,
        "FP": 4,
        "FN": 12,
        "f1": 0.8571428571428571
    },
    "classification": {
        "TP": 25,
        "TN": 23,
        "FP": 0,
        "FN": 1,
        "spesificity": 1.0,
        "fp_rate": 0.0,
        "fn_rate": 0.038461538461538436,
        "g_mean": 0.9805806756909202,
        "precision": 1.0,
        "recall": 0.9615384615384616,
        "f1": 0.9803921568627451,
        "f1_abs": 0.8578431372549018,
        "accuracy": 0.9795918367346939,
        "support": 49
    },
    "f1_f1": 0.8663366336633662
}