{
    "boundary": {
        "precision": 0.990506329113924,
        "recall": 0.9720496894409938,
        "num_correct": 313,
        "num_predicted": 316,
        "num_true": 322,
        "FP": 3,
        "FN": 9,
        "f1": 0.9811912225705328
    },
    "boundary_strict": {
        "precision": 0.9493670886075949,
        "recall": 0.9316770186335404,
        "num_correct": 300,
        "num_predicted": 316,
        "num_true": 322,
        "FP": 16,
        "FN": 22,
        "f1": 0.9404388714733543
    },
    "classification": {
        "TP": 198,
        "TN": 102,
        "FP": 9,
        "FN": 4,
        "spesificity": 0.918918918918919,
        "fp_rate": 0.08108108108108103,
        "fn_rate": 0.01980198019801982,
        "g_mean": 0.9490640150605757,
        "precision": 0.9565217391304348,
        "recall": 0.9801980198019802,
        "f1": 0.9682151589242054,
        "f1_abs": 0.9500042154961639,
        "accuracy": 0.9584664536741214,
        "support": 313
    },
    "f1_f1": 0.9653458984793317
}