{
    "boundary": {
        "precision": 0.84375,
        "recall": 0.574468085106383,
        "num_correct": 54,
        "num_predicted": 64,
        "num_true": 94,
        "FP": 10,
        "FN": 40,
        "f1": 0.6835443037974684
    },
    "boundary_strict": {
        "precision": 0.8125,
        "recall": 0.5531914893617021,
        "num_correct": 52,
        "num_predicted": 64,
        "num_true": 94,
        "FP": 12,
        "FN": 42,
        "f1": 0.6582278481012658
    },
    "classification": {
        "TP": 23,
        "TN": 29,
        "FP": 1,
        "FN": 1,
        "spesificity": 0.9666666666666667,
        "fp_rate": 0.033333333333333326,
        "fn_rate": 0.04166666666666663,
        "g_mean": 0.9624909811987273,
        "precision": 0.9583333333333334,
        "recall": 0.9583333333333334,
        "f1": 0.9583333333333334,
        "f1_abs": 0.6550632911392407,
        "accuracy": 0.9629629629629629,
        "support": 54
    },
    "f1_f1": 0.6690008079719905
}