{
    "boundary": {
        "precision": 0.9682539682539683,
        "recall": 0.9682539682539683,
        "num_correct": 61,
        "num_predicted": 63,
        "num_true": 63,
        "FP": 2,
        "FN": 2,
        "f1": 0.9682539682539683
    },
    "classification": {
        "TP": 31.0,
        "TN": 23.0,
        "FP": 4.0,
        "FN": 3.0,
        "spesificity": 0.8518518518518519,
        "fp_rate": 0.14814814814814814,
        "fn_rate": 0.08823529411764708,
        "g_mean": 0.8812992982857988,
        "precision": 0.8857142857142857,
        "recall": 0.9117647058823529,
        "f1": 0.8985507246376812,
        "f1_abs": 0.8700253048079135,
        "accuracy": 0.8852459016393442,
        "support": 61
    },
    "f1_f1": 0.9165152065915425
}