{
    "boundary": {
        "precision": 0.7962962962962963,
        "recall": 0.43,
        "num_correct": 43,
        "num_predicted": 54,
        "num_true": 100,
        "FP": 11,
        "FN": 57,
        "f1": 0.5584415584415584
    },
    "classification": {
        "TP": 16.0,
        "TN": 27.0,
        "FP": 0.0,
        "FN": 0.0,
        "spesificity": 1.0,
        "fp_rate": 0.0,
        "fn_rate": 0.0,
        "g_mean": 1.0,
        "precision": 1.0,
        "recall": 1.0,
        "f1": 1.0,
        "f1_abs": 0.5584415584415584,
        "accuracy": 1.0,
        "support": 43
    },
    "f1_f1": 0.5584415584415584
}