{
    "boundary": {
        "precision": 0.7333333333333333,
        "recall": 0.33,
        "num_correct": 33,
        "num_predicted": 45,
        "num_true": 100,
        "FP": 12,
        "FN": 67,
        "f1": 0.45517241379310347
    },
    "boundary_strict": {
        "precision": 0.7111111111111111,
        "recall": 0.32,
        "num_correct": 32,
        "num_predicted": 45,
        "num_true": 100,
        "FP": 13,
        "FN": 68,
        "f1": 0.44137931034482764
    },
    "classification": {
        "TP": 12,
        "TN": 20,
        "FP": 0,
        "FN": 1,
        "spesificity": 1.0,
        "fp_rate": 0.0,
        "fn_rate": 0.07692307692307687,
        "g_mean": 0.9607689228305228,
        "precision": 1.0,
        "recall": 0.9230769230769231,
        "f1": 0.96,
        "f1_abs": 0.43696551724137933,
        "accuracy": 0.9696969696969697,
        "support": 33
    },
    "f1_f1": 0.4458831808585504
}