{
    "boundary": {
        "precision": 0.9777777777777777,
        "recall": 0.9565217391304348,
        "num_correct": 44,
        "num_predicted": 45,
        "num_true": 46,
        "FP": 1,
        "FN": 2,
        "f1": 0.967032967032967
    },
    "boundary_strict": {
        "precision": 0.8888888888888888,
        "recall": 0.8695652173913043,
        "num_correct": 40,
        "num_predicted": 45,
        "num_true": 46,
        "FP": 5,
        "FN": 6,
        "f1": 0.8791208791208792
    },
    "classification": {
        "TP": 34,
        "TN": 6,
        "FP": 3,
        "FN": 1,
        "spesificity": 0.6666666666666666,
        "fp_rate": 0.33333333333333337,
        "fn_rate": 0.02857142857142858,
        "g_mean": 0.8047478161629564,
        "precision": 0.918918918918919,
        "recall": 0.9714285714285714,
        "f1": 0.9444444444444444,
        "f1_abs": 0.9133089133089133,
        "accuracy": 0.9090909090909091,
        "support": 44
    },
    "f1_f1": 0.939403453689168
}