{
    "boundary": {
        "precision": 0.9810126582278481,
        "recall": 0.9627329192546584,
        "num_correct": 310,
        "num_predicted": 316,
        "num_true": 322,
        "FP": 6,
        "FN": 12,
        "f1": 0.9717868338557994
    },
    "boundary_strict": {
        "precision": 0.9588607594936709,
        "recall": 0.9409937888198758,
        "num_correct": 303,
        "num_predicted": 316,
        "num_true": 322,
        "FP": 13,
        "FN": 19,
        "f1": 0.9498432601880877
    },
    "classification": {
        "TP": 199,
        "TN": 104,
        "FP": 6,
        "FN": 1,
        "spesificity": 0.9454545454545454,
        "fp_rate": 0.054545454545454564,
        "fn_rate": 0.0050000000000000044,
        "g_mean": 0.9699109612367893,
        "precision": 0.9707317073170731,
        "recall": 0.995,
        "f1": 0.9827160493827161,
        "f1_abs": 0.9549905182089091,
        "accuracy": 0.9774193548387097,
        "support": 310
    },
    "f1_f1": 0.9633154666864464
}