{
    "boundary": {
        "precision": 1.0,
        "recall": 1.0,
        "num_correct": 33,
        "num_predicted": 33,
        "num_true": 33,
        "FP": 0,
        "FN": 0,
        "f1": 1.0
    },
    "boundary_strict": {
        "precision": 0.8787878787878788,
        "recall": 0.8787878787878788,
        "num_correct": 29,
        "num_predicted": 33,
        "num_true": 33,
        "FP": 4,
        "FN": 4,
        "f1": 0.8787878787878788
    },
    "classification": {
        "TP": 13,
        "TN": 16,
        "FP": 3,
        "FN": 1,
        "spesificity": 0.8421052631578947,
        "fp_rate": 0.1578947368421053,
        "fn_rate": 0.0714285714285714,
        "g_mean": 0.8842821310068666,
        "precision": 0.8125,
        "recall": 0.9285714285714286,
        "f1": 0.8666666666666667,
        "f1_abs": 0.8666666666666667,
        "accuracy": 0.8787878787878788,
        "support": 33
    },
    "f1_f1": 0.9285714285714286
}