{
    "boundary": {
        "precision": 0.8157894736842105,
        "recall": 0.6739130434782609,
        "num_correct": 31,
        "num_predicted": 38,
        "num_true": 46,
        "FP": 7,
        "FN": 15,
        "f1": 0.7380952380952381
    },
    "boundary_strict": {
        "precision": 0.7105263157894737,
        "recall": 0.5869565217391305,
        "num_correct": 27,
        "num_predicted": 38,
        "num_true": 46,
        "FP": 11,
        "FN": 19,
        "f1": 0.6428571428571428
    },
    "classification": {
        "TP": 22,
        "TN": 5,
        "FP": 2,
        "FN": 2,
        "spesificity": 0.7142857142857143,
        "fp_rate": 0.2857142857142857,
        "fn_rate": 0.08333333333333337,
        "g_mean": 0.809173593712687,
        "precision": 0.9166666666666666,
        "recall": 0.9166666666666666,
        "f1": 0.9166666666666666,
        "f1_abs": 0.6765873015873016,
        "accuracy": 0.8709677419354839,
        "support": 31
    },
    "f1_f1": 0.7060041407867496
}