{
    "boundary": {
        "precision": 0.8947368421052632,
        "recall": 0.3617021276595745,
        "num_correct": 34,
        "num_predicted": 38,
        "num_true": 94,
        "FP": 4,
        "FN": 60,
        "f1": 0.5151515151515151
    },
    "boundary_strict": {
        "precision": 0.8947368421052632,
        "recall": 0.3617021276595745,
        "num_correct": 34,
        "num_predicted": 38,
        "num_true": 94,
        "FP": 4,
        "FN": 60,
        "f1": 0.5151515151515151
    },
    "classification": {
        "TP": 3,
        "TN": 31,
        "FP": 0,
        "FN": 0,
        "spesificity": 1.0,
        "fp_rate": 0.0,
        "fn_rate": 0.0,
        "g_mean": 1.0,
        "precision": 1.0,
        "recall": 1.0,
        "f1": 1.0,
        "f1_abs": 0.5151515151515151,
        "accuracy": 1.0,
        "support": 34
    },
    "f1_f1": 0.5151515151515151
}