{
    "boundary": {
        "precision": 0.9807692307692307,
        "recall": 0.95625,
        "num_correct": 306,
        "num_predicted": 312,
        "num_true": 320,
        "FP": 6,
        "FN": 14,
        "f1": 0.9683544303797469
    },
    "boundary_strict": {
        "precision": 0.9198717948717948,
        "recall": 0.896875,
        "num_correct": 287,
        "num_predicted": 312,
        "num_true": 320,
        "FP": 25,
        "FN": 33,
        "f1": 0.9082278481012658
    },
    "classification": {
        "TP": 199,
        "TN": 88,
        "FP": 15,
        "FN": 4,
        "spesificity": 0.8543689320388349,
        "fp_rate": 0.1456310679611651,
        "fn_rate": 0.019704433497536922,
        "g_mean": 0.9151688785328717,
        "precision": 0.9299065420560748,
        "recall": 0.9802955665024631,
        "f1": 0.9544364508393286,
        "f1_abs": 0.9242327656861853,
        "accuracy": 0.9379084967320261,
        "support": 306
    },
    "f1_f1": 0.9457792964199737
}