{
    "boundary": {
        "precision": 0.9574468085106383,
        "recall": 0.9782608695652174,
        "num_correct": 45,
        "num_predicted": 47,
        "num_true": 46,
        "FP": 2,
        "FN": 1,
        "f1": 0.967741935483871
    },
    "boundary_strict": {
        "precision": 0.9148936170212766,
        "recall": 0.9347826086956522,
        "num_correct": 43,
        "num_predicted": 47,
        "num_true": 46,
        "FP": 4,
        "FN": 3,
        "f1": 0.924731182795699
    },
    "classification": {
        "TP": 35,
        "TN": 8,
        "FP": 2,
        "FN": 0,
        "spesificity": 0.8,
        "fp_rate": 0.19999999999999996,
        "fn_rate": 0.0,
        "g_mean": 0.8944271909999159,
        "precision": 0.9459459459459459,
        "recall": 1.0,
        "f1": 0.9722222222222222,
        "f1_abs": 0.9408602150537635,
        "accuracy": 0.9555555555555556,
        "support": 45
    },
    "f1_f1": 0.9541117673784644
}