{
    "boundary": {
        "precision": 0.9903846153846154,
        "recall": 0.9596273291925466,
        "num_correct": 309,
        "num_predicted": 312,
        "num_true": 322,
        "FP": 3,
        "FN": 13,
        "f1": 0.9747634069400631
    },
    "boundary_strict": {
        "precision": 0.9615384615384616,
        "recall": 0.9316770186335404,
        "num_correct": 300,
        "num_predicted": 312,
        "num_true": 322,
        "FP": 12,
        "FN": 22,
        "f1": 0.9463722397476341
    },
    "classification": {
        "TP": 195,
        "TN": 105,
        "FP": 7,
        "FN": 2,
        "spesificity": 0.9375,
        "fp_rate": 0.0625,
        "fn_rate": 0.010152284263959421,
        "g_mean": 0.9633183448385783,
        "precision": 0.9653465346534653,
        "recall": 0.9898477157360406,
        "f1": 0.9774436090225563,
        "f1_abs": 0.952776262422618,
        "accuracy": 0.970873786407767,
        "support": 309
    },
    "f1_f1": 0.9636444327164122
}