{
    "boundary": {
        "precision": 0.6060606060606061,
        "recall": 0.2127659574468085,
        "num_correct": 20,
        "num_predicted": 33,
        "num_true": 94,
        "FP": 13,
        "FN": 74,
        "f1": 0.3149606299212599
    },
    "boundary_strict": {
        "precision": 0.5757575757575758,
        "recall": 0.20212765957446807,
        "num_correct": 19,
        "num_predicted": 33,
        "num_true": 94,
        "FP": 14,
        "FN": 75,
        "f1": 0.2992125984251968
    },
    "classification": {
        "TP": 9,
        "TN": 10,
        "FP": 1,
        "FN": 0,
        "spesificity": 0.9090909090909091,
        "fp_rate": 0.09090909090909094,
        "fn_rate": 0.0,
        "g_mean": 0.9534625892455924,
        "precision": 0.9,
        "recall": 1.0,
        "f1": 0.9473684210526315,
        "f1_abs": 0.2983837546622462,
        "accuracy": 0.95,
        "support": 20
    },
    "f1_f1": 0.3064481804639286
}