{
    "boundary": {
        "precision": 0.9545454545454546,
        "recall": 0.9130434782608695,
        "num_correct": 42,
        "num_predicted": 44,
        "num_true": 46,
        "FP": 2,
        "FN": 4,
        "f1": 0.9333333333333332
    },
    "boundary_strict": {
        "precision": 0.9318181818181818,
        "recall": 0.8913043478260869,
        "num_correct": 41,
        "num_predicted": 44,
        "num_true": 46,
        "FP": 3,
        "FN": 5,
        "f1": 0.9111111111111111
    },
    "classification": {
        "TP": 33,
        "TN": 8,
        "FP": 1,
        "FN": 0,
        "spesificity": 0.8888888888888888,
        "fp_rate": 0.11111111111111116,
        "fn_rate": 0.0,
        "g_mean": 0.9428090415820634,
        "precision": 0.9705882352941176,
        "recall": 1.0,
        "f1": 0.9850746268656716,
        "f1_abs": 0.9194029850746267,
        "accuracy": 0.9761904761904762,
        "support": 42
    },
    "f1_f1": 0.926315789473684
}