{
    "boundary": {
        "precision": 0.7674418604651163,
        "recall": 0.55,
        "num_correct": 33,
        "num_predicted": 43,
        "num_true": 60,
        "FP": 10,
        "FN": 27,
        "f1": 0.6407766990291263
    },
    "boundary_strict": {
        "precision": 0.7674418604651163,
        "recall": 0.55,
        "num_correct": 33,
        "num_predicted": 43,
        "num_true": 60,
        "FP": 10,
        "FN": 27,
        "f1": 0.6407766990291263
    },
    "classification": {
        "TP": 17,
        "TN": 16,
        "FP": 0,
        "FN": 0,
        "spesificity": 1.0,
        "fp_rate": 0.0,
        "fn_rate": 0.0,
        "g_mean": 1.0,
        "precision": 1.0,
        "recall": 1.0,
        "f1": 1.0,
        "f1_abs": 0.6407766990291263,
        "accuracy": 1.0,
        "support": 33
    },
    "f1_f1": 0.6407766990291263
}