{
    "boundary": {
        "precision": 0.19230769230769232,
        "recall": 0.05319148936170213,
        "num_correct": 5,
        "num_predicted": 26,
        "num_true": 94,
        "FP": 21,
        "FN": 89,
        "f1": 0.08333333333333334
    },
    "boundary_strict": {
        "precision": 0.19230769230769232,
        "recall": 0.05319148936170213,
        "num_correct": 5,
        "num_predicted": 26,
        "num_true": 94,
        "FP": 21,
        "FN": 89,
        "f1": 0.08333333333333334
    },
    "classification": {
        "TP": 2,
        "TN": 3,
        "FP": 0,
        "FN": 0,
        "spesificity": 1.0,
        "fp_rate": 0.0,
        "fn_rate": 0.0,
        "g_mean": 1.0,
        "precision": 1.0,
        "recall": 1.0,
        "f1": 1.0,
        "f1_abs": 0.08333333333333334,
        "accuracy": 1.0,
        "support": 5
    },
    "f1_f1": 0.08333333333333334
}