{
    "boundary": {
        "precision": 0.9555555555555556,
        "recall": 0.9347826086956522,
        "num_correct": 43,
        "num_predicted": 45,
        "num_true": 46,
        "FP": 2,
        "FN": 3,
        "f1": 0.945054945054945
    },
    "boundary_strict": {
        "precision": 0.8888888888888888,
        "recall": 0.8695652173913043,
        "num_correct": 40,
        "num_predicted": 45,
        "num_true": 46,
        "FP": 5,
        "FN": 6,
        "f1": 0.8791208791208792
    },
    "classification": {
        "TP": 34,
        "TN": 6,
        "FP": 2,
        "FN": 1,
        "spesificity": 0.75,
        "fp_rate": 0.25,
        "fn_rate": 0.02857142857142858,
        "g_mean": 0.8535639569308374,
        "precision": 0.9444444444444444,
        "recall": 0.9714285714285714,
        "f1": 0.9577464788732394,
        "f1_abs": 0.9051230459681163,
        "accuracy": 0.9302325581395349,
        "support": 43
    },
    "f1_f1": 0.9246580757372125
}