{
    "boundary": {
        "precision": 0.8292682926829268,
        "recall": 0.7391304347826086,
        "num_correct": 34,
        "num_predicted": 41,
        "num_true": 46,
        "FP": 7,
        "FN": 12,
        "f1": 0.7816091954022988
    },
    "boundary_strict": {
        "precision": 0.7804878048780488,
        "recall": 0.6956521739130435,
        "num_correct": 32,
        "num_predicted": 41,
        "num_true": 46,
        "FP": 9,
        "FN": 14,
        "f1": 0.7356321839080461
    },
    "classification": {
        "TP": 26,
        "TN": 6,
        "FP": 1,
        "FN": 1,
        "spesificity": 0.8571428571428571,
        "fp_rate": 0.1428571428571429,
        "fn_rate": 0.03703703703703709,
        "g_mean": 0.9085135251589959,
        "precision": 0.9629629629629629,
        "recall": 0.9629629629629629,
        "f1": 0.9629629629629629,
        "f1_abs": 0.7526607066836951,
        "accuracy": 0.9411764705882353,
        "support": 34
    },
    "f1_f1": 0.7668618520928214
}