{
    "boundary": {
        "precision": 0.7804878048780488,
        "recall": 0.5333333333333333,
        "num_correct": 32,
        "num_predicted": 41,
        "num_true": 60,
        "FP": 9,
        "FN": 28,
        "f1": 0.6336633663366336
    },
    "boundary_strict": {
        "precision": 0.7317073170731707,
        "recall": 0.5,
        "num_correct": 30,
        "num_predicted": 41,
        "num_true": 60,
        "FP": 11,
        "FN": 30,
        "f1": 0.594059405940594
    },
    "classification": {
        "TP": 18,
        "TN": 12,
        "FP": 2,
        "FN": 0,
        "spesificity": 0.8571428571428571,
        "fp_rate": 0.1428571428571429,
        "fn_rate": 0.0,
        "g_mean": 0.9258200997725514,
        "precision": 0.9,
        "recall": 1.0,
        "f1": 0.9473684210526315,
        "f1_abs": 0.6003126628452318,
        "accuracy": 0.9375,
        "support": 32
    },
    "f1_f1": 0.6165373294086164
}