{
    "boundary": {
        "precision": 0.4666666666666667,
        "recall": 0.21212121212121213,
        "num_correct": 7,
        "num_predicted": 15,
        "num_true": 33,
        "FP": 8,
        "FN": 26,
        "f1": 0.29166666666666663
    },
    "boundary_strict": {
        "precision": 0.4,
        "recall": 0.18181818181818182,
        "num_correct": 6,
        "num_predicted": 15,
        "num_true": 33,
        "FP": 9,
        "FN": 27,
        "f1": 0.25000000000000006
    },
    "classification": {
        "TP": 4,
        "TN": 2,
        "FP": 1,
        "FN": 0,
        "spesificity": 0.6666666666666666,
        "fp_rate": 0.33333333333333337,
        "fn_rate": 0.0,
        "g_mean": 0.816496580927726,
        "precision": 0.8,
        "recall": 1.0,
        "f1": 0.8888888888888888,
        "f1_abs": 0.2592592592592592,
        "accuracy": 0.8571428571428571,
        "support": 7
    },
    "f1_f1": 0.2745098039215686
}