{
    "boundary": {
        "precision": 0.8928571428571429,
        "recall": 0.8333333333333334,
        "num_correct": 50,
        "num_predicted": 56,
        "num_true": 60,
        "FP": 6,
        "FN": 10,
        "f1": 0.8620689655172413
    },
    "boundary_strict": {
        "precision": 0.8571428571428571,
        "recall": 0.8,
        "num_correct": 48,
        "num_predicted": 56,
        "num_true": 60,
        "FP": 8,
        "FN": 12,
        "f1": 0.8275862068965518
    },
    "classification": {
        "TP": 27,
        "TN": 21,
        "FP": 1,
        "FN": 1,
        "spesificity": 0.9545454545454546,
        "fp_rate": 0.045454545454545414,
        "fn_rate": 0.0357142857142857,
        "g_mean": 0.959403223600247,
        "precision": 0.9642857142857143,
        "recall": 0.9642857142857143,
        "f1": 0.9642857142857143,
        "f1_abs": 0.8312807881773399,
        "accuracy": 0.96,
        "support": 50
    },
    "f1_f1": 0.8463949843260187
}