{
    "boundary": {
        "precision": 0.967391304347826,
        "recall": 0.9468085106382979,
        "num_correct": 89,
        "num_predicted": 92,
        "num_true": 94,
        "FP": 3,
        "FN": 5,
        "f1": 0.956989247311828
    },
    "boundary_strict": {
        "precision": 0.9130434782608695,
        "recall": 0.8936170212765957,
        "num_correct": 84,
        "num_predicted": 92,
        "num_true": 94,
        "FP": 8,
        "FN": 10,
        "f1": 0.9032258064516129
    },
    "classification": {
        "TP": 44,
        "TN": 40,
        "FP": 2,
        "FN": 3,
        "spesificity": 0.9523809523809523,
        "fp_rate": 0.04761904761904767,
        "fn_rate": 0.06382978723404253,
        "g_mean": 0.944240794937775,
        "precision": 0.9565217391304348,
        "recall": 0.9361702127659575,
        "f1": 0.946236559139785,
        "f1_abs": 0.9055382125101169,
        "accuracy": 0.9438202247191011,
        "support": 89
    },
    "f1_f1": 0.9305530802590151
}