{
    "boundary": {
        "precision": 0.7631578947368421,
        "recall": 0.6304347826086957,
        "num_correct": 29,
        "num_predicted": 38,
        "num_true": 46,
        "FP": 9,
        "FN": 17,
        "f1": 0.6904761904761905
    },
    "boundary_strict": {
        "precision": 0.7105263157894737,
        "recall": 0.5869565217391305,
        "num_correct": 27,
        "num_predicted": 38,
        "num_true": 46,
        "FP": 11,
        "FN": 19,
        "f1": 0.6428571428571428
    },
    "classification": {
        "TP": 24,
        "TN": 3,
        "FP": 2,
        "FN": 0,
        "spesificity": 0.6,
        "fp_rate": 0.4,
        "fn_rate": 0.0,
        "g_mean": 0.7745966692414834,
        "precision": 0.9230769230769231,
        "recall": 1.0,
        "f1": 0.96,
        "f1_abs": 0.6628571428571428,
        "accuracy": 0.9310344827586207,
        "support": 29
    },
    "f1_f1": 0.6763848396501457
}