{
    "boundary": {
        "precision": 0.9130434782608695,
        "recall": 0.9130434782608695,
        "num_correct": 42,
        "num_predicted": 46,
        "num_true": 46,
        "FP": 4,
        "FN": 4,
        "f1": 0.9130434782608695
    },
    "boundary_strict": {
        "precision": 0.8478260869565217,
        "recall": 0.8478260869565217,
        "num_correct": 39,
        "num_predicted": 46,
        "num_true": 46,
        "FP": 7,
        "FN": 7,
        "f1": 0.8478260869565218
    },
    "classification": {
        "TP": 34,
        "TN": 5,
        "FP": 2,
        "FN": 1,
        "spesificity": 0.7142857142857143,
        "fp_rate": 0.2857142857142857,
        "fn_rate": 0.02857142857142858,
        "g_mean": 0.8329931278350429,
        "precision": 0.9444444444444444,
        "recall": 0.9714285714285714,
        "f1": 0.9577464788732394,
        "f1_abs": 0.8744641763625228,
        "accuracy": 0.9285714285714286,
        "support": 42
    },
    "f1_f1": 0.8933375039099155
}