{
    "boundary": {
        "precision": 0.9839228295819936,
        "recall": 0.9503105590062112,
        "num_correct": 306,
        "num_predicted": 311,
        "num_true": 322,
        "FP": 5,
        "FN": 16,
        "f1": 0.9668246445497631
    },
    "boundary_strict": {
        "precision": 0.9453376205787781,
        "recall": 0.9130434782608695,
        "num_correct": 294,
        "num_predicted": 311,
        "num_true": 322,
        "FP": 17,
        "FN": 28,
        "f1": 0.928909952606635
    },
    "classification": {
        "TP": 192,
        "TN": 102,
        "FP": 7,
        "FN": 5,
        "spesificity": 0.9357798165137615,
        "fp_rate": 0.06422018348623848,
        "fn_rate": 0.025380710659898442,
        "g_mean": 0.9550021255209085,
        "precision": 0.964824120603015,
        "recall": 0.9746192893401016,
        "f1": 0.9696969696969697,
        "f1_abs": 0.9375269280482552,
        "accuracy": 0.9607843137254902,
        "support": 306
    },
    "f1_f1": 0.9519504192489976
}