{
    "boundary": {
        "precision": 0.6,
        "recall": 0.19047619047619047,
        "num_correct": 12,
        "num_predicted": 20,
        "num_true": 63,
        "FP": 8,
        "FN": 51,
        "f1": 0.2891566265060241
    },
    "classification": {
        "TP": 7.0,
        "TN": 5.0,
        "FP": 0.0,
        "FN": 0.0,
        "spesificity": 1.0,
        "fp_rate": 0.0,
        "fn_rate": 0.0,
        "g_mean": 1.0,
        "precision": 1.0,
        "recall": 1.0,
        "f1": 1.0,
        "f1_abs": 0.2891566265060241,
        "accuracy": 1.0,
        "support": 12
    },
    "f1_f1": 0.2891566265060241
}