{
    "boundary": {
        "precision": 0.8970588235294118,
        "recall": 0.648936170212766,
        "num_correct": 61,
        "num_predicted": 68,
        "num_true": 94,
        "FP": 7,
        "FN": 33,
        "f1": 0.7530864197530864
    },
    "boundary_strict": {
        "precision": 0.8529411764705882,
        "recall": 0.6170212765957447,
        "num_correct": 58,
        "num_predicted": 68,
        "num_true": 94,
        "FP": 10,
        "FN": 36,
        "f1": 0.7160493827160493
    },
    "classification": {
        "TP": 28,
        "TN": 30,
        "FP": 2,
        "FN": 1,
        "spesificity": 0.9375,
        "fp_rate": 0.0625,
        "fn_rate": 0.03448275862068961,
        "g_mean": 0.9514054938842341,
        "precision": 0.9333333333333333,
        "recall": 0.9655172413793104,
        "f1": 0.9491525423728814,
        "f1_abs": 0.7147938899351329,
        "accuracy": 0.9508196721311475,
        "support": 61
    },
    "f1_f1": 0.7334406870638756
}