{
    "boundary": {
        "precision": 0.9905956112852664,
        "recall": 0.9813664596273292,
        "num_correct": 316,
        "num_predicted": 319,
        "num_true": 322,
        "FP": 3,
        "FN": 6,
        "f1": 0.985959438377535
    },
    "boundary_strict": {
        "precision": 0.9247648902821317,
        "recall": 0.9161490683229814,
        "num_correct": 295,
        "num_predicted": 319,
        "num_true": 322,
        "FP": 24,
        "FN": 27,
        "f1": 0.920436817472699
    },
    "classification": {
        "TP": 197,
        "TN": 98,
        "FP": 12,
        "FN": 9,
        "spesificity": 0.8909090909090909,
        "fp_rate": 0.10909090909090913,
        "fn_rate": 0.043689320388349495,
        "g_mean": 0.9230308110780866,
        "precision": 0.9425837320574163,
        "recall": 0.9563106796116505,
        "f1": 0.9493975903614459,
        "f1_abs": 0.9360675149897562,
        "accuracy": 0.9335443037974683,
        "support": 316
    },
    "f1_f1": 0.9603659300883778
}