{
    "boundary": {
        "precision": 0.8588235294117647,
        "recall": 0.776595744680851,
        "num_correct": 73,
        "num_predicted": 85,
        "num_true": 94,
        "FP": 12,
        "FN": 21,
        "f1": 0.8156424581005587
    },
    "boundary_strict": {
        "precision": 0.8352941176470589,
        "recall": 0.7553191489361702,
        "num_correct": 71,
        "num_predicted": 85,
        "num_true": 94,
        "FP": 14,
        "FN": 23,
        "f1": 0.7932960893854748
    },
    "classification": {
        "TP": 37,
        "TN": 34,
        "FP": 2,
        "FN": 0,
        "spesificity": 0.9444444444444444,
        "fp_rate": 0.05555555555555558,
        "fn_rate": 0.0,
        "g_mean": 0.97182531580755,
        "precision": 0.9487179487179487,
        "recall": 1.0,
        "f1": 0.9736842105263158,
        "f1_abs": 0.7941781828873861,
        "accuracy": 0.9726027397260274,
        "support": 73
    },
    "f1_f1": 0.8047672253258845
}