{
    "boundary": {
        "precision": 0.9885057471264368,
        "recall": 0.9148936170212766,
        "num_correct": 86,
        "num_predicted": 87,
        "num_true": 94,
        "FP": 1,
        "FN": 8,
        "f1": 0.9502762430939227
    },
    "boundary_strict": {
        "precision": 0.9540229885057471,
        "recall": 0.8829787234042553,
        "num_correct": 83,
        "num_predicted": 87,
        "num_true": 94,
        "FP": 4,
        "FN": 11,
        "f1": 0.9171270718232043
    },
    "classification": {
        "TP": 42,
        "TN": 41,
        "FP": 2,
        "FN": 1,
        "spesificity": 0.9534883720930233,
        "fp_rate": 0.046511627906976716,
        "fn_rate": 0.023255813953488413,
        "g_mean": 0.9650462288951828,
        "precision": 0.9545454545454546,
        "recall": 0.9767441860465116,
        "f1": 0.9655172413793104,
        "f1_abs": 0.9175080967803392,
        "accuracy": 0.9651162790697675,
        "support": 86
    },
    "f1_f1": 0.9336047300571871
}