{
    "boundary": {
        "precision": 0.8275862068965517,
        "recall": 0.4,
        "num_correct": 24,
        "num_predicted": 29,
        "num_true": 60,
        "FP": 5,
        "FN": 36,
        "f1": 0.5393258426966292
    },
    "boundary_strict": {
        "precision": 0.8275862068965517,
        "recall": 0.4,
        "num_correct": 24,
        "num_predicted": 29,
        "num_true": 60,
        "FP": 5,
        "FN": 36,
        "f1": 0.5393258426966292
    },
    "classification": {
        "TP": 15,
        "TN": 9,
        "FP": 0,
        "FN": 0,
        "spesificity": 1.0,
        "fp_rate": 0.0,
        "fn_rate": 0.0,
        "g_mean": 1.0,
        "precision": 1.0,
        "recall": 1.0,
        "f1": 1.0,
        "f1_abs": 0.5393258426966292,
        "accuracy": 1.0,
        "support": 24
    },
    "f1_f1": 0.5393258426966292
}