{
    "boundary": {
        "precision": 0.8888888888888888,
        "recall": 0.26666666666666666,
        "num_correct": 16,
        "num_predicted": 18,
        "num_true": 60,
        "FP": 2,
        "FN": 44,
        "f1": 0.41025641025641024
    },
    "boundary_strict": {
        "precision": 0.8888888888888888,
        "recall": 0.26666666666666666,
        "num_correct": 16,
        "num_predicted": 18,
        "num_true": 60,
        "FP": 2,
        "FN": 44,
        "f1": 0.41025641025641024
    },
    "classification": {
        "TP": 10,
        "TN": 6,
        "FP": 0,
        "FN": 0,
        "spesificity": 1.0,
        "fp_rate": 0.0,
        "fn_rate": 0.0,
        "g_mean": 1.0,
        "precision": 1.0,
        "recall": 1.0,
        "f1": 1.0,
        "f1_abs": 0.41025641025641024,
        "accuracy": 1.0,
        "support": 16
    },
    "f1_f1": 0.41025641025641024
}