{
    "boundary": {
        "precision": 0.9512195121951219,
        "recall": 0.8478260869565217,
        "num_correct": 39,
        "num_predicted": 41,
        "num_true": 46,
        "FP": 2,
        "FN": 7,
        "f1": 0.8965517241379309
    },
    "boundary_strict": {
        "precision": 0.8780487804878049,
        "recall": 0.782608695652174,
        "num_correct": 36,
        "num_predicted": 41,
        "num_true": 46,
        "FP": 5,
        "FN": 10,
        "f1": 0.8275862068965518
    },
    "classification": {
        "TP": 31,
        "TN": 5,
        "FP": 2,
        "FN": 1,
        "spesificity": 0.7142857142857143,
        "fp_rate": 0.2857142857142857,
        "fn_rate": 0.03125,
        "g_mean": 0.8318439070608654,
        "precision": 0.9393939393939394,
        "recall": 0.96875,
        "f1": 0.9538461538461539,
        "f1_abs": 0.8551724137931034,
        "accuracy": 0.9230769230769231,
        "support": 39
    },
    "f1_f1": 0.8753733369535703
}