{
    "boundary": {
        "precision": 0.9090909090909091,
        "recall": 0.9090909090909091,
        "num_correct": 30,
        "num_predicted": 33,
        "num_true": 33,
        "FP": 3,
        "FN": 3,
        "f1": 0.9090909090909091
    },
    "boundary_strict": {
        "precision": 0.7878787878787878,
        "recall": 0.7878787878787878,
        "num_correct": 26,
        "num_predicted": 33,
        "num_true": 33,
        "FP": 7,
        "FN": 7,
        "f1": 0.7878787878787878
    },
    "classification": {
        "TP": 13,
        "TN": 13,
        "FP": 3,
        "FN": 1,
        "spesificity": 0.8125,
        "fp_rate": 0.1875,
        "fn_rate": 0.0714285714285714,
        "g_mean": 0.8685990362153793,
        "precision": 0.8125,
        "recall": 0.9285714285714286,
        "f1": 0.8666666666666667,
        "f1_abs": 0.7878787878787878,
        "accuracy": 0.8666666666666667,
        "support": 30
    },
    "f1_f1": 0.8441558441558441
}