{
    "boundary": {
        "precision": 0.5625,
        "recall": 0.2727272727272727,
        "num_correct": 9,
        "num_predicted": 16,
        "num_true": 33,
        "FP": 7,
        "FN": 24,
        "f1": 0.36734693877551017
    },
    "boundary_strict": {
        "precision": 0.5,
        "recall": 0.24242424242424243,
        "num_correct": 8,
        "num_predicted": 16,
        "num_true": 33,
        "FP": 8,
        "FN": 25,
        "f1": 0.326530612244898
    },
    "classification": {
        "TP": 7,
        "TN": 1,
        "FP": 0,
        "FN": 1,
        "spesificity": 1.0,
        "fp_rate": 0.0,
        "fn_rate": 0.125,
        "g_mean": 0.9354143466934853,
        "precision": 1.0,
        "recall": 0.875,
        "f1": 0.9333333333333333,
        "f1_abs": 0.3428571428571428,
        "accuracy": 0.8888888888888888,
        "support": 9
    },
    "f1_f1": 0.354679802955665
}