{
    "boundary": {
        "precision": 0.9550561797752809,
        "recall": 0.9042553191489362,
        "num_correct": 85,
        "num_predicted": 89,
        "num_true": 94,
        "FP": 4,
        "FN": 9,
        "f1": 0.9289617486338798
    },
    "boundary_strict": {
        "precision": 0.8876404494382022,
        "recall": 0.8404255319148937,
        "num_correct": 79,
        "num_predicted": 89,
        "num_true": 94,
        "FP": 10,
        "FN": 15,
        "f1": 0.8633879781420766
    },
    "classification": {
        "TP": 43,
        "TN": 36,
        "FP": 5,
        "FN": 1,
        "spesificity": 0.8780487804878049,
        "fp_rate": 0.12195121951219512,
        "fn_rate": 0.022727272727272707,
        "g_mean": 0.9263331616571919,
        "precision": 0.8958333333333334,
        "recall": 0.9772727272727273,
        "f1": 0.9347826086956522,
        "f1_abs": 0.8683772867664529,
        "accuracy": 0.9294117647058824,
        "support": 85
    },
    "f1_f1": 0.8976484312641985
}