{
    "boundary": {
        "precision": 0.6,
        "recall": 0.13043478260869565,
        "num_correct": 6,
        "num_predicted": 10,
        "num_true": 46,
        "FP": 4,
        "FN": 40,
        "f1": 0.21428571428571427
    },
    "boundary_strict": {
        "precision": 0.5,
        "recall": 0.10869565217391304,
        "num_correct": 5,
        "num_predicted": 10,
        "num_true": 46,
        "FP": 5,
        "FN": 41,
        "f1": 0.17857142857142855
    },
    "classification": {
        "TP": 5,
        "TN": 0,
        "FP": 1,
        "FN": 0,
        "spesificity": 0.0,
        "fp_rate": 1.0,
        "fn_rate": 0.0,
        "g_mean": 0.0,
        "precision": 0.8333333333333334,
        "recall": 1.0,
        "f1": 0.9090909090909091,
        "f1_abs": 0.1948051948051948,
        "accuracy": 0.8333333333333334,
        "support": 6
    },
    "f1_f1": 0.2040816326530612
}