{
    "boundary": {
        "precision": 0.976271186440678,
        "recall": 0.9381107491856677,
        "num_correct": 288,
        "num_predicted": 295,
        "num_true": 307,
        "FP": 7,
        "FN": 19,
        "f1": 0.9568106312292358
    },
    "boundary_strict": {
        "precision": 0.9254237288135593,
        "recall": 0.8892508143322475,
        "num_correct": 273,
        "num_predicted": 295,
        "num_true": 307,
        "FP": 22,
        "FN": 34,
        "f1": 0.9069767441860465
    },
    "classification": {
        "TP": 186,
        "TN": 87,
        "FP": 10,
        "FN": 5,
        "spesificity": 0.8969072164948454,
        "fp_rate": 0.1030927835051546,
        "fn_rate": 0.02617801047120416,
        "g_mean": 0.9345736835529581,
        "precision": 0.9489795918367347,
        "recall": 0.9738219895287958,
        "f1": 0.9612403100775194,
        "f1_abs": 0.9197249478482578,
        "accuracy": 0.9479166666666666,
        "support": 288
    },
    "f1_f1": 0.9379013302168003
}