{
    "boundary": {
        "precision": 0.9876543209876543,
        "recall": 0.851063829787234,
        "num_correct": 80,
        "num_predicted": 81,
        "num_true": 94,
        "FP": 1,
        "FN": 14,
        "f1": 0.9142857142857143
    },
    "boundary_strict": {
        "precision": 0.9506172839506173,
        "recall": 0.8191489361702128,
        "num_correct": 77,
        "num_predicted": 81,
        "num_true": 94,
        "FP": 4,
        "FN": 17,
        "f1": 0.8799999999999999
    },
    "classification": {
        "TP": 40,
        "TN": 37,
        "FP": 3,
        "FN": 0,
        "spesificity": 0.925,
        "fp_rate": 0.07499999999999996,
        "fn_rate": 0.0,
        "g_mean": 0.9617692030835673,
        "precision": 0.9302325581395349,
        "recall": 1.0,
        "f1": 0.963855421686747,
        "f1_abs": 0.8812392426850257,
        "accuracy": 0.9625,
        "support": 80
    },
    "f1_f1": 0.8974583698510078
}