{
    "boundary": {
        "precision": 0.7857142857142857,
        "recall": 0.717391304347826,
        "num_correct": 33,
        "num_predicted": 42,
        "num_true": 46,
        "FP": 9,
        "FN": 13,
        "f1": 0.75
    },
    "boundary_strict": {
        "precision": 0.7142857142857143,
        "recall": 0.6521739130434783,
        "num_correct": 30,
        "num_predicted": 42,
        "num_true": 46,
        "FP": 12,
        "FN": 16,
        "f1": 0.6818181818181819
    },
    "classification": {
        "TP": 25,
        "TN": 5,
        "FP": 2,
        "FN": 1,
        "spesificity": 0.7142857142857143,
        "fp_rate": 0.2857142857142857,
        "fn_rate": 0.038461538461538436,
        "g_mean": 0.8287419301647448,
        "precision": 0.9259259259259259,
        "recall": 0.9615384615384616,
        "f1": 0.9433962264150944,
        "f1_abs": 0.7075471698113207,
        "accuracy": 0.9090909090909091,
        "support": 33
    },
    "f1_f1": 0.7281553398058253
}