{
    "boundary": {
        "precision": 0.7297297297297297,
        "recall": 0.5869565217391305,
        "num_correct": 27,
        "num_predicted": 37,
        "num_true": 46,
        "FP": 10,
        "FN": 19,
        "f1": 0.6506024096385542
    },
    "boundary_strict": {
        "precision": 0.6216216216216216,
        "recall": 0.5,
        "num_correct": 23,
        "num_predicted": 37,
        "num_true": 46,
        "FP": 14,
        "FN": 23,
        "f1": 0.5542168674698795
    },
    "classification": {
        "TP": 19,
        "TN": 4,
        "FP": 3,
        "FN": 1,
        "spesificity": 0.5714285714285714,
        "fp_rate": 0.4285714285714286,
        "fn_rate": 0.050000000000000044,
        "g_mean": 0.7367883976130072,
        "precision": 0.8636363636363636,
        "recall": 0.95,
        "f1": 0.9047619047619048,
        "f1_abs": 0.5886402753872634,
        "accuracy": 0.8518518518518519,
        "support": 27
    },
    "f1_f1": 0.6180722891566265
}