{
    "boundary": {
        "precision": 0.35294117647058826,
        "recall": 0.1276595744680851,
        "num_correct": 12,
        "num_predicted": 34,
        "num_true": 94,
        "FP": 22,
        "FN": 82,
        "f1": 0.18749999999999997
    },
    "boundary_strict": {
        "precision": 0.3235294117647059,
        "recall": 0.11702127659574468,
        "num_correct": 11,
        "num_predicted": 34,
        "num_true": 94,
        "FP": 23,
        "FN": 83,
        "f1": 0.171875
    },
    "classification": {
        "TP": 5,
        "TN": 6,
        "FP": 0,
        "FN": 1,
        "spesificity": 1.0,
        "fp_rate": 0.0,
        "fn_rate": 0.16666666666666663,
        "g_mean": 0.9128709291752769,
        "precision": 1.0,
        "recall": 0.8333333333333334,
        "f1": 0.9090909090909091,
        "f1_abs": 0.17045454545454541,
        "accuracy": 0.9166666666666666,
        "support": 12
    },
    "f1_f1": 0.17857142857142852
}