{
    "boundary": {
        "precision": 0.9130434782608695,
        "recall": 0.9130434782608695,
        "num_correct": 42,
        "num_predicted": 46,
        "num_true": 46,
        "FP": 4,
        "FN": 4,
        "f1": 0.9130434782608695
    },
    "boundary_strict": {
        "precision": 0.7608695652173914,
        "recall": 0.7608695652173914,
        "num_correct": 35,
        "num_predicted": 46,
        "num_true": 46,
        "FP": 11,
        "FN": 11,
        "f1": 0.7608695652173914
    },
    "classification": {
        "TP": 32,
        "TN": 3,
        "FP": 6,
        "FN": 1,
        "spesificity": 0.3333333333333333,
        "fp_rate": 0.6666666666666667,
        "fn_rate": 0.030303030303030276,
        "g_mean": 0.5685352436149611,
        "precision": 0.8421052631578947,
        "recall": 0.9696969696969697,
        "f1": 0.9014084507042254,
        "f1_abs": 0.8230251071647274,
        "accuracy": 0.8333333333333334,
        "support": 42
    },
    "f1_f1": 0.8657004830917875
}