{
    "boundary": {
        "precision": 0.6666666666666666,
        "recall": 0.06060606060606061,
        "num_correct": 2,
        "num_predicted": 3,
        "num_true": 33,
        "FP": 1,
        "FN": 31,
        "f1": 0.1111111111111111
    },
    "boundary_strict": {
        "precision": 0.3333333333333333,
        "recall": 0.030303030303030304,
        "num_correct": 1,
        "num_predicted": 3,
        "num_true": 33,
        "FP": 2,
        "FN": 32,
        "f1": 0.05555555555555555
    },
    "classification": {
        "TP": 0,
        "TN": 1,
        "FP": 1,
        "FN": 0,
        "spesificity": 0.5,
        "fp_rate": 0.5,
        "fn_rate": 1.0,
        "g_mean": 0.0,
        "precision": 0.0,
        "recall": 0.0,
        "f1": 0.0,
        "f1_abs": 0.0,
        "accuracy": 0.5,
        "support": 2
    },
    "f1_f1": 0.0
}