{
    "boundary": {
        "precision": 0.9259259259259259,
        "recall": 0.8333333333333334,
        "num_correct": 50,
        "num_predicted": 54,
        "num_true": 60,
        "FP": 4,
        "FN": 10,
        "f1": 0.8771929824561403
    },
    "boundary_strict": {
        "precision": 0.8888888888888888,
        "recall": 0.8,
        "num_correct": 48,
        "num_predicted": 54,
        "num_true": 60,
        "FP": 6,
        "FN": 12,
        "f1": 0.8421052631578948
    },
    "classification": {
        "TP": 23,
        "TN": 25,
        "FP": 0,
        "FN": 2,
        "spesificity": 1.0,
        "fp_rate": 0.0,
        "fn_rate": 0.07999999999999996,
        "g_mean": 0.9591663046625439,
        "precision": 1.0,
        "recall": 0.92,
        "f1": 0.9583333333333334,
        "f1_abs": 0.8406432748538012,
        "accuracy": 0.96,
        "support": 50
    },
    "f1_f1": 0.8585293019783502
}