{
    "boundary": {
        "precision": 0.9771241830065359,
        "recall": 0.9285714285714286,
        "num_correct": 299,
        "num_predicted": 306,
        "num_true": 322,
        "FP": 7,
        "FN": 23,
        "f1": 0.9522292993630573
    },
    "boundary_strict": {
        "precision": 0.9477124183006536,
        "recall": 0.9006211180124224,
        "num_correct": 290,
        "num_predicted": 306,
        "num_true": 322,
        "FP": 16,
        "FN": 32,
        "f1": 0.9235668789808917
    },
    "classification": {
        "TP": 192,
        "TN": 98,
        "FP": 7,
        "FN": 2,
        "spesificity": 0.9333333333333333,
        "fp_rate": 0.06666666666666665,
        "fn_rate": 0.010309278350515427,
        "g_mean": 0.9610990272631564,
        "precision": 0.964824120603015,
        "recall": 0.9896907216494846,
        "f1": 0.9770992366412213,
        "f1_abs": 0.9304225215150483,
        "accuracy": 0.9698996655518395,
        "support": 299
    },
    "f1_f1": 0.9411996163588521
}