{
    "boundary": {
        "precision": 0.5,
        "recall": 0.17,
        "num_correct": 17,
        "num_predicted": 34,
        "num_true": 100,
        "FP": 17,
        "FN": 83,
        "f1": 0.2537313432835821
    },
    "classification": {
        "TP": 4.0,
        "TN": 13.0,
        "FP": 0.0,
        "FN": 0.0,
        "spesificity": 1.0,
        "fp_rate": 0.0,
        "fn_rate": 0.0,
        "g_mean": 1.0,
        "precision": 1.0,
        "recall": 1.0,
        "f1": 1.0,
        "f1_abs": 0.2537313432835821,
        "accuracy": 1.0,
        "support": 17
    },
    "f1_f1": 0.2537313432835821
}