{
    "boundary": {
        "precision": 0.8266666666666667,
        "recall": 0.62,
        "num_correct": 62,
        "num_predicted": 75,
        "num_true": 100,
        "FP": 13,
        "FN": 38,
        "f1": 0.7085714285714284
    },
    "boundary_strict": {
        "precision": 0.8133333333333334,
        "recall": 0.61,
        "num_correct": 61,
        "num_predicted": 75,
        "num_true": 100,
        "FP": 14,
        "FN": 39,
        "f1": 0.6971428571428571
    },
    "classification": {
        "TP": 30,
        "TN": 31,
        "FP": 1,
        "FN": 0,
        "spesificity": 0.96875,
        "fp_rate": 0.03125,
        "fn_rate": 0.0,
        "g_mean": 0.9842509842514764,
        "precision": 0.967741935483871,
        "recall": 1.0,
        "f1": 0.9836065573770492,
        "f1_abs": 0.6969555035128804,
        "accuracy": 0.9838709677419355,
        "support": 62
    },
    "f1_f1": 0.7027154663518298
}