{
    "boundary": {
        "precision": 1.0,
        "recall": 0.9393939393939394,
        "num_correct": 31,
        "num_predicted": 31,
        "num_true": 33,
        "FP": 0,
        "FN": 2,
        "f1": 0.96875
    },
    "boundary_strict": {
        "precision": 0.967741935483871,
        "recall": 0.9090909090909091,
        "num_correct": 30,
        "num_predicted": 31,
        "num_true": 33,
        "FP": 1,
        "FN": 3,
        "f1": 0.9374999999999999
    },
    "classification": {
        "TP": 14,
        "TN": 16,
        "FP": 1,
        "FN": 0,
        "spesificity": 0.9411764705882353,
        "fp_rate": 0.05882352941176472,
        "fn_rate": 0.0,
        "g_mean": 0.9701425001453319,
        "precision": 0.9333333333333333,
        "recall": 1.0,
        "f1": 0.9655172413793104,
        "f1_abs": 0.935344827586207,
        "accuracy": 0.967741935483871,
        "support": 31
    },
    "f1_f1": 0.9517543859649124
}