{
    "boundary": {
        "precision": 0.9934426229508196,
        "recall": 0.9409937888198758,
        "num_correct": 303,
        "num_predicted": 305,
        "num_true": 322,
        "FP": 2,
        "FN": 19,
        "f1": 0.9665071770334928
    },
    "boundary_strict": {
        "precision": 0.9573770491803278,
        "recall": 0.906832298136646,
        "num_correct": 292,
        "num_predicted": 305,
        "num_true": 322,
        "FP": 13,
        "FN": 30,
        "f1": 0.9314194577352473
    },
    "classification": {
        "TP": 195,
        "TN": 97,
        "FP": 8,
        "FN": 3,
        "spesificity": 0.9238095238095239,
        "fp_rate": 0.07619047619047614,
        "fn_rate": 0.015151515151515138,
        "g_mean": 0.9538408723746377,
        "precision": 0.9605911330049262,
        "recall": 0.9848484848484849,
        "f1": 0.972568578553616,
        "f1_abs": 0.9399945113293322,
        "accuracy": 0.9636963696369637,
        "support": 303
    },
    "f1_f1": 0.9530664956841016
}