{
    "boundary": {
        "precision": 0.9591836734693877,
        "recall": 0.94,
        "num_correct": 94,
        "num_predicted": 98,
        "num_true": 100,
        "FP": 4,
        "FN": 6,
        "f1": 0.9494949494949495
    },
    "classification": {
        "TP": 45.0,
        "TN": 44.0,
        "FP": 5.0,
        "FN": 0.0,
        "spesificity": 0.8979591836734694,
        "fp_rate": 0.10204081632653061,
        "fn_rate": 0.0,
        "g_mean": 0.9476070829586857,
        "precision": 0.9,
        "recall": 1.0,
        "f1": 0.9473684210526316,
        "f1_abs": 0.8995215311004785,
        "accuracy": 0.9468085106382979,
        "support": 94
    },
    "f1_f1": 0.9238329238329238
}