{
    "boundary": {
        "precision": 0.8333333333333334,
        "recall": 0.7608695652173914,
        "num_correct": 35,
        "num_predicted": 42,
        "num_true": 46,
        "FP": 7,
        "FN": 11,
        "f1": 0.7954545454545455
    },
    "boundary_strict": {
        "precision": 0.7380952380952381,
        "recall": 0.6739130434782609,
        "num_correct": 31,
        "num_predicted": 42,
        "num_true": 46,
        "FP": 11,
        "FN": 15,
        "f1": 0.7045454545454546
    },
    "classification": {
        "TP": 25,
        "TN": 6,
        "FP": 4,
        "FN": 0,
        "spesificity": 0.6,
        "fp_rate": 0.4,
        "fn_rate": 0.0,
        "g_mean": 0.7745966692414834,
        "precision": 0.8620689655172413,
        "recall": 1.0,
        "f1": 0.9259259259259259,
        "f1_abs": 0.7365319865319866,
        "accuracy": 0.8857142857142857,
        "support": 35
    },
    "f1_f1": 0.7648601398601399
}