{
    "boundary": {
        "precision": 0.9659090909090909,
        "recall": 0.9042553191489362,
        "num_correct": 85,
        "num_predicted": 88,
        "num_true": 94,
        "FP": 3,
        "FN": 9,
        "f1": 0.9340659340659342
    },
    "boundary_strict": {
        "precision": 0.9431818181818182,
        "recall": 0.8829787234042553,
        "num_correct": 83,
        "num_predicted": 88,
        "num_true": 94,
        "FP": 5,
        "FN": 11,
        "f1": 0.9120879120879122
    },
    "classification": {
        "TP": 43,
        "TN": 40,
        "FP": 2,
        "FN": 0,
        "spesificity": 0.9523809523809523,
        "fp_rate": 0.04761904761904767,
        "fn_rate": 0.0,
        "g_mean": 0.9759000729485332,
        "precision": 0.9555555555555556,
        "recall": 1.0,
        "f1": 0.9772727272727273,
        "f1_abs": 0.912837162837163,
        "accuracy": 0.9764705882352941,
        "support": 85
    },
    "f1_f1": 0.9233295440191993
}