{
    "boundary": {
        "precision": 0.9318181818181818,
        "recall": 0.8913043478260869,
        "num_correct": 41,
        "num_predicted": 44,
        "num_true": 46,
        "FP": 3,
        "FN": 5,
        "f1": 0.9111111111111111
    },
    "boundary_strict": {
        "precision": 0.8863636363636364,
        "recall": 0.8478260869565217,
        "num_correct": 39,
        "num_predicted": 44,
        "num_true": 46,
        "FP": 5,
        "FN": 7,
        "f1": 0.8666666666666666
    },
    "classification": {
        "TP": 33,
        "TN": 6,
        "FP": 1,
        "FN": 1,
        "spesificity": 0.8571428571428571,
        "fp_rate": 0.1428571428571429,
        "fn_rate": 0.02941176470588236,
        "g_mean": 0.9121034881575903,
        "precision": 0.9705882352941176,
        "recall": 0.9705882352941176,
        "f1": 0.9705882352941176,
        "f1_abs": 0.884313725490196,
        "accuracy": 0.9512195121951219,
        "support": 41
    },
    "f1_f1": 0.8975124378109454
}