{
    "boundary": {
        "precision": 0.9111111111111111,
        "recall": 0.8913043478260869,
        "num_correct": 41,
        "num_predicted": 45,
        "num_true": 46,
        "FP": 4,
        "FN": 5,
        "f1": 0.9010989010989011
    },
    "boundary_strict": {
        "precision": 0.8444444444444444,
        "recall": 0.8260869565217391,
        "num_correct": 38,
        "num_predicted": 45,
        "num_true": 46,
        "FP": 7,
        "FN": 8,
        "f1": 0.8351648351648352
    },
    "classification": {
        "TP": 33,
        "TN": 5,
        "FP": 3,
        "FN": 0,
        "spesificity": 0.625,
        "fp_rate": 0.375,
        "fn_rate": 0.0,
        "g_mean": 0.7905694150420949,
        "precision": 0.9166666666666666,
        "recall": 1.0,
        "f1": 0.9565217391304348,
        "f1_abs": 0.8619206880076445,
        "accuracy": 0.926829268292683,
        "support": 41
    },
    "f1_f1": 0.881074481074481
}