{
    "boundary": {
        "precision": 0.7692307692307693,
        "recall": 0.30303030303030304,
        "num_correct": 10,
        "num_predicted": 13,
        "num_true": 33,
        "FP": 3,
        "FN": 23,
        "f1": 0.43478260869565216
    },
    "boundary_strict": {
        "precision": 0.6923076923076923,
        "recall": 0.2727272727272727,
        "num_correct": 9,
        "num_predicted": 13,
        "num_true": 33,
        "FP": 4,
        "FN": 24,
        "f1": 0.391304347826087
    },
    "classification": {
        "TP": 6,
        "TN": 3,
        "FP": 1,
        "FN": 0,
        "spesificity": 0.75,
        "fp_rate": 0.25,
        "fn_rate": 0.0,
        "g_mean": 0.8660254037844386,
        "precision": 0.8571428571428571,
        "recall": 1.0,
        "f1": 0.9230769230769231,
        "f1_abs": 0.4013377926421405,
        "accuracy": 0.9,
        "support": 10
    },
    "f1_f1": 0.4173913043478261
}