{
    "boundary": {
        "precision": 0.9936305732484076,
        "recall": 0.968944099378882,
        "num_correct": 312,
        "num_predicted": 314,
        "num_true": 322,
        "FP": 2,
        "FN": 10,
        "f1": 0.9811320754716981
    },
    "boundary_strict": {
        "precision": 0.9585987261146497,
        "recall": 0.9347826086956522,
        "num_correct": 301,
        "num_predicted": 314,
        "num_true": 322,
        "FP": 13,
        "FN": 21,
        "f1": 0.9465408805031447
    },
    "classification": {
        "TP": 198,
        "TN": 103,
        "FP": 8,
        "FN": 3,
        "spesificity": 0.9279279279279279,
        "fp_rate": 0.07207207207207211,
        "fn_rate": 0.014925373134328401,
        "g_mean": 0.9560743994908761,
        "precision": 0.9611650485436893,
        "recall": 0.9850746268656716,
        "f1": 0.972972972972973,
        "f1_abs": 0.9546149923508415,
        "accuracy": 0.9647435897435898,
        "support": 312
    },
    "f1_f1": 0.9676919100542776
}