{
    "boundary": {
        "precision": 0.984375,
        "recall": 0.9782608695652174,
        "num_correct": 315,
        "num_predicted": 320,
        "num_true": 322,
        "FP": 5,
        "FN": 7,
        "f1": 0.9813084112149533
    },
    "boundary_strict": {
        "precision": 0.95625,
        "recall": 0.9503105590062112,
        "num_correct": 306,
        "num_predicted": 320,
        "num_true": 322,
        "FP": 14,
        "FN": 16,
        "f1": 0.9532710280373832
    },
    "classification": {
        "TP": 200,
        "TN": 106,
        "FP": 5,
        "FN": 4,
        "spesificity": 0.954954954954955,
        "fp_rate": 0.04504504504504503,
        "fn_rate": 0.019607843137254943,
        "g_mean": 0.9675899689409011,
        "precision": 0.975609756097561,
        "recall": 0.9803921568627451,
        "f1": 0.9779951100244498,
        "f1_abs": 0.9597148275940863,
        "accuracy": 0.9714285714285714,
        "support": 315
    },
    "f1_f1": 0.9703915067638599
}