{
    "boundary": {
        "precision": 0.9748427672955975,
        "recall": 0.9627329192546584,
        "num_correct": 310,
        "num_predicted": 318,
        "num_true": 322,
        "FP": 8,
        "FN": 12,
        "f1": 0.9687499999999999
    },
    "boundary_strict": {
        "precision": 0.9371069182389937,
        "recall": 0.9254658385093167,
        "num_correct": 298,
        "num_predicted": 318,
        "num_true": 322,
        "FP": 20,
        "FN": 24,
        "f1": 0.93125
    },
    "classification": {
        "TP": 192,
        "TN": 106,
        "FP": 7,
        "FN": 5,
        "spesificity": 0.9380530973451328,
        "fp_rate": 0.06194690265486724,
        "fn_rate": 0.025380710659898442,
        "g_mean": 0.9561614105880839,
        "precision": 0.964824120603015,
        "recall": 0.9746192893401016,
        "f1": 0.9696969696969697,
        "f1_abs": 0.9393939393939393,
        "accuracy": 0.9612903225806452,
        "support": 310
    },
    "f1_f1": 0.9538461538461538
}