{
    "boundary": {
        "precision": 0.9318181818181818,
        "recall": 0.8913043478260869,
        "num_correct": 41,
        "num_predicted": 44,
        "num_true": 46,
        "FP": 3,
        "FN": 5,
        "f1": 0.9111111111111111
    },
    "boundary_strict": {
        "precision": 0.9090909090909091,
        "recall": 0.8695652173913043,
        "num_correct": 40,
        "num_predicted": 44,
        "num_true": 46,
        "FP": 4,
        "FN": 6,
        "f1": 0.888888888888889
    },
    "classification": {
        "TP": 33,
        "TN": 7,
        "FP": 1,
        "FN": 0,
        "spesificity": 0.875,
        "fp_rate": 0.125,
        "fn_rate": 0.0,
        "g_mean": 0.9354143466934853,
        "precision": 0.9705882352941176,
        "recall": 1.0,
        "f1": 0.9850746268656716,
        "f1_abs": 0.8975124378109453,
        "accuracy": 0.975609756097561,
        "support": 41
    },
    "f1_f1": 0.9042606516290727
}