{
    "boundary": {
        "precision": 0.7837837837837838,
        "recall": 0.6304347826086957,
        "num_correct": 29,
        "num_predicted": 37,
        "num_true": 46,
        "FP": 8,
        "FN": 17,
        "f1": 0.6987951807228915
    },
    "boundary_strict": {
        "precision": 0.7567567567567568,
        "recall": 0.6086956521739131,
        "num_correct": 28,
        "num_predicted": 37,
        "num_true": 46,
        "FP": 9,
        "FN": 18,
        "f1": 0.674698795180723
    },
    "classification": {
        "TP": 23,
        "TN": 5,
        "FP": 1,
        "FN": 0,
        "spesificity": 0.8333333333333334,
        "fp_rate": 0.16666666666666663,
        "fn_rate": 0.0,
        "g_mean": 0.9128709291752769,
        "precision": 0.9583333333333334,
        "recall": 1.0,
        "f1": 0.9787234042553191,
        "f1_abs": 0.6839271981543193,
        "accuracy": 0.9655172413793104,
        "support": 29
    },
    "f1_f1": 0.6912812540484519
}