{
    "boundary": {
        "precision": 0.8666666666666667,
        "recall": 0.8125,
        "num_correct": 13,
        "num_predicted": 15,
        "num_true": 16,
        "FP": 2,
        "FN": 3,
        "f1": 0.8387096774193549
    },
    "boundary_strict": {
        "precision": 0.8666666666666667,
        "recall": 0.8125,
        "num_correct": 13,
        "num_predicted": 15,
        "num_true": 16,
        "FP": 2,
        "FN": 3,
        "f1": 0.8387096774193549
    },
    "classification": {
        "TP": 8,
        "TN": 5,
        "FP": 0,
        "FN": 0,
        "spesificity": 1.0,
        "fp_rate": 0.0,
        "fn_rate": 0.0,
        "g_mean": 1.0,
        "precision": 1.0,
        "recall": 1.0,
        "f1": 1.0,
        "f1_abs": 0.8387096774193549,
        "accuracy": 1.0,
        "support": 13
    },
    "f1_f1": 0.8387096774193549
}