{
    "boundary": {
        "precision": 1.0,
        "recall": 0.925531914893617,
        "num_correct": 87,
        "num_predicted": 87,
        "num_true": 94,
        "FP": 0,
        "FN": 7,
        "f1": 0.9613259668508287
    },
    "boundary_strict": {
        "precision": 0.9655172413793104,
        "recall": 0.8936170212765957,
        "num_correct": 84,
        "num_predicted": 87,
        "num_true": 94,
        "FP": 3,
        "FN": 10,
        "f1": 0.9281767955801106
    },
    "classification": {
        "TP": 45,
        "TN": 39,
        "FP": 2,
        "FN": 1,
        "spesificity": 0.9512195121951219,
        "fp_rate": 0.04878048780487809,
        "fn_rate": 0.021739130434782594,
        "g_mean": 0.9646454411582537,
        "precision": 0.9574468085106383,
        "recall": 0.9782608695652174,
        "f1": 0.967741935483871,
        "f1_abs": 0.9303154517911246,
        "accuracy": 0.9655172413793104,
        "support": 87
    },
    "f1_f1": 0.9455665247713069
}