{
    "boundary": {
        "precision": 0.9090909090909091,
        "recall": 0.8695652173913043,
        "num_correct": 40,
        "num_predicted": 44,
        "num_true": 46,
        "FP": 4,
        "FN": 6,
        "f1": 0.888888888888889
    },
    "boundary_strict": {
        "precision": 0.7954545454545454,
        "recall": 0.7608695652173914,
        "num_correct": 35,
        "num_predicted": 44,
        "num_true": 46,
        "FP": 9,
        "FN": 11,
        "f1": 0.7777777777777778
    },
    "classification": {
        "TP": 28,
        "TN": 7,
        "FP": 3,
        "FN": 2,
        "spesificity": 0.7,
        "fp_rate": 0.30000000000000004,
        "fn_rate": 0.06666666666666665,
        "g_mean": 0.8082903768654761,
        "precision": 0.9032258064516129,
        "recall": 0.9333333333333333,
        "f1": 0.9180327868852459,
        "f1_abs": 0.8160291438979964,
        "accuracy": 0.875,
        "support": 40
    },
    "f1_f1": 0.8509021842355177
}