{
    "boundary": {
        "precision": 0.8787878787878788,
        "recall": 0.8787878787878788,
        "num_correct": 29,
        "num_predicted": 33,
        "num_true": 33,
        "FP": 4,
        "FN": 4,
        "f1": 0.8787878787878788
    },
    "boundary_strict": {
        "precision": 0.8181818181818182,
        "recall": 0.8181818181818182,
        "num_correct": 27,
        "num_predicted": 33,
        "num_true": 33,
        "FP": 6,
        "FN": 6,
        "f1": 0.8181818181818182
    },
    "classification": {
        "TP": 12,
        "TN": 15,
        "FP": 0,
        "FN": 2,
        "spesificity": 1.0,
        "fp_rate": 0.0,
        "fn_rate": 0.1428571428571429,
        "g_mean": 0.9258200997725514,
        "precision": 1.0,
        "recall": 0.8571428571428571,
        "f1": 0.9230769230769231,
        "f1_abs": 0.8111888111888113,
        "accuracy": 0.9310344827586207,
        "support": 29
    },
    "f1_f1": 0.8436363636363636
}