{
    "boundary": {
        "precision": 0.8648648648648649,
        "recall": 0.6956521739130435,
        "num_correct": 32,
        "num_predicted": 37,
        "num_true": 46,
        "FP": 5,
        "FN": 14,
        "f1": 0.7710843373493975
    },
    "boundary_strict": {
        "precision": 0.7837837837837838,
        "recall": 0.6304347826086957,
        "num_correct": 29,
        "num_predicted": 37,
        "num_true": 46,
        "FP": 8,
        "FN": 17,
        "f1": 0.6987951807228915
    },
    "classification": {
        "TP": 24,
        "TN": 5,
        "FP": 2,
        "FN": 1,
        "spesificity": 0.7142857142857143,
        "fp_rate": 0.2857142857142857,
        "fn_rate": 0.040000000000000036,
        "g_mean": 0.828078671210825,
        "precision": 0.9230769230769231,
        "recall": 0.96,
        "f1": 0.9411764705882353,
        "f1_abs": 0.7257264351523741,
        "accuracy": 0.90625,
        "support": 32
    },
    "f1_f1": 0.7477181453085067
}