{
    "boundary": {
        "precision": 0.9607843137254902,
        "recall": 0.8166666666666667,
        "num_correct": 49,
        "num_predicted": 51,
        "num_true": 60,
        "FP": 2,
        "FN": 11,
        "f1": 0.882882882882883
    },
    "boundary_strict": {
        "precision": 0.9411764705882353,
        "recall": 0.8,
        "num_correct": 48,
        "num_predicted": 51,
        "num_true": 60,
        "FP": 3,
        "FN": 12,
        "f1": 0.8648648648648648
    },
    "classification": {
        "TP": 26,
        "TN": 22,
        "FP": 1,
        "FN": 0,
        "spesificity": 0.9565217391304348,
        "fp_rate": 0.04347826086956519,
        "fn_rate": 0.0,
        "g_mean": 0.9780192938436515,
        "precision": 0.9629629629629629,
        "recall": 1.0,
        "f1": 0.9811320754716981,
        "f1_abs": 0.8662247152813192,
        "accuracy": 0.9795918367346939,
        "support": 49
    },
    "f1_f1": 0.8744744744744746
}