{
    "boundary": {
        "precision": 0.8484848484848485,
        "recall": 0.8484848484848485,
        "num_correct": 28,
        "num_predicted": 33,
        "num_true": 33,
        "FP": 5,
        "FN": 5,
        "f1": 0.8484848484848486
    },
    "boundary_strict": {
        "precision": 0.7575757575757576,
        "recall": 0.7575757575757576,
        "num_correct": 25,
        "num_predicted": 33,
        "num_true": 33,
        "FP": 8,
        "FN": 8,
        "f1": 0.7575757575757576
    },
    "classification": {
        "TP": 13,
        "TN": 12,
        "FP": 2,
        "FN": 1,
        "spesificity": 0.8571428571428571,
        "fp_rate": 0.1428571428571429,
        "fn_rate": 0.0714285714285714,
        "g_mean": 0.8921425711997711,
        "precision": 0.8666666666666667,
        "recall": 0.9285714285714286,
        "f1": 0.896551724137931,
        "f1_abs": 0.7607105538140022,
        "accuracy": 0.8928571428571429,
        "support": 28
    },
    "f1_f1": 0.8022038567493115
}