{
    "boundary": {
        "precision": 0.9130434782608695,
        "recall": 0.9130434782608695,
        "num_correct": 42,
        "num_predicted": 46,
        "num_true": 46,
        "FP": 4,
        "FN": 4,
        "f1": 0.9130434782608695
    },
    "boundary_strict": {
        "precision": 0.8695652173913043,
        "recall": 0.8695652173913043,
        "num_correct": 40,
        "num_predicted": 46,
        "num_true": 46,
        "FP": 6,
        "FN": 6,
        "f1": 0.8695652173913043
    },
    "classification": {
        "TP": 33,
        "TN": 7,
        "FP": 2,
        "FN": 0,
        "spesificity": 0.7777777777777778,
        "fp_rate": 0.2222222222222222,
        "fn_rate": 0.0,
        "g_mean": 0.8819171036881969,
        "precision": 0.9428571428571428,
        "recall": 1.0,
        "f1": 0.9705882352941176,
        "f1_abs": 0.8861892583120204,
        "accuracy": 0.9523809523809523,
        "support": 42
    },
    "f1_f1": 0.899415963659961
}