{
    "boundary": {
        "precision": 0.9772727272727273,
        "recall": 0.9148936170212766,
        "num_correct": 86,
        "num_predicted": 88,
        "num_true": 94,
        "FP": 2,
        "FN": 8,
        "f1": 0.945054945054945
    },
    "boundary_strict": {
        "precision": 0.9545454545454546,
        "recall": 0.8936170212765957,
        "num_correct": 84,
        "num_predicted": 88,
        "num_true": 94,
        "FP": 4,
        "FN": 10,
        "f1": 0.9230769230769231
    },
    "classification": {
        "TP": 42,
        "TN": 42,
        "FP": 2,
        "FN": 0,
        "spesificity": 0.9545454545454546,
        "fp_rate": 0.045454545454545414,
        "fn_rate": 0.0,
        "g_mean": 0.9770084209183945,
        "precision": 0.9545454545454546,
        "recall": 1.0,
        "f1": 0.9767441860465116,
        "f1_abs": 0.923076923076923,
        "accuracy": 0.9767441860465116,
        "support": 86
    },
    "f1_f1": 0.9339366515837103
}