{
    "boundary": {
        "precision": 0.926829268292683,
        "recall": 0.8260869565217391,
        "num_correct": 38,
        "num_predicted": 41,
        "num_true": 46,
        "FP": 3,
        "FN": 8,
        "f1": 0.8735632183908046
    },
    "boundary_strict": {
        "precision": 0.8292682926829268,
        "recall": 0.7391304347826086,
        "num_correct": 34,
        "num_predicted": 41,
        "num_true": 46,
        "FP": 7,
        "FN": 12,
        "f1": 0.7816091954022988
    },
    "classification": {
        "TP": 28,
        "TN": 6,
        "FP": 2,
        "FN": 2,
        "spesificity": 0.75,
        "fp_rate": 0.25,
        "fn_rate": 0.06666666666666665,
        "g_mean": 0.8366600265340756,
        "precision": 0.9333333333333333,
        "recall": 0.9333333333333333,
        "f1": 0.9333333333333333,
        "f1_abs": 0.8153256704980844,
        "accuracy": 0.8947368421052632,
        "support": 38
    },
    "f1_f1": 0.8434403487911216
}