{
    "boundary": {
        "precision": 0.9069767441860465,
        "recall": 0.8478260869565217,
        "num_correct": 39,
        "num_predicted": 43,
        "num_true": 46,
        "FP": 4,
        "FN": 7,
        "f1": 0.8764044943820224
    },
    "boundary_strict": {
        "precision": 0.8604651162790697,
        "recall": 0.8043478260869565,
        "num_correct": 37,
        "num_predicted": 43,
        "num_true": 46,
        "FP": 6,
        "FN": 9,
        "f1": 0.8314606741573034
    },
    "classification": {
        "TP": 31,
        "TN": 6,
        "FP": 0,
        "FN": 2,
        "spesificity": 1.0,
        "fp_rate": 0.0,
        "fn_rate": 0.06060606060606055,
        "g_mean": 0.9692233691951198,
        "precision": 1.0,
        "recall": 0.9393939393939394,
        "f1": 0.96875,
        "f1_abs": 0.8490168539325842,
        "accuracy": 0.9487179487179487,
        "support": 39
    },
    "f1_f1": 0.8624933119315141
}