{
    "boundary": {
        "precision": 1.0,
        "recall": 1.0,
        "num_correct": 60,
        "num_predicted": 60,
        "num_true": 60,
        "FP": 0,
        "FN": 0,
        "f1": 1.0
    },
    "boundary_strict": {
        "precision": 0.9166666666666666,
        "recall": 0.9166666666666666,
        "num_correct": 55,
        "num_predicted": 60,
        "num_true": 60,
        "FP": 5,
        "FN": 5,
        "f1": 0.9166666666666666
    },
    "classification": {
        "TP": 30,
        "TN": 25,
        "FP": 2,
        "FN": 3,
        "spesificity": 0.9259259259259259,
        "fp_rate": 0.07407407407407407,
        "fn_rate": 0.09090909090909094,
        "g_mean": 0.9174698042719671,
        "precision": 0.9375,
        "recall": 0.9090909090909091,
        "f1": 0.9230769230769231,
        "f1_abs": 0.9230769230769231,
        "accuracy": 0.9166666666666666,
        "support": 60
    },
    "f1_f1": 0.9600000000000001
}