{
    "boundary": {
        "precision": 0.8536585365853658,
        "recall": 0.7608695652173914,
        "num_correct": 35,
        "num_predicted": 41,
        "num_true": 46,
        "FP": 6,
        "FN": 11,
        "f1": 0.8045977011494252
    },
    "boundary_strict": {
        "precision": 0.7804878048780488,
        "recall": 0.6956521739130435,
        "num_correct": 32,
        "num_predicted": 41,
        "num_true": 46,
        "FP": 9,
        "FN": 14,
        "f1": 0.7356321839080461
    },
    "classification": {
        "TP": 28,
        "TN": 4,
        "FP": 2,
        "FN": 1,
        "spesificity": 0.6666666666666666,
        "fp_rate": 0.33333333333333337,
        "fn_rate": 0.03448275862068961,
        "g_mean": 0.802295557085754,
        "precision": 0.9333333333333333,
        "recall": 0.9655172413793104,
        "f1": 0.9491525423728814,
        "f1_abs": 0.7636859536333528,
        "accuracy": 0.9142857142857143,
        "support": 35
    },
    "f1_f1": 0.7836081959020489
}