{
    "boundary": {
        "precision": 0.9888888888888889,
        "recall": 0.9468085106382979,
        "num_correct": 89,
        "num_predicted": 90,
        "num_true": 94,
        "FP": 1,
        "FN": 5,
        "f1": 0.9673913043478262
    },
    "boundary_strict": {
        "precision": 0.9666666666666667,
        "recall": 0.925531914893617,
        "num_correct": 87,
        "num_predicted": 90,
        "num_true": 94,
        "FP": 3,
        "FN": 7,
        "f1": 0.9456521739130436
    },
    "classification": {
        "TP": 45,
        "TN": 42,
        "FP": 2,
        "FN": 0,
        "spesificity": 0.9545454545454546,
        "fp_rate": 0.045454545454545414,
        "fn_rate": 0.0,
        "g_mean": 0.9770084209183945,
        "precision": 0.9574468085106383,
        "recall": 1.0,
        "f1": 0.9782608695652174,
        "f1_abs": 0.9463610586011343,
        "accuracy": 0.9775280898876404,
        "support": 89
    },
    "f1_f1": 0.9567606306736742
}