{
    "boundary": {
        "precision": 0.813953488372093,
        "recall": 0.3723404255319149,
        "num_correct": 35,
        "num_predicted": 43,
        "num_true": 94,
        "FP": 8,
        "FN": 59,
        "f1": 0.5109489051094891
    },
    "boundary_strict": {
        "precision": 0.7906976744186046,
        "recall": 0.3617021276595745,
        "num_correct": 34,
        "num_predicted": 43,
        "num_true": 94,
        "FP": 9,
        "FN": 60,
        "f1": 0.4963503649635036
    },
    "classification": {
        "TP": 18,
        "TN": 16,
        "FP": 1,
        "FN": 0,
        "spesificity": 0.9411764705882353,
        "fp_rate": 0.05882352941176472,
        "fn_rate": 0.0,
        "g_mean": 0.9701425001453319,
        "precision": 0.9473684210526315,
        "recall": 1.0,
        "f1": 0.972972972972973,
        "f1_abs": 0.4971394752416651,
        "accuracy": 0.9714285714285714,
        "support": 35
    },
    "f1_f1": 0.503949605039496
}