{
    "boundary": {
        "precision": 0.8372093023255814,
        "recall": 0.782608695652174,
        "num_correct": 36,
        "num_predicted": 43,
        "num_true": 46,
        "FP": 7,
        "FN": 10,
        "f1": 0.8089887640449438
    },
    "boundary_strict": {
        "precision": 0.7906976744186046,
        "recall": 0.7391304347826086,
        "num_correct": 34,
        "num_predicted": 43,
        "num_true": 46,
        "FP": 9,
        "FN": 12,
        "f1": 0.7640449438202247
    },
    "classification": {
        "TP": 27,
        "TN": 7,
        "FP": 1,
        "FN": 1,
        "spesificity": 0.875,
        "fp_rate": 0.125,
        "fn_rate": 0.0357142857142857,
        "g_mean": 0.9185586535436918,
        "precision": 0.9642857142857143,
        "recall": 0.9642857142857143,
        "f1": 0.9642857142857143,
        "f1_abs": 0.7800963081861958,
        "accuracy": 0.9444444444444444,
        "support": 36
    },
    "f1_f1": 0.7942798774259449
}