{
    "boundary": {
        "precision": 0.9803921568627451,
        "recall": 0.9316770186335404,
        "num_correct": 300,
        "num_predicted": 306,
        "num_true": 322,
        "FP": 6,
        "FN": 22,
        "f1": 0.9554140127388535
    },
    "boundary_strict": {
        "precision": 0.9313725490196079,
        "recall": 0.8850931677018633,
        "num_correct": 285,
        "num_predicted": 306,
        "num_true": 322,
        "FP": 21,
        "FN": 37,
        "f1": 0.9076433121019108
    },
    "classification": {
        "TP": 189,
        "TN": 96,
        "FP": 7,
        "FN": 8,
        "spesificity": 0.9320388349514563,
        "fp_rate": 0.06796116504854366,
        "fn_rate": 0.040609137055837574,
        "g_mean": 0.9456159591301055,
        "precision": 0.9642857142857143,
        "recall": 0.9593908629441624,
        "f1": 0.9618320610687023,
        "f1_abs": 0.9189478290465309,
        "accuracy": 0.95,
        "support": 300
    },
    "f1_f1": 0.9368261914793428
}