{
    "boundary": {
        "precision": 0.9886363636363636,
        "recall": 0.925531914893617,
        "num_correct": 87,
        "num_predicted": 88,
        "num_true": 94,
        "FP": 1,
        "FN": 7,
        "f1": 0.9560439560439561
    },
    "boundary_strict": {
        "precision": 0.9545454545454546,
        "recall": 0.8936170212765957,
        "num_correct": 84,
        "num_predicted": 88,
        "num_true": 94,
        "FP": 4,
        "FN": 10,
        "f1": 0.9230769230769231
    },
    "classification": {
        "TP": 43,
        "TN": 41,
        "FP": 3,
        "FN": 0,
        "spesificity": 0.9318181818181818,
        "fp_rate": 0.06818181818181823,
        "fn_rate": 0.0,
        "g_mean": 0.9653072991634227,
        "precision": 0.9347826086956522,
        "recall": 1.0,
        "f1": 0.9662921348314607,
        "f1_abs": 0.9238177552784295,
        "accuracy": 0.9655172413793104,
        "support": 87
    },
    "f1_f1": 0.9396546310832027
}