{
    "boundary": {
        "precision": 0.9285714285714286,
        "recall": 0.91,
        "num_correct": 91,
        "num_predicted": 98,
        "num_true": 100,
        "FP": 7,
        "FN": 9,
        "f1": 0.9191919191919193
    },
    "classification": {
        "TP": 43.0,
        "TN": 44.0,
        "FP": 4.0,
        "FN": 0.0,
        "spesificity": 0.9166666666666666,
        "fp_rate": 0.08333333333333337,
        "fn_rate": 0.0,
        "g_mean": 0.9574271077563381,
        "precision": 0.9148936170212766,
        "recall": 1.0,
        "f1": 0.9555555555555556,
        "f1_abs": 0.8783389450056118,
        "accuracy": 0.9560439560439561,
        "support": 91
    },
    "f1_f1": 0.8983011937557394
}