{
    "boundary": {
        "precision": 0.8852459016393442,
        "recall": 0.54,
        "num_correct": 54,
        "num_predicted": 61,
        "num_true": 100,
        "FP": 7,
        "FN": 46,
        "f1": 0.670807453416149
    },
    "classification": {
        "TP": 23.0,
        "TN": 29.0,
        "FP": 2.0,
        "FN": 0.0,
        "spesificity": 0.9354838709677419,
        "fp_rate": 0.06451612903225812,
        "fn_rate": 0.0,
        "g_mean": 0.9672041516493516,
        "precision": 0.92,
        "recall": 1.0,
        "f1": 0.9583333333333334,
        "f1_abs": 0.6428571428571428,
        "accuracy": 0.9629629629629629,
        "support": 54
    },
    "f1_f1": 0.6565349544072947
}