{
    "boundary": {
        "precision": 0.9675324675324676,
        "recall": 0.9254658385093167,
        "num_correct": 298,
        "num_predicted": 308,
        "num_true": 322,
        "FP": 10,
        "FN": 24,
        "f1": 0.946031746031746
    },
    "boundary_strict": {
        "precision": 0.9415584415584416,
        "recall": 0.9006211180124224,
        "num_correct": 290,
        "num_predicted": 308,
        "num_true": 322,
        "FP": 18,
        "FN": 32,
        "f1": 0.9206349206349206
    },
    "classification": {
        "TP": 192,
        "TN": 98,
        "FP": 5,
        "FN": 3,
        "spesificity": 0.9514563106796117,
        "fp_rate": 0.04854368932038833,
        "fn_rate": 0.01538461538461533,
        "g_mean": 0.9678938584806398,
        "precision": 0.9746192893401016,
        "recall": 0.9846153846153847,
        "f1": 0.9795918367346939,
        "f1_abs": 0.9267249757045675,
        "accuracy": 0.9731543624161074,
        "support": 298
    },
    "f1_f1": 0.9362788414334806
}