{
    "boundary": {
        "precision": 0.896551724137931,
        "recall": 0.7878787878787878,
        "num_correct": 26,
        "num_predicted": 29,
        "num_true": 33,
        "FP": 3,
        "FN": 7,
        "f1": 0.8387096774193549
    },
    "boundary_strict": {
        "precision": 0.896551724137931,
        "recall": 0.7878787878787878,
        "num_correct": 26,
        "num_predicted": 29,
        "num_true": 33,
        "FP": 3,
        "FN": 7,
        "f1": 0.8387096774193549
    },
    "classification": {
        "TP": 11,
        "TN": 15,
        "FP": 0,
        "FN": 0,
        "spesificity": 1.0,
        "fp_rate": 0.0,
        "fn_rate": 0.0,
        "g_mean": 1.0,
        "precision": 1.0,
        "recall": 1.0,
        "f1": 1.0,
        "f1_abs": 0.8387096774193549,
        "accuracy": 1.0,
        "support": 26
    },
    "f1_f1": 0.8387096774193549
}