{
    "boundary": {
        "precision": 0.9545454545454546,
        "recall": 0.9130434782608695,
        "num_correct": 42,
        "num_predicted": 44,
        "num_true": 46,
        "FP": 2,
        "FN": 4,
        "f1": 0.9333333333333332
    },
    "boundary_strict": {
        "precision": 0.9318181818181818,
        "recall": 0.8913043478260869,
        "num_correct": 41,
        "num_predicted": 44,
        "num_true": 46,
        "FP": 3,
        "FN": 5,
        "f1": 0.9111111111111111
    },
    "classification": {
        "TP": 35,
        "TN": 6,
        "FP": 1,
        "FN": 0,
        "spesificity": 0.8571428571428571,
        "fp_rate": 0.1428571428571429,
        "fn_rate": 0.0,
        "g_mean": 0.9258200997725514,
        "precision": 0.9722222222222222,
        "recall": 1.0,
        "f1": 0.9859154929577465,
        "f1_abs": 0.92018779342723,
        "accuracy": 0.9761904761904762,
        "support": 42
    },
    "f1_f1": 0.9267139479905437
}