{
    "boundary": {
        "precision": 0.8285714285714286,
        "recall": 0.6304347826086957,
        "num_correct": 29,
        "num_predicted": 35,
        "num_true": 46,
        "FP": 6,
        "FN": 17,
        "f1": 0.7160493827160495
    },
    "boundary_strict": {
        "precision": 0.8285714285714286,
        "recall": 0.6304347826086957,
        "num_correct": 29,
        "num_predicted": 35,
        "num_true": 46,
        "FP": 6,
        "FN": 17,
        "f1": 0.7160493827160495
    },
    "classification": {
        "TP": 27,
        "TN": 2,
        "FP": 0,
        "FN": 0,
        "spesificity": 1.0,
        "fp_rate": 0.0,
        "fn_rate": 0.0,
        "g_mean": 1.0,
        "precision": 1.0,
        "recall": 1.0,
        "f1": 1.0,
        "f1_abs": 0.7160493827160495,
        "accuracy": 1.0,
        "support": 29
    },
    "f1_f1": 0.7160493827160493
}