{
    "boundary": {
        "precision": 0.978494623655914,
        "recall": 0.9680851063829787,
        "num_correct": 91,
        "num_predicted": 93,
        "num_true": 94,
        "FP": 2,
        "FN": 3,
        "f1": 0.9732620320855615
    },
    "boundary_strict": {
        "precision": 0.9354838709677419,
        "recall": 0.925531914893617,
        "num_correct": 87,
        "num_predicted": 93,
        "num_true": 94,
        "FP": 6,
        "FN": 7,
        "f1": 0.9304812834224598
    },
    "classification": {
        "TP": 45,
        "TN": 42,
        "FP": 2,
        "FN": 2,
        "spesificity": 0.9545454545454546,
        "fp_rate": 0.045454545454545414,
        "fn_rate": 0.04255319148936165,
        "g_mean": 0.955995030862024,
        "precision": 0.9574468085106383,
        "recall": 0.9574468085106383,
        "f1": 0.9574468085106385,
        "f1_abs": 0.9318466264648995,
        "accuracy": 0.9560439560439561,
        "support": 91
    },
    "f1_f1": 0.952104161822832
}