{
    "boundary": {
        "precision": 0.65,
        "recall": 0.20634920634920634,
        "num_correct": 13,
        "num_predicted": 20,
        "num_true": 63,
        "FP": 7,
        "FN": 50,
        "f1": 0.3132530120481927
    },
    "boundary_strict": {
        "precision": 0.6,
        "recall": 0.19047619047619047,
        "num_correct": 12,
        "num_predicted": 20,
        "num_true": 63,
        "FP": 8,
        "FN": 51,
        "f1": 0.2891566265060241
    },
    "classification": {
        "TP": 3,
        "TN": 9,
        "FP": 1,
        "FN": 0,
        "spesificity": 0.9,
        "fp_rate": 0.09999999999999998,
        "fn_rate": 0.0,
        "g_mean": 0.9486832980505138,
        "precision": 0.75,
        "recall": 1.0,
        "f1": 0.8571428571428571,
        "f1_abs": 0.26850258175559377,
        "accuracy": 0.9230769230769231,
        "support": 13
    },
    "f1_f1": 0.2891566265060241
}