{
    "boundary": {
        "precision": 0.6666666666666666,
        "recall": 0.2,
        "num_correct": 12,
        "num_predicted": 18,
        "num_true": 60,
        "FP": 6,
        "FN": 48,
        "f1": 0.30769230769230765
    },
    "boundary_strict": {
        "precision": 0.6666666666666666,
        "recall": 0.2,
        "num_correct": 12,
        "num_predicted": 18,
        "num_true": 60,
        "FP": 6,
        "FN": 48,
        "f1": 0.30769230769230765
    },
    "classification": {
        "TP": 5,
        "TN": 7,
        "FP": 0,
        "FN": 0,
        "spesificity": 1.0,
        "fp_rate": 0.0,
        "fn_rate": 0.0,
        "g_mean": 1.0,
        "precision": 1.0,
        "recall": 1.0,
        "f1": 1.0,
        "f1_abs": 0.30769230769230765,
        "accuracy": 1.0,
        "support": 12
    },
    "f1_f1": 0.30769230769230765
}