{
    "boundary": {
        "precision": 0.8333333333333334,
        "recall": 0.7608695652173914,
        "num_correct": 35,
        "num_predicted": 42,
        "num_true": 46,
        "FP": 7,
        "FN": 11,
        "f1": 0.7954545454545455
    },
    "boundary_strict": {
        "precision": 0.8095238095238095,
        "recall": 0.7391304347826086,
        "num_correct": 34,
        "num_predicted": 42,
        "num_true": 46,
        "FP": 8,
        "FN": 12,
        "f1": 0.7727272727272727
    },
    "classification": {
        "TP": 30,
        "TN": 4,
        "FP": 1,
        "FN": 0,
        "spesificity": 0.8,
        "fp_rate": 0.19999999999999996,
        "fn_rate": 0.0,
        "g_mean": 0.8944271909999159,
        "precision": 0.967741935483871,
        "recall": 1.0,
        "f1": 0.9836065573770492,
        "f1_abs": 0.782414307004471,
        "accuracy": 0.9714285714285714,
        "support": 35
    },
    "f1_f1": 0.7888805409466566
}