{
    "boundary": {
        "precision": 0.9883720930232558,
        "recall": 0.9042553191489362,
        "num_correct": 85,
        "num_predicted": 86,
        "num_true": 94,
        "FP": 1,
        "FN": 9,
        "f1": 0.9444444444444444
    },
    "boundary_strict": {
        "precision": 0.9534883720930233,
        "recall": 0.8723404255319149,
        "num_correct": 82,
        "num_predicted": 86,
        "num_true": 94,
        "FP": 4,
        "FN": 12,
        "f1": 0.9111111111111112
    },
    "classification": {
        "TP": 42,
        "TN": 40,
        "FP": 1,
        "FN": 2,
        "spesificity": 0.975609756097561,
        "fp_rate": 0.024390243902439046,
        "fn_rate": 0.045454545454545414,
        "g_mean": 0.9650201335169781,
        "precision": 0.9767441860465116,
        "recall": 0.9545454545454546,
        "f1": 0.9655172413793104,
        "f1_abs": 0.9118773946360154,
        "accuracy": 0.9647058823529412,
        "support": 85
    },
    "f1_f1": 0.9278752436647174
}