{
    "boundary": {
        "precision": 0.8666666666666667,
        "recall": 0.4126984126984127,
        "num_correct": 26,
        "num_predicted": 30,
        "num_true": 63,
        "FP": 4,
        "FN": 37,
        "f1": 0.5591397849462365
    },
    "boundary_strict": {
        "precision": 0.8333333333333334,
        "recall": 0.3968253968253968,
        "num_correct": 25,
        "num_predicted": 30,
        "num_true": 63,
        "FP": 5,
        "FN": 38,
        "f1": 0.5376344086021505
    },
    "classification": {
        "TP": 12,
        "TN": 13,
        "FP": 0,
        "FN": 1,
        "spesificity": 1.0,
        "fp_rate": 0.0,
        "fn_rate": 0.07692307692307687,
        "g_mean": 0.9607689228305228,
        "precision": 1.0,
        "recall": 0.9230769230769231,
        "f1": 0.96,
        "f1_abs": 0.5367741935483871,
        "accuracy": 0.9615384615384616,
        "support": 26
    },
    "f1_f1": 0.5477287689269256
}