{
    "boundary": {
        "precision": 0.6666666666666666,
        "recall": 0.43478260869565216,
        "num_correct": 20,
        "num_predicted": 30,
        "num_true": 46,
        "FP": 10,
        "FN": 26,
        "f1": 0.5263157894736841
    },
    "boundary_strict": {
        "precision": 0.6666666666666666,
        "recall": 0.43478260869565216,
        "num_correct": 20,
        "num_predicted": 30,
        "num_true": 46,
        "FP": 10,
        "FN": 26,
        "f1": 0.5263157894736841
    },
    "classification": {
        "TP": 18,
        "TN": 2,
        "FP": 0,
        "FN": 0,
        "spesificity": 1.0,
        "fp_rate": 0.0,
        "fn_rate": 0.0,
        "g_mean": 1.0,
        "precision": 1.0,
        "recall": 1.0,
        "f1": 1.0,
        "f1_abs": 0.5263157894736841,
        "accuracy": 1.0,
        "support": 20
    },
    "f1_f1": 0.5263157894736841
}