{
    "boundary": {
        "precision": 1.0,
        "recall": 0.9893617021276596,
        "num_correct": 93,
        "num_predicted": 93,
        "num_true": 94,
        "FP": 0,
        "FN": 1,
        "f1": 0.9946524064171123
    },
    "boundary_strict": {
        "precision": 0.956989247311828,
        "recall": 0.9468085106382979,
        "num_correct": 89,
        "num_predicted": 93,
        "num_true": 94,
        "FP": 4,
        "FN": 5,
        "f1": 0.9518716577540107
    },
    "classification": {
        "TP": 46,
        "TN": 43,
        "FP": 3,
        "FN": 1,
        "spesificity": 0.9347826086956522,
        "fp_rate": 0.06521739130434778,
        "fn_rate": 0.021276595744680882,
        "g_mean": 0.9565007145952775,
        "precision": 0.9387755102040817,
        "recall": 0.9787234042553191,
        "f1": 0.9583333333333333,
        "f1_abs": 0.9532085561497325,
        "accuracy": 0.956989247311828,
        "support": 93
    },
    "f1_f1": 0.9734895892593014
}