{
    "boundary": {
        "precision": 0.8181818181818182,
        "recall": 0.6,
        "num_correct": 36,
        "num_predicted": 44,
        "num_true": 60,
        "FP": 8,
        "FN": 24,
        "f1": 0.6923076923076923
    },
    "boundary_strict": {
        "precision": 0.7727272727272727,
        "recall": 0.5666666666666667,
        "num_correct": 34,
        "num_predicted": 44,
        "num_true": 60,
        "FP": 10,
        "FN": 26,
        "f1": 0.6538461538461539
    },
    "classification": {
        "TP": 19,
        "TN": 15,
        "FP": 2,
        "FN": 0,
        "spesificity": 0.8823529411764706,
        "fp_rate": 0.11764705882352944,
        "fn_rate": 0.0,
        "g_mean": 0.9393364366277243,
        "precision": 0.9047619047619048,
        "recall": 1.0,
        "f1": 0.95,
        "f1_abs": 0.6576923076923077,
        "accuracy": 0.9444444444444444,
        "support": 36
    },
    "f1_f1": 0.6745562130177515
}