{
    "boundary": {
        "precision": 0.8309859154929577,
        "recall": 0.6276595744680851,
        "num_correct": 59,
        "num_predicted": 71,
        "num_true": 94,
        "FP": 12,
        "FN": 35,
        "f1": 0.7151515151515151
    },
    "boundary_strict": {
        "precision": 0.8309859154929577,
        "recall": 0.6276595744680851,
        "num_correct": 59,
        "num_predicted": 71,
        "num_true": 94,
        "FP": 12,
        "FN": 35,
        "f1": 0.7151515151515151
    },
    "classification": {
        "TP": 29,
        "TN": 30,
        "FP": 0,
        "FN": 0,
        "spesificity": 1.0,
        "fp_rate": 0.0,
        "fn_rate": 0.0,
        "g_mean": 1.0,
        "precision": 1.0,
        "recall": 1.0,
        "f1": 1.0,
        "f1_abs": 0.7151515151515151,
        "accuracy": 1.0,
        "support": 59
    },
    "f1_f1": 0.715151515151515
}