{
    "boundary": {
        "precision": 0.978021978021978,
        "recall": 0.9468085106382979,
        "num_correct": 89,
        "num_predicted": 91,
        "num_true": 94,
        "FP": 2,
        "FN": 5,
        "f1": 0.9621621621621622
    },
    "boundary_strict": {
        "precision": 0.945054945054945,
        "recall": 0.9148936170212766,
        "num_correct": 86,
        "num_predicted": 91,
        "num_true": 94,
        "FP": 5,
        "FN": 8,
        "f1": 0.9297297297297297
    },
    "classification": {
        "TP": 46,
        "TN": 40,
        "FP": 2,
        "FN": 1,
        "spesificity": 0.9523809523809523,
        "fp_rate": 0.04761904761904767,
        "fn_rate": 0.021276595744680882,
        "g_mean": 0.965462338914475,
        "precision": 0.9583333333333334,
        "recall": 0.9787234042553191,
        "f1": 0.968421052631579,
        "f1_abs": 0.9317780938833571,
        "accuracy": 0.9662921348314607,
        "support": 89
    },
    "f1_f1": 0.946726405549935
}