{
    "boundary": {
        "precision": 0.9642857142857143,
        "recall": 0.9,
        "num_correct": 54,
        "num_predicted": 56,
        "num_true": 60,
        "FP": 2,
        "FN": 6,
        "f1": 0.9310344827586207
    },
    "boundary_strict": {
        "precision": 0.9285714285714286,
        "recall": 0.8666666666666667,
        "num_correct": 52,
        "num_predicted": 56,
        "num_true": 60,
        "FP": 4,
        "FN": 8,
        "f1": 0.896551724137931
    },
    "classification": {
        "TP": 30,
        "TN": 22,
        "FP": 1,
        "FN": 1,
        "spesificity": 0.9565217391304348,
        "fp_rate": 0.04347826086956519,
        "fn_rate": 0.032258064516129004,
        "g_mean": 0.9621154811967664,
        "precision": 0.967741935483871,
        "recall": 0.967741935483871,
        "f1": 0.967741935483871,
        "f1_abs": 0.9010011123470523,
        "accuracy": 0.9629629629629629,
        "support": 54
    },
    "f1_f1": 0.9157716223855286
}