{
    "boundary": {
        "precision": 1.0,
        "recall": 0.9658385093167702,
        "num_correct": 311,
        "num_predicted": 311,
        "num_true": 322,
        "FP": 0,
        "FN": 11,
        "f1": 0.9826224328593997
    },
    "boundary_strict": {
        "precision": 0.977491961414791,
        "recall": 0.9440993788819876,
        "num_correct": 304,
        "num_predicted": 311,
        "num_true": 322,
        "FP": 7,
        "FN": 18,
        "f1": 0.9605055292259084
    },
    "classification": {
        "TP": 200,
        "TN": 104,
        "FP": 6,
        "FN": 1,
        "spesificity": 0.9454545454545454,
        "fp_rate": 0.054545454545454564,
        "fn_rate": 0.00497512437810943,
        "g_mean": 0.9699230853511325,
        "precision": 0.970873786407767,
        "recall": 0.9950248756218906,
        "f1": 0.9828009828009829,
        "f1_abs": 0.9657222927365109,
        "accuracy": 0.977491961414791,
        "support": 311
    },
    "f1_f1": 0.974099066031623
}