{
    "boundary": {
        "precision": 0.9871794871794872,
        "recall": 0.9565217391304348,
        "num_correct": 308,
        "num_predicted": 312,
        "num_true": 322,
        "FP": 4,
        "FN": 14,
        "f1": 0.971608832807571
    },
    "boundary_strict": {
        "precision": 0.9647435897435898,
        "recall": 0.9347826086956522,
        "num_correct": 301,
        "num_predicted": 312,
        "num_true": 322,
        "FP": 11,
        "FN": 21,
        "f1": 0.9495268138801263
    },
    "classification": {
        "TP": 196,
        "TN": 105,
        "FP": 5,
        "FN": 2,
        "spesificity": 0.9545454545454546,
        "fp_rate": 0.045454545454545414,
        "fn_rate": 0.010101010101010055,
        "g_mean": 0.9720615110512388,
        "precision": 0.9751243781094527,
        "recall": 0.98989898989899,
        "f1": 0.9824561403508771,
        "f1_abs": 0.9545630638109469,
        "accuracy": 0.9772727272727273,
        "support": 308
    },
    "f1_f1": 0.9630105245526367
}