{
    "boundary": {
        "precision": 0.8214285714285714,
        "recall": 0.696969696969697,
        "num_correct": 23,
        "num_predicted": 28,
        "num_true": 33,
        "FP": 5,
        "FN": 10,
        "f1": 0.7540983606557378
    },
    "boundary_strict": {
        "precision": 0.8214285714285714,
        "recall": 0.696969696969697,
        "num_correct": 23,
        "num_predicted": 28,
        "num_true": 33,
        "FP": 5,
        "FN": 10,
        "f1": 0.7540983606557378
    },
    "classification": {
        "TP": 12,
        "TN": 11,
        "FP": 0,
        "FN": 0,
        "spesificity": 1.0,
        "fp_rate": 0.0,
        "fn_rate": 0.0,
        "g_mean": 1.0,
        "precision": 1.0,
        "recall": 1.0,
        "f1": 1.0,
        "f1_abs": 0.7540983606557378,
        "accuracy": 1.0,
        "support": 23
    },
    "f1_f1": 0.7540983606557378
}