{
    "boundary": {
        "precision": 0.7884615384615384,
        "recall": 0.43617021276595747,
        "num_correct": 41,
        "num_predicted": 52,
        "num_true": 94,
        "FP": 11,
        "FN": 53,
        "f1": 0.5616438356164384
    },
    "boundary_strict": {
        "precision": 0.75,
        "recall": 0.4148936170212766,
        "num_correct": 39,
        "num_predicted": 52,
        "num_true": 94,
        "FP": 13,
        "FN": 55,
        "f1": 0.5342465753424659
    },
    "classification": {
        "TP": 16,
        "TN": 23,
        "FP": 2,
        "FN": 0,
        "spesificity": 0.92,
        "fp_rate": 0.07999999999999996,
        "fn_rate": 0.0,
        "g_mean": 0.9591663046625439,
        "precision": 0.8888888888888888,
        "recall": 1.0,
        "f1": 0.9411764705882353,
        "f1_abs": 0.5286059629331185,
        "accuracy": 0.9512195121951219,
        "support": 41
    },
    "f1_f1": 0.5446243254462433
}