{
    "boundary": {
        "precision": 1.0,
        "recall": 0.9787234042553191,
        "num_correct": 92,
        "num_predicted": 92,
        "num_true": 94,
        "FP": 0,
        "FN": 2,
        "f1": 0.989247311827957
    },
    "boundary_strict": {
        "precision": 0.967391304347826,
        "recall": 0.9468085106382979,
        "num_correct": 89,
        "num_predicted": 92,
        "num_true": 94,
        "FP": 3,
        "FN": 5,
        "f1": 0.956989247311828
    },
    "classification": {
        "TP": 47,
        "TN": 42,
        "FP": 2,
        "FN": 1,
        "spesificity": 0.9545454545454546,
        "fp_rate": 0.045454545454545414,
        "fn_rate": 0.02083333333333337,
        "g_mean": 0.9667776843251457,
        "precision": 0.9591836734693877,
        "recall": 0.9791666666666666,
        "f1": 0.9690721649484536,
        "f1_abs": 0.9586520341425563,
        "accuracy": 0.967391304347826,
        "support": 92
    },
    "f1_f1": 0.9737093959353713
}