{
    "boundary": {
        "precision": 0.7297297297297297,
        "recall": 0.5869565217391305,
        "num_correct": 27,
        "num_predicted": 37,
        "num_true": 46,
        "FP": 10,
        "FN": 19,
        "f1": 0.6506024096385542
    },
    "classification": {
        "TP": 25.0,
        "TN": 1.0,
        "FP": 1.0,
        "FN": 0.0,
        "spesificity": 0.5,
        "fp_rate": 0.5,
        "fn_rate": 0.0,
        "g_mean": 0.7071067811865476,
        "precision": 0.9615384615384616,
        "recall": 1.0,
        "f1": 0.9803921568627451,
        "f1_abs": 0.6378454996456413,
        "accuracy": 0.9629629629629629,
        "support": 27
    },
    "f1_f1": 0.6441608016223308
}