{
    "boundary": {
        "precision": 0.9565217391304348,
        "recall": 0.9565217391304348,
        "num_correct": 44,
        "num_predicted": 46,
        "num_true": 46,
        "FP": 2,
        "FN": 2,
        "f1": 0.9565217391304348
    },
    "boundary_strict": {
        "precision": 0.9130434782608695,
        "recall": 0.9130434782608695,
        "num_correct": 42,
        "num_predicted": 46,
        "num_true": 46,
        "FP": 4,
        "FN": 4,
        "f1": 0.9130434782608695
    },
    "classification": {
        "TP": 34,
        "TN": 8,
        "FP": 1,
        "FN": 1,
        "spesificity": 0.8888888888888888,
        "fp_rate": 0.11111111111111116,
        "fn_rate": 0.02857142857142858,
        "g_mean": 0.9292427365828928,
        "precision": 0.9714285714285714,
        "recall": 0.9714285714285714,
        "f1": 0.9714285714285714,
        "f1_abs": 0.929192546583851,
        "accuracy": 0.9545454545454546,
        "support": 44
    },
    "f1_f1": 0.9426591052299937
}