{
    "boundary": {
        "precision": 0.9152542372881356,
        "recall": 0.54,
        "num_correct": 54,
        "num_predicted": 59,
        "num_true": 100,
        "FP": 5,
        "FN": 46,
        "f1": 0.679245283018868
    },
    "boundary_strict": {
        "precision": 0.8813559322033898,
        "recall": 0.52,
        "num_correct": 52,
        "num_predicted": 59,
        "num_true": 100,
        "FP": 7,
        "FN": 48,
        "f1": 0.6540880503144655
    },
    "classification": {
        "TP": 28,
        "TN": 24,
        "FP": 1,
        "FN": 1,
        "spesificity": 0.96,
        "fp_rate": 0.040000000000000036,
        "fn_rate": 0.03448275862068961,
        "g_mean": 0.9627546685029047,
        "precision": 0.9655172413793104,
        "recall": 0.9655172413793104,
        "f1": 0.9655172413793104,
        "f1_abs": 0.6558230318802863,
        "accuracy": 0.9629629629629629,
        "support": 54
    },
    "f1_f1": 0.6673286991062563
}