{
    "boundary": {
        "precision": 0.9772727272727273,
        "recall": 0.9347826086956522,
        "num_correct": 43,
        "num_predicted": 44,
        "num_true": 46,
        "FP": 1,
        "FN": 3,
        "f1": 0.9555555555555557
    },
    "boundary_strict": {
        "precision": 0.9090909090909091,
        "recall": 0.8695652173913043,
        "num_correct": 40,
        "num_predicted": 44,
        "num_true": 46,
        "FP": 4,
        "FN": 6,
        "f1": 0.888888888888889
    },
    "classification": {
        "TP": 33,
        "TN": 7,
        "FP": 3,
        "FN": 0,
        "spesificity": 0.7,
        "fp_rate": 0.30000000000000004,
        "fn_rate": 0.0,
        "g_mean": 0.8366600265340756,
        "precision": 0.9166666666666666,
        "recall": 1.0,
        "f1": 0.9565217391304348,
        "f1_abs": 0.9140096618357489,
        "accuracy": 0.9302325581395349,
        "support": 43
    },
    "f1_f1": 0.9343209876543211
}