{
    "boundary": {
        "precision": 0.7272727272727273,
        "recall": 0.4,
        "num_correct": 24,
        "num_predicted": 33,
        "num_true": 60,
        "FP": 9,
        "FN": 36,
        "f1": 0.5161290322580645
    },
    "boundary_strict": {
        "precision": 0.696969696969697,
        "recall": 0.38333333333333336,
        "num_correct": 23,
        "num_predicted": 33,
        "num_true": 60,
        "FP": 10,
        "FN": 37,
        "f1": 0.4946236559139786
    },
    "classification": {
        "TP": 11,
        "TN": 12,
        "FP": 1,
        "FN": 0,
        "spesificity": 0.9230769230769231,
        "fp_rate": 0.07692307692307687,
        "fn_rate": 0.0,
        "g_mean": 0.9607689228305228,
        "precision": 0.9166666666666666,
        "recall": 1.0,
        "f1": 0.9565217391304348,
        "f1_abs": 0.49368863955119213,
        "accuracy": 0.9583333333333334,
        "support": 24
    },
    "f1_f1": 0.5046594982078852
}