{
    "boundary": {
        "precision": 0.5714285714285714,
        "recall": 0.2,
        "num_correct": 12,
        "num_predicted": 21,
        "num_true": 60,
        "FP": 9,
        "FN": 48,
        "f1": 0.29629629629629634
    },
    "boundary_strict": {
        "precision": 0.5238095238095238,
        "recall": 0.18333333333333332,
        "num_correct": 11,
        "num_predicted": 21,
        "num_true": 60,
        "FP": 10,
        "FN": 49,
        "f1": 0.2716049382716049
    },
    "classification": {
        "TP": 4,
        "TN": 7,
        "FP": 1,
        "FN": 0,
        "spesificity": 0.875,
        "fp_rate": 0.125,
        "fn_rate": 0.0,
        "g_mean": 0.9354143466934853,
        "precision": 0.8,
        "recall": 1.0,
        "f1": 0.8888888888888888,
        "f1_abs": 0.26337448559670784,
        "accuracy": 0.9166666666666666,
        "support": 12
    },
    "f1_f1": 0.27886710239651413
}