{
    "boundary": {
        "precision": 0.9512195121951219,
        "recall": 0.8478260869565217,
        "num_correct": 39,
        "num_predicted": 41,
        "num_true": 46,
        "FP": 2,
        "FN": 7,
        "f1": 0.8965517241379309
    },
    "boundary_strict": {
        "precision": 0.8780487804878049,
        "recall": 0.782608695652174,
        "num_correct": 36,
        "num_predicted": 41,
        "num_true": 46,
        "FP": 5,
        "FN": 10,
        "f1": 0.8275862068965518
    },
    "classification": {
        "TP": 32,
        "TN": 4,
        "FP": 1,
        "FN": 2,
        "spesificity": 0.8,
        "fp_rate": 0.19999999999999996,
        "fn_rate": 0.05882352941176472,
        "g_mean": 0.8677218312746247,
        "precision": 0.9696969696969697,
        "recall": 0.9411764705882353,
        "f1": 0.9552238805970149,
        "f1_abs": 0.8564076170869788,
        "accuracy": 0.9230769230769231,
        "support": 39
    },
    "f1_f1": 0.8760200052645432
}