{
    "boundary": {
        "precision": 1.0,
        "recall": 0.8695652173913043,
        "num_correct": 40,
        "num_predicted": 40,
        "num_true": 46,
        "FP": 0,
        "FN": 6,
        "f1": 0.9302325581395349
    },
    "boundary_strict": {
        "precision": 0.925,
        "recall": 0.8043478260869565,
        "num_correct": 37,
        "num_predicted": 40,
        "num_true": 46,
        "FP": 3,
        "FN": 9,
        "f1": 0.8604651162790697
    },
    "classification": {
        "TP": 31,
        "TN": 6,
        "FP": 1,
        "FN": 2,
        "spesificity": 0.8571428571428571,
        "fp_rate": 0.1428571428571429,
        "fn_rate": 0.06060606060606055,
        "g_mean": 0.8973264763701143,
        "precision": 0.96875,
        "recall": 0.9393939393939394,
        "f1": 0.9538461538461539,
        "f1_abs": 0.8872987477638641,
        "accuracy": 0.925,
        "support": 40
    },
    "f1_f1": 0.908258560703168
}