{
    "boundary": {
        "precision": 0.9574468085106383,
        "recall": 0.75,
        "num_correct": 45,
        "num_predicted": 47,
        "num_true": 60,
        "FP": 2,
        "FN": 15,
        "f1": 0.8411214953271028
    },
    "boundary_strict": {
        "precision": 0.9574468085106383,
        "recall": 0.75,
        "num_correct": 45,
        "num_predicted": 47,
        "num_true": 60,
        "FP": 2,
        "FN": 15,
        "f1": 0.8411214953271028
    },
    "classification": {
        "TP": 24,
        "TN": 21,
        "FP": 0,
        "FN": 0,
        "spesificity": 1.0,
        "fp_rate": 0.0,
        "fn_rate": 0.0,
        "g_mean": 1.0,
        "precision": 1.0,
        "recall": 1.0,
        "f1": 1.0,
        "f1_abs": 0.8411214953271028,
        "accuracy": 1.0,
        "support": 45
    },
    "f1_f1": 0.8411214953271028
}