{
    "boundary": {
        "precision": 0.9120879120879121,
        "recall": 0.8829787234042553,
        "num_correct": 83,
        "num_predicted": 91,
        "num_true": 94,
        "FP": 8,
        "FN": 11,
        "f1": 0.8972972972972972
    },
    "boundary_strict": {
        "precision": 0.8241758241758241,
        "recall": 0.7978723404255319,
        "num_correct": 75,
        "num_predicted": 91,
        "num_true": 94,
        "FP": 16,
        "FN": 19,
        "f1": 0.8108108108108109
    },
    "classification": {
        "TP": 40,
        "TN": 35,
        "FP": 5,
        "FN": 3,
        "spesificity": 0.875,
        "fp_rate": 0.125,
        "fn_rate": 0.06976744186046513,
        "g_mean": 0.9021937088963173,
        "precision": 0.8888888888888888,
        "recall": 0.9302325581395349,
        "f1": 0.9090909090909092,
        "f1_abs": 0.8157248157248157,
        "accuracy": 0.9036144578313253,
        "support": 83
    },
    "f1_f1": 0.8545688545688545
}