{
    "boundary": {
        "precision": 0.9622641509433962,
        "recall": 0.9503105590062112,
        "num_correct": 306,
        "num_predicted": 318,
        "num_true": 322,
        "FP": 12,
        "FN": 16,
        "f1": 0.95625
    },
    "boundary_strict": {
        "precision": 0.8930817610062893,
        "recall": 0.8819875776397516,
        "num_correct": 284,
        "num_predicted": 318,
        "num_true": 322,
        "FP": 34,
        "FN": 38,
        "f1": 0.8875000000000001
    },
    "classification": {
        "TP": 188,
        "TN": 96,
        "FP": 9,
        "FN": 13,
        "spesificity": 0.9142857142857143,
        "fp_rate": 0.08571428571428574,
        "fn_rate": 0.06467661691542292,
        "g_mean": 0.9247447255278687,
        "precision": 0.9543147208121827,
        "recall": 0.9353233830845771,
        "f1": 0.9447236180904522,
        "f1_abs": 0.903391959798995,
        "accuracy": 0.9281045751633987,
        "support": 306
    },
    "f1_f1": 0.9290697674418605
}