{
    "boundary": {
        "precision": 0.956989247311828,
        "recall": 0.9468085106382979,
        "num_correct": 89,
        "num_predicted": 93,
        "num_true": 94,
        "FP": 4,
        "FN": 5,
        "f1": 0.9518716577540107
    },
    "boundary_strict": {
        "precision": 0.8817204301075269,
        "recall": 0.8723404255319149,
        "num_correct": 82,
        "num_predicted": 93,
        "num_true": 94,
        "FP": 11,
        "FN": 12,
        "f1": 0.877005347593583
    },
    "classification": {
        "TP": 42,
        "TN": 40,
        "FP": 4,
        "FN": 3,
        "spesificity": 0.9090909090909091,
        "fp_rate": 0.09090909090909094,
        "fn_rate": 0.06666666666666665,
        "g_mean": 0.9211323729436766,
        "precision": 0.9130434782608695,
        "recall": 0.9333333333333333,
        "f1": 0.9230769230769231,
        "f1_abs": 0.8786507610037022,
        "accuracy": 0.9213483146067416,
        "support": 89
    },
    "f1_f1": 0.9137967914438503
}