{
    "boundary": {
        "precision": 0.8717948717948718,
        "recall": 0.7391304347826086,
        "num_correct": 34,
        "num_predicted": 39,
        "num_true": 46,
        "FP": 5,
        "FN": 12,
        "f1": 0.7999999999999999
    },
    "boundary_strict": {
        "precision": 0.8205128205128205,
        "recall": 0.6956521739130435,
        "num_correct": 32,
        "num_predicted": 39,
        "num_true": 46,
        "FP": 7,
        "FN": 14,
        "f1": 0.7529411764705882
    },
    "classification": {
        "TP": 27,
        "TN": 5,
        "FP": 2,
        "FN": 0,
        "spesificity": 0.7142857142857143,
        "fp_rate": 0.2857142857142857,
        "fn_rate": 0.0,
        "g_mean": 0.8451542547285166,
        "precision": 0.9310344827586207,
        "recall": 1.0,
        "f1": 0.9642857142857143,
        "f1_abs": 0.7714285714285714,
        "accuracy": 0.9411764705882353,
        "support": 34
    },
    "f1_f1": 0.7854545454545454
}