{
    "boundary": {
        "precision": 0.9659090909090909,
        "recall": 0.9042553191489362,
        "num_correct": 85,
        "num_predicted": 88,
        "num_true": 94,
        "FP": 3,
        "FN": 9,
        "f1": 0.9340659340659342
    },
    "boundary_strict": {
        "precision": 0.9204545454545454,
        "recall": 0.8617021276595744,
        "num_correct": 81,
        "num_predicted": 88,
        "num_true": 94,
        "FP": 7,
        "FN": 13,
        "f1": 0.8901098901098901
    },
    "classification": {
        "TP": 41,
        "TN": 40,
        "FP": 3,
        "FN": 1,
        "spesificity": 0.9302325581395349,
        "fp_rate": 0.06976744186046513,
        "fn_rate": 0.023809523809523836,
        "g_mean": 0.952934501368335,
        "precision": 0.9318181818181818,
        "recall": 0.9761904761904762,
        "f1": 0.9534883720930233,
        "f1_abs": 0.8906210069000768,
        "accuracy": 0.9529411764705882,
        "support": 85
    },
    "f1_f1": 0.9118262689691262
}