{
    "boundary": {
        "precision": 0.9904761904761905,
        "recall": 0.968944099378882,
        "num_correct": 312,
        "num_predicted": 315,
        "num_true": 322,
        "FP": 3,
        "FN": 10,
        "f1": 0.979591836734694
    },
    "boundary_strict": {
        "precision": 0.9619047619047619,
        "recall": 0.9409937888198758,
        "num_correct": 303,
        "num_predicted": 315,
        "num_true": 322,
        "FP": 12,
        "FN": 19,
        "f1": 0.9513343799058085
    },
    "classification": {
        "TP": 199,
        "TN": 104,
        "FP": 6,
        "FN": 3,
        "spesificity": 0.9454545454545454,
        "fp_rate": 0.054545454545454564,
        "fn_rate": 0.014851485148514865,
        "g_mean": 0.9650974776229245,
        "precision": 0.9707317073170731,
        "recall": 0.9851485148514851,
        "f1": 0.9778869778869779,
        "f1_abs": 0.9579301007872437,
        "accuracy": 0.9711538461538461,
        "support": 312
    },
    "f1_f1": 0.9686398783115732
}