{
    "boundary": {
        "precision": 1.0,
        "recall": 0.9333333333333333,
        "num_correct": 56,
        "num_predicted": 56,
        "num_true": 60,
        "FP": 0,
        "FN": 4,
        "f1": 0.9655172413793104
    },
    "boundary_strict": {
        "precision": 0.9285714285714286,
        "recall": 0.8666666666666667,
        "num_correct": 52,
        "num_predicted": 56,
        "num_true": 60,
        "FP": 4,
        "FN": 8,
        "f1": 0.896551724137931
    },
    "classification": {
        "TP": 25,
        "TN": 27,
        "FP": 0,
        "FN": 4,
        "spesificity": 1.0,
        "fp_rate": 0.0,
        "fn_rate": 0.13793103448275867,
        "g_mean": 0.9284766908852593,
        "precision": 1.0,
        "recall": 0.8620689655172413,
        "f1": 0.9259259259259259,
        "f1_abs": 0.8939974457215837,
        "accuracy": 0.9285714285714286,
        "support": 56
    },
    "f1_f1": 0.9283819628647215
}