{
    "boundary": {
        "precision": 0.9090909090909091,
        "recall": 0.8695652173913043,
        "num_correct": 40,
        "num_predicted": 44,
        "num_true": 46,
        "FP": 4,
        "FN": 6,
        "f1": 0.888888888888889
    },
    "boundary_strict": {
        "precision": 0.8181818181818182,
        "recall": 0.782608695652174,
        "num_correct": 36,
        "num_predicted": 44,
        "num_true": 46,
        "FP": 8,
        "FN": 10,
        "f1": 0.8
    },
    "classification": {
        "TP": 29,
        "TN": 7,
        "FP": 3,
        "FN": 1,
        "spesificity": 0.7,
        "fp_rate": 0.30000000000000004,
        "fn_rate": 0.033333333333333326,
        "g_mean": 0.8225975119502044,
        "precision": 0.90625,
        "recall": 0.9666666666666667,
        "f1": 0.9354838709677419,
        "f1_abs": 0.8315412186379928,
        "accuracy": 0.9,
        "support": 40
    },
    "f1_f1": 0.8592592592592593
}