{
    "boundary": {
        "precision": 1.0,
        "recall": 0.9574468085106383,
        "num_correct": 90,
        "num_predicted": 90,
        "num_true": 94,
        "FP": 0,
        "FN": 4,
        "f1": 0.9782608695652174
    },
    "boundary_strict": {
        "precision": 0.9555555555555556,
        "recall": 0.9148936170212766,
        "num_correct": 86,
        "num_predicted": 90,
        "num_true": 94,
        "FP": 4,
        "FN": 8,
        "f1": 0.9347826086956522
    },
    "classification": {
        "TP": 46,
        "TN": 40,
        "FP": 4,
        "FN": 0,
        "spesificity": 0.9090909090909091,
        "fp_rate": 0.09090909090909094,
        "fn_rate": 0.0,
        "g_mean": 0.9534625892455924,
        "precision": 0.92,
        "recall": 1.0,
        "f1": 0.9583333333333334,
        "f1_abs": 0.9375,
        "accuracy": 0.9555555555555556,
        "support": 90
    },
    "f1_f1": 0.9574468085106383
}