{
    "boundary": {
        "precision": 0.925,
        "recall": 0.8043478260869565,
        "num_correct": 37,
        "num_predicted": 40,
        "num_true": 46,
        "FP": 3,
        "FN": 9,
        "f1": 0.8604651162790697
    },
    "boundary_strict": {
        "precision": 0.825,
        "recall": 0.717391304347826,
        "num_correct": 33,
        "num_predicted": 40,
        "num_true": 46,
        "FP": 7,
        "FN": 13,
        "f1": 0.7674418604651162
    },
    "classification": {
        "TP": 27,
        "TN": 6,
        "FP": 3,
        "FN": 1,
        "spesificity": 0.6666666666666666,
        "fp_rate": 0.33333333333333337,
        "fn_rate": 0.0357142857142857,
        "g_mean": 0.8017837257372731,
        "precision": 0.9,
        "recall": 0.9642857142857143,
        "f1": 0.9310344827586207,
        "f1_abs": 0.8011226944667201,
        "accuracy": 0.8918918918918919,
        "support": 37
    },
    "f1_f1": 0.829734219269103
}