{
    "boundary": {
        "precision": 0.9272727272727272,
        "recall": 0.85,
        "num_correct": 51,
        "num_predicted": 55,
        "num_true": 60,
        "FP": 4,
        "FN": 9,
        "f1": 0.8869565217391303
    },
    "boundary_strict": {
        "precision": 0.9272727272727272,
        "recall": 0.85,
        "num_correct": 51,
        "num_predicted": 55,
        "num_true": 60,
        "FP": 4,
        "FN": 9,
        "f1": 0.8869565217391303
    },
    "classification": {
        "TP": 30,
        "TN": 21,
        "FP": 0,
        "FN": 0,
        "spesificity": 1.0,
        "fp_rate": 0.0,
        "fn_rate": 0.0,
        "g_mean": 1.0,
        "precision": 1.0,
        "recall": 1.0,
        "f1": 1.0,
        "f1_abs": 0.8869565217391303,
        "accuracy": 1.0,
        "support": 51
    },
    "f1_f1": 0.8869565217391302
}