{
    "boundary": {
        "precision": 0.7575757575757576,
        "recall": 0.7575757575757576,
        "num_correct": 25,
        "num_predicted": 33,
        "num_true": 33,
        "FP": 8,
        "FN": 8,
        "f1": 0.7575757575757576
    },
    "boundary_strict": {
        "precision": 0.696969696969697,
        "recall": 0.696969696969697,
        "num_correct": 23,
        "num_predicted": 33,
        "num_true": 33,
        "FP": 10,
        "FN": 10,
        "f1": 0.696969696969697
    },
    "classification": {
        "TP": 12,
        "TN": 11,
        "FP": 1,
        "FN": 1,
        "spesificity": 0.9166666666666666,
        "fp_rate": 0.08333333333333337,
        "fn_rate": 0.07692307692307687,
        "g_mean": 0.9198662110077999,
        "precision": 0.9230769230769231,
        "recall": 0.9230769230769231,
        "f1": 0.9230769230769231,
        "f1_abs": 0.6993006993006994,
        "accuracy": 0.92,
        "support": 25
    },
    "f1_f1": 0.7272727272727273
}