{
    "boundary": {
        "precision": 0.7543859649122807,
        "recall": 0.4574468085106383,
        "num_correct": 43,
        "num_predicted": 57,
        "num_true": 94,
        "FP": 14,
        "FN": 51,
        "f1": 0.5695364238410595
    },
    "boundary_strict": {
        "precision": 0.7368421052631579,
        "recall": 0.44680851063829785,
        "num_correct": 42,
        "num_predicted": 57,
        "num_true": 94,
        "FP": 15,
        "FN": 52,
        "f1": 0.5562913907284768
    },
    "classification": {
        "TP": 18,
        "TN": 24,
        "FP": 1,
        "FN": 0,
        "spesificity": 0.96,
        "fp_rate": 0.040000000000000036,
        "fn_rate": 0.0,
        "g_mean": 0.9797958971132712,
        "precision": 0.9473684210526315,
        "recall": 1.0,
        "f1": 0.972972972972973,
        "f1_abs": 0.5541435475210309,
        "accuracy": 0.9767441860465116,
        "support": 43
    },
    "f1_f1": 0.561734555021319
}