{
    "boundary": {
        "precision": 0.9842271293375394,
        "recall": 0.968944099378882,
        "num_correct": 312,
        "num_predicted": 317,
        "num_true": 322,
        "FP": 5,
        "FN": 10,
        "f1": 0.976525821596244
    },
    "boundary_strict": {
        "precision": 0.9274447949526814,
        "recall": 0.9130434782608695,
        "num_correct": 294,
        "num_predicted": 317,
        "num_true": 322,
        "FP": 23,
        "FN": 28,
        "f1": 0.9201877934272299
    },
    "classification": {
        "TP": 193,
        "TN": 101,
        "FP": 8,
        "FN": 10,
        "spesificity": 0.926605504587156,
        "fp_rate": 0.07339449541284404,
        "fn_rate": 0.049261083743842415,
        "g_mean": 0.9385946479861169,
        "precision": 0.9601990049751243,
        "recall": 0.9507389162561576,
        "f1": 0.9554455445544553,
        "f1_abs": 0.9330172453865102,
        "accuracy": 0.9423076923076923,
        "support": 312
    },
    "f1_f1": 0.9542758661674687
}