{
    "boundary": {
        "precision": 1.0,
        "recall": 0.9787234042553191,
        "num_correct": 92,
        "num_predicted": 92,
        "num_true": 94,
        "FP": 0,
        "FN": 2,
        "f1": 0.989247311827957
    },
    "boundary_strict": {
        "precision": 0.9782608695652174,
        "recall": 0.9574468085106383,
        "num_correct": 90,
        "num_predicted": 92,
        "num_true": 94,
        "FP": 2,
        "FN": 4,
        "f1": 0.967741935483871
    },
    "classification": {
        "TP": 47,
        "TN": 43,
        "FP": 2,
        "FN": 0,
        "spesificity": 0.9555555555555556,
        "fp_rate": 0.0444444444444444,
        "fn_rate": 0.0,
        "g_mean": 0.9775252199076787,
        "precision": 0.9591836734693877,
        "recall": 1.0,
        "f1": 0.9791666666666666,
        "f1_abs": 0.9686379928315412,
        "accuracy": 0.9782608695652174,
        "support": 92
    },
    "f1_f1": 0.9788341822297679
}