{
    "boundary": {
        "precision": 0.9805194805194806,
        "recall": 0.937888198757764,
        "num_correct": 302,
        "num_predicted": 308,
        "num_true": 322,
        "FP": 6,
        "FN": 20,
        "f1": 0.9587301587301588
    },
    "boundary_strict": {
        "precision": 0.9577922077922078,
        "recall": 0.9161490683229814,
        "num_correct": 295,
        "num_predicted": 308,
        "num_true": 322,
        "FP": 13,
        "FN": 27,
        "f1": 0.9365079365079364
    },
    "classification": {
        "TP": 194,
        "TN": 101,
        "FP": 5,
        "FN": 2,
        "spesificity": 0.9528301886792453,
        "fp_rate": 0.047169811320754707,
        "fn_rate": 0.010204081632653073,
        "g_mean": 0.9711371847745848,
        "precision": 0.9748743718592965,
        "recall": 0.9897959183673469,
        "f1": 0.9822784810126582,
        "f1_abs": 0.9417400040184851,
        "accuracy": 0.9768211920529801,
        "support": 302
    },
    "f1_f1": 0.9501591355997487
}