{
    "boundary": {
        "precision": 0.9651162790697675,
        "recall": 0.8829787234042553,
        "num_correct": 83,
        "num_predicted": 86,
        "num_true": 94,
        "FP": 3,
        "FN": 11,
        "f1": 0.9222222222222223
    },
    "boundary_strict": {
        "precision": 0.9534883720930233,
        "recall": 0.8723404255319149,
        "num_correct": 82,
        "num_predicted": 86,
        "num_true": 94,
        "FP": 4,
        "FN": 12,
        "f1": 0.9111111111111112
    },
    "classification": {
        "TP": 42,
        "TN": 40,
        "FP": 1,
        "FN": 0,
        "spesificity": 0.975609756097561,
        "fp_rate": 0.024390243902439046,
        "fn_rate": 0.0,
        "g_mean": 0.9877295966495896,
        "precision": 0.9767441860465116,
        "recall": 1.0,
        "f1": 0.9882352941176471,
        "f1_abs": 0.911372549019608,
        "accuracy": 0.9879518072289156,
        "support": 83
    },
    "f1_f1": 0.9167652859960554
}