{
    "boundary": {
        "precision": 0.9565217391304348,
        "recall": 0.9565217391304348,
        "num_correct": 44,
        "num_predicted": 46,
        "num_true": 46,
        "FP": 2,
        "FN": 2,
        "f1": 0.9565217391304348
    },
    "boundary_strict": {
        "precision": 0.8478260869565217,
        "recall": 0.8478260869565217,
        "num_correct": 39,
        "num_predicted": 46,
        "num_true": 46,
        "FP": 7,
        "FN": 7,
        "f1": 0.8478260869565218
    },
    "classification": {
        "TP": 33,
        "TN": 6,
        "FP": 3,
        "FN": 2,
        "spesificity": 0.6666666666666666,
        "fp_rate": 0.33333333333333337,
        "fn_rate": 0.05714285714285716,
        "g_mean": 0.7928249671720918,
        "precision": 0.9166666666666666,
        "recall": 0.9428571428571428,
        "f1": 0.9295774647887323,
        "f1_abs": 0.8891610532761787,
        "accuracy": 0.8863636363636364,
        "support": 44
    },
    "f1_f1": 0.9216121866074262
}