{
    "boundary": {
        "precision": 0.9636363636363636,
        "recall": 0.8412698412698413,
        "num_correct": 53,
        "num_predicted": 55,
        "num_true": 63,
        "FP": 2,
        "FN": 10,
        "f1": 0.8983050847457628
    },
    "classification": {
        "TP": 25.0,
        "TN": 24.0,
        "FP": 2.0,
        "FN": 2.0,
        "spesificity": 0.9230769230769231,
        "fp_rate": 0.07692307692307687,
        "fn_rate": 0.07407407407407407,
        "g_mean": 0.9245003270420485,
        "precision": 0.9259259259259259,
        "recall": 0.9259259259259259,
        "f1": 0.9259259259259259,
        "f1_abs": 0.8317639673571877,
        "accuracy": 0.9245283018867925,
        "support": 53
    },
    "f1_f1": 0.863754889178618
}