{
    "boundary": {
        "precision": 0.9310344827586207,
        "recall": 0.8181818181818182,
        "num_correct": 27,
        "num_predicted": 29,
        "num_true": 33,
        "FP": 2,
        "FN": 6,
        "f1": 0.8709677419354839
    },
    "boundary_strict": {
        "precision": 0.896551724137931,
        "recall": 0.7878787878787878,
        "num_correct": 26,
        "num_predicted": 29,
        "num_true": 33,
        "FP": 3,
        "FN": 7,
        "f1": 0.8387096774193549
    },
    "classification": {
        "TP": 11,
        "TN": 15,
        "FP": 0,
        "FN": 1,
        "spesificity": 1.0,
        "fp_rate": 0.0,
        "fn_rate": 0.08333333333333337,
        "g_mean": 0.9574271077563381,
        "precision": 1.0,
        "recall": 0.9166666666666666,
        "f1": 0.9565217391304348,
        "f1_abs": 0.8330995792426368,
        "accuracy": 0.9629629629629629,
        "support": 27
    },
    "f1_f1": 0.8516129032258064
}