{
    "boundary": {
        "precision": 0.9204545454545454,
        "recall": 0.8617021276595744,
        "num_correct": 81,
        "num_predicted": 88,
        "num_true": 94,
        "FP": 7,
        "FN": 13,
        "f1": 0.8901098901098901
    },
    "boundary_strict": {
        "precision": 0.9090909090909091,
        "recall": 0.851063829787234,
        "num_correct": 80,
        "num_predicted": 88,
        "num_true": 94,
        "FP": 8,
        "FN": 14,
        "f1": 0.8791208791208791
    },
    "classification": {
        "TP": 42,
        "TN": 38,
        "FP": 1,
        "FN": 0,
        "spesificity": 0.9743589743589743,
        "fp_rate": 0.02564102564102566,
        "fn_rate": 0.0,
        "g_mean": 0.9870962335856491,
        "precision": 0.9767441860465116,
        "recall": 1.0,
        "f1": 0.9882352941176471,
        "f1_abs": 0.8796380090497737,
        "accuracy": 0.9876543209876543,
        "support": 81
    },
    "f1_f1": 0.8848429676832044
}