{
    "boundary": {
        "precision": 0.9882352941176471,
        "recall": 0.8936170212765957,
        "num_correct": 84,
        "num_predicted": 85,
        "num_true": 94,
        "FP": 1,
        "FN": 10,
        "f1": 0.9385474860335196
    },
    "boundary_strict": {
        "precision": 0.9529411764705882,
        "recall": 0.8617021276595744,
        "num_correct": 81,
        "num_predicted": 85,
        "num_true": 94,
        "FP": 4,
        "FN": 13,
        "f1": 0.9050279329608938
    },
    "classification": {
        "TP": 41,
        "TN": 40,
        "FP": 2,
        "FN": 1,
        "spesificity": 0.9523809523809523,
        "fp_rate": 0.04761904761904767,
        "fn_rate": 0.023809523809523836,
        "g_mean": 0.9642122253007898,
        "precision": 0.9534883720930233,
        "recall": 0.9761904761904762,
        "f1": 0.9647058823529412,
        "f1_abs": 0.9054222806441012,
        "accuracy": 0.9642857142857143,
        "support": 84
    },
    "f1_f1": 0.9216873515538754
}