{
    "boundary": {
        "precision": 0.9565217391304348,
        "recall": 0.88,
        "num_correct": 88,
        "num_predicted": 92,
        "num_true": 100,
        "FP": 4,
        "FN": 12,
        "f1": 0.9166666666666666
    },
    "classification": {
        "TP": 42.0,
        "TN": 42.0,
        "FP": 4.0,
        "FN": 0.0,
        "spesificity": 0.9130434782608695,
        "fp_rate": 0.08695652173913049,
        "fn_rate": 0.0,
        "g_mean": 0.9555330859059091,
        "precision": 0.9130434782608695,
        "recall": 1.0,
        "f1": 0.9545454545454545,
        "f1_abs": 0.8749999999999999,
        "accuracy": 0.9545454545454546,
        "support": 88
    },
    "f1_f1": 0.8953488372093021
}