{
    "boundary": {
        "precision": 0.8095238095238095,
        "recall": 0.7391304347826086,
        "num_correct": 34,
        "num_predicted": 42,
        "num_true": 46,
        "FP": 8,
        "FN": 12,
        "f1": 0.7727272727272727
    },
    "boundary_strict": {
        "precision": 0.7619047619047619,
        "recall": 0.6956521739130435,
        "num_correct": 32,
        "num_predicted": 42,
        "num_true": 46,
        "FP": 10,
        "FN": 14,
        "f1": 0.7272727272727272
    },
    "classification": {
        "TP": 26,
        "TN": 6,
        "FP": 2,
        "FN": 0,
        "spesificity": 0.75,
        "fp_rate": 0.25,
        "fn_rate": 0.0,
        "g_mean": 0.8660254037844386,
        "precision": 0.9285714285714286,
        "recall": 1.0,
        "f1": 0.9629629629629629,
        "f1_abs": 0.744107744107744,
        "accuracy": 0.9411764705882353,
        "support": 34
    },
    "f1_f1": 0.7581475128644939
}