{
    "boundary": {
        "precision": 0.9101123595505618,
        "recall": 0.8617021276595744,
        "num_correct": 81,
        "num_predicted": 89,
        "num_true": 94,
        "FP": 8,
        "FN": 13,
        "f1": 0.8852459016393442
    },
    "boundary_strict": {
        "precision": 0.8876404494382022,
        "recall": 0.8404255319148937,
        "num_correct": 79,
        "num_predicted": 89,
        "num_true": 94,
        "FP": 10,
        "FN": 15,
        "f1": 0.8633879781420766
    },
    "classification": {
        "TP": 40,
        "TN": 39,
        "FP": 2,
        "FN": 0,
        "spesificity": 0.9512195121951219,
        "fp_rate": 0.04878048780487809,
        "fn_rate": 0.0,
        "g_mean": 0.9753048303966929,
        "precision": 0.9523809523809523,
        "recall": 1.0,
        "f1": 0.975609756097561,
        "f1_abs": 0.863654538184726,
        "accuracy": 0.9753086419753086,
        "support": 81
    },
    "f1_f1": 0.8743169398907102
}