{
    "boundary": {
        "precision": 0.8333333333333334,
        "recall": 0.45454545454545453,
        "num_correct": 15,
        "num_predicted": 18,
        "num_true": 33,
        "FP": 3,
        "FN": 18,
        "f1": 0.5882352941176471
    },
    "boundary_strict": {
        "precision": 0.8333333333333334,
        "recall": 0.45454545454545453,
        "num_correct": 15,
        "num_predicted": 18,
        "num_true": 33,
        "FP": 3,
        "FN": 18,
        "f1": 0.5882352941176471
    },
    "classification": {
        "TP": 10,
        "TN": 5,
        "FP": 0,
        "FN": 0,
        "spesificity": 1.0,
        "fp_rate": 0.0,
        "fn_rate": 0.0,
        "g_mean": 1.0,
        "precision": 1.0,
        "recall": 1.0,
        "f1": 1.0,
        "f1_abs": 0.5882352941176471,
        "accuracy": 1.0,
        "support": 15
    },
    "f1_f1": 0.5882352941176471
}