{
    "boundary": {
        "precision": 0.9891304347826086,
        "recall": 0.9680851063829787,
        "num_correct": 91,
        "num_predicted": 92,
        "num_true": 94,
        "FP": 1,
        "FN": 3,
        "f1": 0.9784946236559139
    },
    "boundary_strict": {
        "precision": 0.9565217391304348,
        "recall": 0.9361702127659575,
        "num_correct": 88,
        "num_predicted": 92,
        "num_true": 94,
        "FP": 4,
        "FN": 6,
        "f1": 0.9462365591397849
    },
    "classification": {
        "TP": 47,
        "TN": 41,
        "FP": 3,
        "FN": 0,
        "spesificity": 0.9318181818181818,
        "fp_rate": 0.06818181818181823,
        "fn_rate": 0.0,
        "g_mean": 0.9653072991634227,
        "precision": 0.94,
        "recall": 1.0,
        "f1": 0.9690721649484536,
        "f1_abs": 0.9482319033366589,
        "accuracy": 0.967032967032967,
        "support": 91
    },
    "f1_f1": 0.963125598153465
}