{
    "boundary": {
        "precision": 0.9842271293375394,
        "recall": 0.968944099378882,
        "num_correct": 312,
        "num_predicted": 317,
        "num_true": 322,
        "FP": 5,
        "FN": 10,
        "f1": 0.976525821596244
    },
    "boundary_strict": {
        "precision": 0.9463722397476341,
        "recall": 0.9316770186335404,
        "num_correct": 300,
        "num_predicted": 317,
        "num_true": 322,
        "FP": 17,
        "FN": 22,
        "f1": 0.9389671361502346
    },
    "classification": {
        "TP": 193,
        "TN": 107,
        "FP": 7,
        "FN": 5,
        "spesificity": 0.9385964912280702,
        "fp_rate": 0.06140350877192979,
        "fn_rate": 0.025252525252525304,
        "g_mean": 0.9565012073340011,
        "precision": 0.965,
        "recall": 0.9747474747474747,
        "f1": 0.9698492462311558,
        "f1_abs": 0.9470828320003774,
        "accuracy": 0.9615384615384616,
        "support": 312
    },
    "f1_f1": 0.9615789977963014
}