{
    "boundary": {
        "precision": 0.9491525423728814,
        "recall": 0.8888888888888888,
        "num_correct": 56,
        "num_predicted": 59,
        "num_true": 63,
        "FP": 3,
        "FN": 7,
        "f1": 0.9180327868852458
    },
    "classification": {
        "TP": 26.0,
        "TN": 23.0,
        "FP": 4.0,
        "FN": 3.0,
        "spesificity": 0.8518518518518519,
        "fp_rate": 0.14814814814814814,
        "fn_rate": 0.10344827586206895,
        "g_mean": 0.8739160408688396,
        "precision": 0.8666666666666667,
        "recall": 0.896551724137931,
        "f1": 0.8813559322033899,
        "f1_abs": 0.8091136426785218,
        "accuracy": 0.875,
        "support": 56
    },
    "f1_f1": 0.8601388273519421
}