{
    "boundary": {
        "precision": 0.9166666666666666,
        "recall": 0.9565217391304348,
        "num_correct": 44,
        "num_predicted": 48,
        "num_true": 46,
        "FP": 4,
        "FN": 2,
        "f1": 0.9361702127659574
    },
    "boundary_strict": {
        "precision": 0.8125,
        "recall": 0.8478260869565217,
        "num_correct": 39,
        "num_predicted": 48,
        "num_true": 46,
        "FP": 9,
        "FN": 7,
        "f1": 0.8297872340425533
    },
    "classification": {
        "TP": 34,
        "TN": 5,
        "FP": 4,
        "FN": 1,
        "spesificity": 0.5555555555555556,
        "fp_rate": 0.4444444444444444,
        "fn_rate": 0.02857142857142858,
        "g_mean": 0.7346308866924529,
        "precision": 0.8947368421052632,
        "recall": 0.9714285714285714,
        "f1": 0.9315068493150684,
        "f1_abs": 0.8720489653162342,
        "accuracy": 0.8863636363636364,
        "support": 44
    },
    "f1_f1": 0.9029726874905689
}