{
    "boundary": {
        "precision": 0.989010989010989,
        "recall": 0.9574468085106383,
        "num_correct": 90,
        "num_predicted": 91,
        "num_true": 94,
        "FP": 1,
        "FN": 4,
        "f1": 0.972972972972973
    },
    "boundary_strict": {
        "precision": 0.967032967032967,
        "recall": 0.9361702127659575,
        "num_correct": 88,
        "num_predicted": 91,
        "num_true": 94,
        "FP": 3,
        "FN": 6,
        "f1": 0.9513513513513513
    },
    "classification": {
        "TP": 47,
        "TN": 41,
        "FP": 1,
        "FN": 1,
        "spesificity": 0.9761904761904762,
        "fp_rate": 0.023809523809523836,
        "fn_rate": 0.02083333333333337,
        "g_mean": 0.9776774389353446,
        "precision": 0.9791666666666666,
        "recall": 0.9791666666666666,
        "f1": 0.9791666666666666,
        "f1_abs": 0.9527027027027027,
        "accuracy": 0.9777777777777777,
        "support": 90
    },
    "f1_f1": 0.9627311522048364
}