{
    "boundary": {
        "precision": 0.6923076923076923,
        "recall": 0.14285714285714285,
        "num_correct": 9,
        "num_predicted": 13,
        "num_true": 63,
        "FP": 4,
        "FN": 54,
        "f1": 0.2368421052631579
    },
    "boundary_strict": {
        "precision": 0.6923076923076923,
        "recall": 0.14285714285714285,
        "num_correct": 9,
        "num_predicted": 13,
        "num_true": 63,
        "FP": 4,
        "FN": 54,
        "f1": 0.2368421052631579
    },
    "classification": {
        "TP": 0,
        "TN": 9,
        "FP": 0,
        "FN": 0,
        "spesificity": 1.0,
        "fp_rate": 0.0,
        "fn_rate": 1.0,
        "g_mean": 0.0,
        "precision": 0.0,
        "recall": 0.0,
        "f1": 0.0,
        "f1_abs": 0.0,
        "accuracy": 1.0,
        "support": 9
    },
    "f1_f1": 0.0
}