{
    "boundary": {
        "precision": 0.9775280898876404,
        "recall": 0.925531914893617,
        "num_correct": 87,
        "num_predicted": 89,
        "num_true": 94,
        "FP": 2,
        "FN": 7,
        "f1": 0.9508196721311475
    },
    "boundary_strict": {
        "precision": 0.9438202247191011,
        "recall": 0.8936170212765957,
        "num_correct": 84,
        "num_predicted": 89,
        "num_true": 94,
        "FP": 5,
        "FN": 10,
        "f1": 0.9180327868852459
    },
    "classification": {
        "TP": 45,
        "TN": 39,
        "FP": 3,
        "FN": 0,
        "spesificity": 0.9285714285714286,
        "fp_rate": 0.0714285714285714,
        "fn_rate": 0.0,
        "g_mean": 0.9636241116594315,
        "precision": 0.9375,
        "recall": 1.0,
        "f1": 0.967741935483871,
        "f1_abs": 0.9201480698043363,
        "accuracy": 0.9655172413793104,
        "support": 87
    },
    "f1_f1": 0.9352324643912926
}