{
    "boundary": {
        "precision": 0.6666666666666666,
        "recall": 0.16666666666666666,
        "num_correct": 2,
        "num_predicted": 3,
        "num_true": 12,
        "FP": 1,
        "FN": 10,
        "f1": 0.26666666666666666
    },
    "boundary_strict": {
        "precision": 0.3333333333333333,
        "recall": 0.08333333333333333,
        "num_correct": 1,
        "num_predicted": 3,
        "num_true": 12,
        "FP": 2,
        "FN": 11,
        "f1": 0.13333333333333333
    },
    "classification": {
        "TP": 1,
        "TN": 0,
        "FP": 0,
        "FN": 1,
        "spesificity": 0,
        "fp_rate": 1,
        "fn_rate": 0.5,
        "g_mean": 0.0,
        "precision": 1.0,
        "recall": 0.5,
        "f1": 0.6666666666666666,
        "f1_abs": 0.17777777777777776,
        "accuracy": 0.5,
        "support": 2
    },
    "f1_f1": 0.2133333333333333
}