{
    "boundary": {
        "precision": 0.9841269841269841,
        "recall": 0.9627329192546584,
        "num_correct": 310,
        "num_predicted": 315,
        "num_true": 322,
        "FP": 5,
        "FN": 12,
        "f1": 0.9733124018838304
    },
    "boundary_strict": {
        "precision": 0.9523809523809523,
        "recall": 0.9316770186335404,
        "num_correct": 300,
        "num_predicted": 315,
        "num_true": 322,
        "FP": 15,
        "FN": 22,
        "f1": 0.9419152276295133
    },
    "classification": {
        "TP": 199,
        "TN": 101,
        "FP": 7,
        "FN": 3,
        "spesificity": 0.9351851851851852,
        "fp_rate": 0.06481481481481477,
        "fn_rate": 0.014851485148514865,
        "g_mean": 0.9598418079539441,
        "precision": 0.9660194174757282,
        "recall": 0.9851485148514851,
        "f1": 0.9754901960784313,
        "f1_abs": 0.9494567057592267,
        "accuracy": 0.967741935483871,
        "support": 310
    },
    "f1_f1": 0.96123656563217
}