{
    "boundary": {
        "precision": 0.9104477611940298,
        "recall": 0.648936170212766,
        "num_correct": 61,
        "num_predicted": 67,
        "num_true": 94,
        "FP": 6,
        "FN": 33,
        "f1": 0.7577639751552796
    },
    "boundary_strict": {
        "precision": 0.8507462686567164,
        "recall": 0.6063829787234043,
        "num_correct": 57,
        "num_predicted": 67,
        "num_true": 94,
        "FP": 10,
        "FN": 37,
        "f1": 0.7080745341614907
    },
    "classification": {
        "TP": 28,
        "TN": 29,
        "FP": 4,
        "FN": 0,
        "spesificity": 0.8787878787878788,
        "fp_rate": 0.12121212121212122,
        "fn_rate": 0.0,
        "g_mean": 0.937436866561092,
        "precision": 0.875,
        "recall": 1.0,
        "f1": 0.9333333333333333,
        "f1_abs": 0.7072463768115943,
        "accuracy": 0.9344262295081968,
        "support": 61
    },
    "f1_f1": 0.731634182908546
}