{
    "boundary": {
        "precision": 0.42857142857142855,
        "recall": 0.09090909090909091,
        "num_correct": 3,
        "num_predicted": 7,
        "num_true": 33,
        "FP": 4,
        "FN": 30,
        "f1": 0.15000000000000002
    },
    "boundary_strict": {
        "precision": 0.2857142857142857,
        "recall": 0.06060606060606061,
        "num_correct": 2,
        "num_predicted": 7,
        "num_true": 33,
        "FP": 5,
        "FN": 31,
        "f1": 0.1
    },
    "classification": {
        "TP": 2,
        "TN": 0,
        "FP": 1,
        "FN": 0,
        "spesificity": 0.0,
        "fp_rate": 1.0,
        "fn_rate": 0.0,
        "g_mean": 0.0,
        "precision": 0.6666666666666666,
        "recall": 1.0,
        "f1": 0.8,
        "f1_abs": 0.12000000000000002,
        "accuracy": 0.6666666666666666,
        "support": 3
    },
    "f1_f1": 0.13333333333333336
}