{
    "boundary": {
        "precision": 0.9310344827586207,
        "recall": 0.8617021276595744,
        "num_correct": 81,
        "num_predicted": 87,
        "num_true": 94,
        "FP": 6,
        "FN": 13,
        "f1": 0.8950276243093922
    },
    "boundary_strict": {
        "precision": 0.8505747126436781,
        "recall": 0.7872340425531915,
        "num_correct": 74,
        "num_predicted": 87,
        "num_true": 94,
        "FP": 13,
        "FN": 20,
        "f1": 0.8176795580110497
    },
    "classification": {
        "TP": 40,
        "TN": 34,
        "FP": 5,
        "FN": 2,
        "spesificity": 0.8717948717948718,
        "fp_rate": 0.1282051282051282,
        "fn_rate": 0.04761904761904767,
        "g_mean": 0.9111974705193328,
        "precision": 0.8888888888888888,
        "recall": 0.9523809523809523,
        "f1": 0.9195402298850575,
        "f1_abs": 0.8230139074109354,
        "accuracy": 0.9135802469135802,
        "support": 81
    },
    "f1_f1": 0.8575114963443279
}