{
    "boundary": {
        "precision": 0.8604651162790697,
        "recall": 0.8043478260869565,
        "num_correct": 37,
        "num_predicted": 43,
        "num_true": 46,
        "FP": 6,
        "FN": 9,
        "f1": 0.8314606741573034
    },
    "boundary_strict": {
        "precision": 0.7674418604651163,
        "recall": 0.717391304347826,
        "num_correct": 33,
        "num_predicted": 43,
        "num_true": 46,
        "FP": 10,
        "FN": 13,
        "f1": 0.7415730337078652
    },
    "classification": {
        "TP": 27,
        "TN": 6,
        "FP": 2,
        "FN": 2,
        "spesificity": 0.75,
        "fp_rate": 0.25,
        "fn_rate": 0.06896551724137934,
        "g_mean": 0.8356290217967334,
        "precision": 0.9310344827586207,
        "recall": 0.9310344827586207,
        "f1": 0.9310344827586207,
        "f1_abs": 0.774118558698179,
        "accuracy": 0.8918918918918919,
        "support": 37
    },
    "f1_f1": 0.8017656500802568
}