{
    "boundary": {
        "precision": 0.9870967741935484,
        "recall": 0.9503105590062112,
        "num_correct": 306,
        "num_predicted": 310,
        "num_true": 322,
        "FP": 4,
        "FN": 16,
        "f1": 0.9683544303797468
    },
    "boundary_strict": {
        "precision": 0.9580645161290322,
        "recall": 0.922360248447205,
        "num_correct": 297,
        "num_predicted": 310,
        "num_true": 322,
        "FP": 13,
        "FN": 25,
        "f1": 0.939873417721519
    },
    "classification": {
        "TP": 193,
        "TN": 104,
        "FP": 5,
        "FN": 4,
        "spesificity": 0.9541284403669725,
        "fp_rate": 0.04587155963302747,
        "fn_rate": 0.02030456852791873,
        "g_mean": 0.966827427240821,
        "precision": 0.9747474747474747,
        "recall": 0.9796954314720813,
        "f1": 0.9772151898734177,
        "f1_abs": 0.9462906585483095,
        "accuracy": 0.9705882352941176,
        "support": 306
    },
    "f1_f1": 0.957195416457317
}