{
    "boundary": {
        "precision": 1.0,
        "recall": 0.9680851063829787,
        "num_correct": 91,
        "num_predicted": 91,
        "num_true": 94,
        "FP": 0,
        "FN": 3,
        "f1": 0.9837837837837838
    },
    "boundary_strict": {
        "precision": 0.9560439560439561,
        "recall": 0.925531914893617,
        "num_correct": 87,
        "num_predicted": 91,
        "num_true": 94,
        "FP": 4,
        "FN": 7,
        "f1": 0.9405405405405406
    },
    "classification": {
        "TP": 45,
        "TN": 42,
        "FP": 2,
        "FN": 2,
        "spesificity": 0.9545454545454546,
        "fp_rate": 0.045454545454545414,
        "fn_rate": 0.04255319148936165,
        "g_mean": 0.955995030862024,
        "precision": 0.9574468085106383,
        "recall": 0.9574468085106383,
        "f1": 0.9574468085106383,
        "f1_abs": 0.9419206440483038,
        "accuracy": 0.9560439560439561,
        "support": 91
    },
    "f1_f1": 0.9623971797884843
}