{
    "boundary": {
        "precision": 0.8378378378378378,
        "recall": 0.6739130434782609,
        "num_correct": 31,
        "num_predicted": 37,
        "num_true": 46,
        "FP": 6,
        "FN": 15,
        "f1": 0.746987951807229
    },
    "boundary_strict": {
        "precision": 0.7297297297297297,
        "recall": 0.5869565217391305,
        "num_correct": 27,
        "num_predicted": 37,
        "num_true": 46,
        "FP": 10,
        "FN": 19,
        "f1": 0.6506024096385542
    },
    "classification": {
        "TP": 23,
        "TN": 4,
        "FP": 3,
        "FN": 1,
        "spesificity": 0.5714285714285714,
        "fp_rate": 0.4285714285714286,
        "fn_rate": 0.04166666666666663,
        "g_mean": 0.7400128699009548,
        "precision": 0.8846153846153846,
        "recall": 0.9583333333333334,
        "f1": 0.9199999999999999,
        "f1_abs": 0.6872289156626507,
        "accuracy": 0.8709677419354839,
        "support": 31
    },
    "f1_f1": 0.7158634538152612
}