{
    "boundary": {
        "precision": 0.8571428571428571,
        "recall": 0.782608695652174,
        "num_correct": 36,
        "num_predicted": 42,
        "num_true": 46,
        "FP": 6,
        "FN": 10,
        "f1": 0.8181818181818182
    },
    "boundary_strict": {
        "precision": 0.8095238095238095,
        "recall": 0.7391304347826086,
        "num_correct": 34,
        "num_predicted": 42,
        "num_true": 46,
        "FP": 8,
        "FN": 12,
        "f1": 0.7727272727272727
    },
    "classification": {
        "TP": 29,
        "TN": 5,
        "FP": 1,
        "FN": 1,
        "spesificity": 0.8333333333333334,
        "fp_rate": 0.16666666666666663,
        "fn_rate": 0.033333333333333326,
        "g_mean": 0.8975274678557507,
        "precision": 0.9666666666666667,
        "recall": 0.9666666666666667,
        "f1": 0.9666666666666667,
        "f1_abs": 0.790909090909091,
        "accuracy": 0.9444444444444444,
        "support": 36
    },
    "f1_f1": 0.8043143297380586
}