{
    "boundary": {
        "precision": 0.8095238095238095,
        "recall": 0.7391304347826086,
        "num_correct": 34,
        "num_predicted": 42,
        "num_true": 46,
        "FP": 8,
        "FN": 12,
        "f1": 0.7727272727272727
    },
    "boundary_strict": {
        "precision": 0.7619047619047619,
        "recall": 0.6956521739130435,
        "num_correct": 32,
        "num_predicted": 42,
        "num_true": 46,
        "FP": 10,
        "FN": 14,
        "f1": 0.7272727272727272
    },
    "classification": {
        "TP": 27,
        "TN": 5,
        "FP": 2,
        "FN": 0,
        "spesificity": 0.7142857142857143,
        "fp_rate": 0.2857142857142857,
        "fn_rate": 0.0,
        "g_mean": 0.8451542547285166,
        "precision": 0.9310344827586207,
        "recall": 1.0,
        "f1": 0.9642857142857143,
        "f1_abs": 0.7451298701298701,
        "accuracy": 0.9411764705882353,
        "support": 34
    },
    "f1_f1": 0.7586776859504132
}