{
    "boundary": {
        "precision": 0.9534883720930233,
        "recall": 0.8913043478260869,
        "num_correct": 41,
        "num_predicted": 43,
        "num_true": 46,
        "FP": 2,
        "FN": 5,
        "f1": 0.9213483146067417
    },
    "boundary_strict": {
        "precision": 0.9302325581395349,
        "recall": 0.8695652173913043,
        "num_correct": 40,
        "num_predicted": 43,
        "num_true": 46,
        "FP": 3,
        "FN": 6,
        "f1": 0.898876404494382
    },
    "classification": {
        "TP": 33,
        "TN": 7,
        "FP": 1,
        "FN": 0,
        "spesificity": 0.875,
        "fp_rate": 0.125,
        "fn_rate": 0.0,
        "g_mean": 0.9354143466934853,
        "precision": 0.9705882352941176,
        "recall": 1.0,
        "f1": 0.9850746268656716,
        "f1_abs": 0.9075968472245515,
        "accuracy": 0.975609756097561,
        "support": 41
    },
    "f1_f1": 0.9144208836698487
}