{
    "boundary": {
        "precision": 0.8333333333333334,
        "recall": 0.3,
        "num_correct": 30,
        "num_predicted": 36,
        "num_true": 100,
        "FP": 6,
        "FN": 70,
        "f1": 0.4411764705882353
    },
    "boundary_strict": {
        "precision": 0.8333333333333334,
        "recall": 0.3,
        "num_correct": 30,
        "num_predicted": 36,
        "num_true": 100,
        "FP": 6,
        "FN": 70,
        "f1": 0.4411764705882353
    },
    "classification": {
        "TP": 18,
        "TN": 12,
        "FP": 0,
        "FN": 0,
        "spesificity": 1.0,
        "fp_rate": 0.0,
        "fn_rate": 0.0,
        "g_mean": 1.0,
        "precision": 1.0,
        "recall": 1.0,
        "f1": 1.0,
        "f1_abs": 0.4411764705882353,
        "accuracy": 1.0,
        "support": 30
    },
    "f1_f1": 0.4411764705882353
}