{
    "boundary": {
        "precision": 0.6206896551724138,
        "recall": 0.391304347826087,
        "num_correct": 18,
        "num_predicted": 29,
        "num_true": 46,
        "FP": 11,
        "FN": 28,
        "f1": 0.48
    },
    "boundary_strict": {
        "precision": 0.6206896551724138,
        "recall": 0.391304347826087,
        "num_correct": 18,
        "num_predicted": 29,
        "num_true": 46,
        "FP": 11,
        "FN": 28,
        "f1": 0.48
    },
    "classification": {
        "TP": 18,
        "TN": 0,
        "FP": 0,
        "FN": 0,
        "spesificity": 0,
        "fp_rate": 1,
        "fn_rate": 0.0,
        "g_mean": 0.0,
        "precision": 1.0,
        "recall": 1.0,
        "f1": 1.0,
        "f1_abs": 0.48,
        "accuracy": 1.0,
        "support": 18
    },
    "f1_f1": 0.48
}