{
    "boundary": {
        "precision": 0.8292682926829268,
        "recall": 0.7391304347826086,
        "num_correct": 34,
        "num_predicted": 41,
        "num_true": 46,
        "FP": 7,
        "FN": 12,
        "f1": 0.7816091954022988
    },
    "boundary_strict": {
        "precision": 0.7317073170731707,
        "recall": 0.6521739130434783,
        "num_correct": 30,
        "num_predicted": 41,
        "num_true": 46,
        "FP": 11,
        "FN": 16,
        "f1": 0.6896551724137931
    },
    "classification": {
        "TP": 25,
        "TN": 5,
        "FP": 2,
        "FN": 2,
        "spesificity": 0.7142857142857143,
        "fp_rate": 0.2857142857142857,
        "fn_rate": 0.07407407407407407,
        "g_mean": 0.8132500607904444,
        "precision": 0.9259259259259259,
        "recall": 0.9259259259259259,
        "f1": 0.9259259259259259,
        "f1_abs": 0.7237122179650914,
        "accuracy": 0.8823529411764706,
        "support": 34
    },
    "f1_f1": 0.7515473032714411
}