{
    "boundary": {
        "precision": 0.9904458598726115,
        "recall": 0.9658385093167702,
        "num_correct": 311,
        "num_predicted": 314,
        "num_true": 322,
        "FP": 3,
        "FN": 11,
        "f1": 0.9779874213836478
    },
    "boundary_strict": {
        "precision": 0.9426751592356688,
        "recall": 0.9192546583850931,
        "num_correct": 296,
        "num_predicted": 314,
        "num_true": 322,
        "FP": 18,
        "FN": 26,
        "f1": 0.9308176100628931
    },
    "classification": {
        "TP": 195,
        "TN": 101,
        "FP": 9,
        "FN": 6,
        "spesificity": 0.9181818181818182,
        "fp_rate": 0.08181818181818179,
        "fn_rate": 0.02985074626865669,
        "g_mean": 0.9438079283936848,
        "precision": 0.9558823529411765,
        "recall": 0.9701492537313433,
        "f1": 0.962962962962963,
        "f1_abs": 0.9417656650361054,
        "accuracy": 0.9517684887459807,
        "support": 311
    },
    "f1_f1": 0.9595348285273526
}