{
    "boundary": {
        "precision": 1.0,
        "recall": 0.9680851063829787,
        "num_correct": 91,
        "num_predicted": 91,
        "num_true": 94,
        "FP": 0,
        "FN": 3,
        "f1": 0.9837837837837838
    },
    "boundary_strict": {
        "precision": 0.967032967032967,
        "recall": 0.9361702127659575,
        "num_correct": 88,
        "num_predicted": 91,
        "num_true": 94,
        "FP": 3,
        "FN": 6,
        "f1": 0.9513513513513513
    },
    "classification": {
        "TP": 47,
        "TN": 41,
        "FP": 3,
        "FN": 0,
        "spesificity": 0.9318181818181818,
        "fp_rate": 0.06818181818181823,
        "fn_rate": 0.0,
        "g_mean": 0.9653072991634227,
        "precision": 0.94,
        "recall": 1.0,
        "f1": 0.9690721649484536,
        "f1_abs": 0.9533574811925328,
        "accuracy": 0.967032967032967,
        "support": 91
    },
    "f1_f1": 0.9683316824678082
}