{
    "boundary": {
        "precision": 0.9550561797752809,
        "recall": 0.9042553191489362,
        "num_correct": 85,
        "num_predicted": 89,
        "num_true": 94,
        "FP": 4,
        "FN": 9,
        "f1": 0.9289617486338798
    },
    "boundary_strict": {
        "precision": 0.9325842696629213,
        "recall": 0.8829787234042553,
        "num_correct": 83,
        "num_predicted": 89,
        "num_true": 94,
        "FP": 6,
        "FN": 11,
        "f1": 0.907103825136612
    },
    "classification": {
        "TP": 43,
        "TN": 40,
        "FP": 2,
        "FN": 0,
        "spesificity": 0.9523809523809523,
        "fp_rate": 0.04761904761904767,
        "fn_rate": 0.0,
        "g_mean": 0.9759000729485332,
        "precision": 0.9555555555555556,
        "recall": 1.0,
        "f1": 0.9772727272727273,
        "f1_abs": 0.9078489816194735,
        "accuracy": 0.9764705882352941,
        "support": 85
    },
    "f1_f1": 0.9182840273852146
}