{
    "boundary": {
        "precision": 0.7931034482758621,
        "recall": 0.5,
        "num_correct": 23,
        "num_predicted": 29,
        "num_true": 46,
        "FP": 6,
        "FN": 23,
        "f1": 0.6133333333333334
    },
    "boundary_strict": {
        "precision": 0.7241379310344828,
        "recall": 0.45652173913043476,
        "num_correct": 21,
        "num_predicted": 29,
        "num_true": 46,
        "FP": 8,
        "FN": 25,
        "f1": 0.5599999999999999
    },
    "classification": {
        "TP": 18,
        "TN": 3,
        "FP": 2,
        "FN": 0,
        "spesificity": 0.6,
        "fp_rate": 0.4,
        "fn_rate": 0.0,
        "g_mean": 0.7745966692414834,
        "precision": 0.9,
        "recall": 1.0,
        "f1": 0.9473684210526315,
        "f1_abs": 0.5810526315789474,
        "accuracy": 0.9130434782608695,
        "support": 23
    },
    "f1_f1": 0.5967567567567568
}