{
    "boundary": {
        "precision": 0.8974358974358975,
        "recall": 0.7608695652173914,
        "num_correct": 35,
        "num_predicted": 39,
        "num_true": 46,
        "FP": 4,
        "FN": 11,
        "f1": 0.8235294117647058
    },
    "boundary_strict": {
        "precision": 0.8461538461538461,
        "recall": 0.717391304347826,
        "num_correct": 33,
        "num_predicted": 39,
        "num_true": 46,
        "FP": 6,
        "FN": 13,
        "f1": 0.776470588235294
    },
    "classification": {
        "TP": 27,
        "TN": 6,
        "FP": 2,
        "FN": 0,
        "spesificity": 0.75,
        "fp_rate": 0.25,
        "fn_rate": 0.0,
        "g_mean": 0.8660254037844386,
        "precision": 0.9310344827586207,
        "recall": 1.0,
        "f1": 0.9642857142857143,
        "f1_abs": 0.7941176470588235,
        "accuracy": 0.9428571428571428,
        "support": 35
    },
    "f1_f1": 0.8085561497326202
}