{
    "boundary": {
        "precision": 0.9285714285714286,
        "recall": 0.8478260869565217,
        "num_correct": 39,
        "num_predicted": 42,
        "num_true": 46,
        "FP": 3,
        "FN": 7,
        "f1": 0.8863636363636365
    },
    "boundary_strict": {
        "precision": 0.8571428571428571,
        "recall": 0.782608695652174,
        "num_correct": 36,
        "num_predicted": 42,
        "num_true": 46,
        "FP": 6,
        "FN": 10,
        "f1": 0.8181818181818182
    },
    "classification": {
        "TP": 28,
        "TN": 8,
        "FP": 2,
        "FN": 1,
        "spesificity": 0.8,
        "fp_rate": 0.19999999999999996,
        "fn_rate": 0.03448275862068961,
        "g_mean": 0.8788707488040823,
        "precision": 0.9333333333333333,
        "recall": 0.9655172413793104,
        "f1": 0.9491525423728814,
        "f1_abs": 0.8412942989214177,
        "accuracy": 0.9230769230769231,
        "support": 39
    },
    "f1_f1": 0.8632411067193678
}