{
    "boundary": {
        "precision": 0.98,
        "recall": 0.8166666666666667,
        "num_correct": 49,
        "num_predicted": 50,
        "num_true": 60,
        "FP": 1,
        "FN": 11,
        "f1": 0.890909090909091
    },
    "boundary_strict": {
        "precision": 0.98,
        "recall": 0.8166666666666667,
        "num_correct": 49,
        "num_predicted": 50,
        "num_true": 60,
        "FP": 1,
        "FN": 11,
        "f1": 0.890909090909091
    },
    "classification": {
        "TP": 28,
        "TN": 21,
        "FP": 0,
        "FN": 0,
        "spesificity": 1.0,
        "fp_rate": 0.0,
        "fn_rate": 0.0,
        "g_mean": 1.0,
        "precision": 1.0,
        "recall": 1.0,
        "f1": 1.0,
        "f1_abs": 0.890909090909091,
        "accuracy": 1.0,
        "support": 49
    },
    "f1_f1": 0.890909090909091
}