{
    "boundary": {
        "precision": 0.9731543624161074,
        "recall": 0.9006211180124224,
        "num_correct": 290,
        "num_predicted": 298,
        "num_true": 322,
        "FP": 8,
        "FN": 32,
        "f1": 0.935483870967742
    },
    "boundary_strict": {
        "precision": 0.9496644295302014,
        "recall": 0.8788819875776398,
        "num_correct": 283,
        "num_predicted": 298,
        "num_true": 322,
        "FP": 15,
        "FN": 39,
        "f1": 0.9129032258064516
    },
    "classification": {
        "TP": 189,
        "TN": 94,
        "FP": 5,
        "FN": 2,
        "spesificity": 0.9494949494949495,
        "fp_rate": 0.0505050505050505,
        "fn_rate": 0.010471204188481686,
        "g_mean": 0.9693052119961265,
        "precision": 0.9742268041237113,
        "recall": 0.9895287958115183,
        "f1": 0.9818181818181818,
        "f1_abs": 0.9184750733137831,
        "accuracy": 0.9758620689655172,
        "support": 290
    },
    "f1_f1": 0.9269014501331757
}