{
    "boundary": {
        "precision": 0.8082191780821918,
        "recall": 0.59,
        "num_correct": 59,
        "num_predicted": 73,
        "num_true": 100,
        "FP": 14,
        "FN": 41,
        "f1": 0.6820809248554913
    },
    "classification": {
        "TP": 25.0,
        "TN": 32.0,
        "FP": 1.0,
        "FN": 1.0,
        "spesificity": 0.9696969696969697,
        "fp_rate": 0.030303030303030276,
        "fn_rate": 0.038461538461538436,
        "g_mean": 0.9656090991705352,
        "precision": 0.9615384615384616,
        "recall": 0.9615384615384616,
        "f1": 0.9615384615384616,
        "f1_abs": 0.6558470431302801,
        "accuracy": 0.9661016949152542,
        "support": 59
    },
    "f1_f1": 0.668706789074011
}