{
    "boundary": {
        "precision": 1.0,
        "recall": 0.9787234042553191,
        "num_correct": 92,
        "num_predicted": 92,
        "num_true": 94,
        "FP": 0,
        "FN": 2,
        "f1": 0.989247311827957
    },
    "boundary_strict": {
        "precision": 0.967391304347826,
        "recall": 0.9468085106382979,
        "num_correct": 89,
        "num_predicted": 92,
        "num_true": 94,
        "FP": 3,
        "FN": 5,
        "f1": 0.956989247311828
    },
    "classification": {
        "TP": 47,
        "TN": 42,
        "FP": 3,
        "FN": 0,
        "spesificity": 0.9333333333333333,
        "fp_rate": 0.06666666666666665,
        "fn_rate": 0.0,
        "g_mean": 0.9660917830792959,
        "precision": 0.94,
        "recall": 1.0,
        "f1": 0.9690721649484536,
        "f1_abs": 0.9586520341425563,
        "accuracy": 0.967391304347826,
        "support": 92
    },
    "f1_f1": 0.9737093959353713
}