{
    "boundary": {
        "precision": 1.0,
        "recall": 1.0,
        "num_correct": 46,
        "num_predicted": 46,
        "num_true": 46,
        "FP": 0,
        "FN": 0,
        "f1": 1.0
    },
    "classification": {
        "TP": 40.0,
        "TN": 3.0,
        "FP": 1.0,
        "FN": 2.0,
        "spesificity": 0.75,
        "fp_rate": 0.25,
        "fn_rate": 0.04761904761904767,
        "g_mean": 0.8451542547285166,
        "precision": 0.975609756097561,
        "recall": 0.9523809523809523,
        "f1": 0.963855421686747,
        "f1_abs": 0.963855421686747,
        "accuracy": 0.9347826086956522,
        "support": 46
    },
    "f1_f1": 0.9815950920245399
}