{
    "boundary": {
        "precision": 0.9636363636363636,
        "recall": 0.8833333333333333,
        "num_correct": 53,
        "num_predicted": 55,
        "num_true": 60,
        "FP": 2,
        "FN": 7,
        "f1": 0.9217391304347826
    },
    "boundary_strict": {
        "precision": 0.9454545454545454,
        "recall": 0.8666666666666667,
        "num_correct": 52,
        "num_predicted": 55,
        "num_true": 60,
        "FP": 3,
        "FN": 8,
        "f1": 0.9043478260869566
    },
    "classification": {
        "TP": 27,
        "TN": 25,
        "FP": 0,
        "FN": 1,
        "spesificity": 1.0,
        "fp_rate": 0.0,
        "fn_rate": 0.0357142857142857,
        "g_mean": 0.9819805060619657,
        "precision": 1.0,
        "recall": 0.9642857142857143,
        "f1": 0.9818181818181818,
        "f1_abs": 0.9049802371541502,
        "accuracy": 0.9811320754716981,
        "support": 53
    },
    "f1_f1": 0.9132828081372159
}