{
    "boundary": {
        "precision": 0.9523809523809523,
        "recall": 0.8695652173913043,
        "num_correct": 40,
        "num_predicted": 42,
        "num_true": 46,
        "FP": 2,
        "FN": 6,
        "f1": 0.909090909090909
    },
    "boundary_strict": {
        "precision": 0.9047619047619048,
        "recall": 0.8260869565217391,
        "num_correct": 38,
        "num_predicted": 42,
        "num_true": 46,
        "FP": 4,
        "FN": 8,
        "f1": 0.8636363636363636
    },
    "classification": {
        "TP": 32,
        "TN": 6,
        "FP": 1,
        "FN": 1,
        "spesificity": 0.8571428571428571,
        "fp_rate": 0.1428571428571429,
        "fn_rate": 0.030303030303030276,
        "g_mean": 0.9116846116771036,
        "precision": 0.9696969696969697,
        "recall": 0.9696969696969697,
        "f1": 0.9696969696969697,
        "f1_abs": 0.8815426997245178,
        "accuracy": 0.95,
        "support": 40
    },
    "f1_f1": 0.8951048951048951
}