{
    "boundary": {
        "precision": 0.825,
        "recall": 0.35106382978723405,
        "num_correct": 33,
        "num_predicted": 40,
        "num_true": 94,
        "FP": 7,
        "FN": 61,
        "f1": 0.49253731343283574
    },
    "boundary_strict": {
        "precision": 0.7,
        "recall": 0.2978723404255319,
        "num_correct": 28,
        "num_predicted": 40,
        "num_true": 94,
        "FP": 12,
        "FN": 66,
        "f1": 0.417910447761194
    },
    "classification": {
        "TP": 18,
        "TN": 10,
        "FP": 5,
        "FN": 0,
        "spesificity": 0.6666666666666666,
        "fp_rate": 0.33333333333333337,
        "fn_rate": 0.0,
        "g_mean": 0.816496580927726,
        "precision": 0.782608695652174,
        "recall": 1.0,
        "f1": 0.8780487804878049,
        "f1_abs": 0.43247178740444114,
        "accuracy": 0.8484848484848485,
        "support": 33
    },
    "f1_f1": 0.4605543710021321
}