{
    "boundary": {
        "precision": 0.8775510204081632,
        "recall": 0.86,
        "num_correct": 86,
        "num_predicted": 98,
        "num_true": 100,
        "FP": 12,
        "FN": 14,
        "f1": 0.8686868686868686
    },
    "classification": {
        "TP": 41.0,
        "TN": 37.0,
        "FP": 8.0,
        "FN": 0.0,
        "spesificity": 0.8222222222222222,
        "fp_rate": 0.1777777777777778,
        "fn_rate": 0.0,
        "g_mean": 0.9067647005823629,
        "precision": 0.8367346938775511,
        "recall": 1.0,
        "f1": 0.9111111111111111,
        "f1_abs": 0.7914702581369247,
        "accuracy": 0.9069767441860465,
        "support": 86
    },
    "f1_f1": 0.8282828282828283
}