{
    "boundary": {
        "precision": 0.9285714285714286,
        "recall": 0.7878787878787878,
        "num_correct": 26,
        "num_predicted": 28,
        "num_true": 33,
        "FP": 2,
        "FN": 7,
        "f1": 0.8524590163934426
    },
    "boundary_strict": {
        "precision": 0.8928571428571429,
        "recall": 0.7575757575757576,
        "num_correct": 25,
        "num_predicted": 28,
        "num_true": 33,
        "FP": 3,
        "FN": 8,
        "f1": 0.819672131147541
    },
    "classification": {
        "TP": 11,
        "TN": 14,
        "FP": 0,
        "FN": 1,
        "spesificity": 1.0,
        "fp_rate": 0.0,
        "fn_rate": 0.08333333333333337,
        "g_mean": 0.9574271077563381,
        "precision": 1.0,
        "recall": 0.9166666666666666,
        "f1": 0.9565217391304348,
        "f1_abs": 0.8153955808980755,
        "accuracy": 0.9615384615384616,
        "support": 26
    },
    "f1_f1": 0.8335154826958104
}