{
    "boundary": {
        "precision": 0.8235294117647058,
        "recall": 0.2222222222222222,
        "num_correct": 14,
        "num_predicted": 17,
        "num_true": 63,
        "FP": 3,
        "FN": 49,
        "f1": 0.35000000000000003
    },
    "classification": {
        "TP": 2.0,
        "TN": 12.0,
        "FP": 0.0,
        "FN": 0.0,
        "spesificity": 1.0,
        "fp_rate": 0.0,
        "fn_rate": 0.0,
        "g_mean": 1.0,
        "precision": 1.0,
        "recall": 1.0,
        "f1": 1.0,
        "f1_abs": 0.35000000000000003,
        "accuracy": 1.0,
        "support": 14
    },
    "f1_f1": 0.35000000000000003
}