{
    "boundary": {
        "precision": 0.03333333333333333,
        "recall": 0.010638297872340425,
        "num_correct": 1,
        "num_predicted": 30,
        "num_true": 94,
        "FP": 29,
        "FN": 93,
        "f1": 0.016129032258064516
    },
    "boundary_strict": {
        "precision": 0.03333333333333333,
        "recall": 0.010638297872340425,
        "num_correct": 1,
        "num_predicted": 30,
        "num_true": 94,
        "FP": 29,
        "FN": 93,
        "f1": 0.016129032258064516
    },
    "classification": {
        "TP": 0,
        "TN": 1,
        "FP": 0,
        "FN": 0,
        "spesificity": 1.0,
        "fp_rate": 0.0,
        "fn_rate": 1.0,
        "g_mean": 0.0,
        "precision": 0.0,
        "recall": 0.0,
        "f1": 0.0,
        "f1_abs": 0.0,
        "accuracy": 1.0,
        "support": 1
    },
    "f1_f1": 0.0
}