{
    "boundary": {
        "precision": 0.5384615384615384,
        "recall": 0.1111111111111111,
        "num_correct": 7,
        "num_predicted": 13,
        "num_true": 63,
        "FP": 6,
        "FN": 56,
        "f1": 0.1842105263157895
    },
    "boundary_strict": {
        "precision": 0.5384615384615384,
        "recall": 0.1111111111111111,
        "num_correct": 7,
        "num_predicted": 13,
        "num_true": 63,
        "FP": 6,
        "FN": 56,
        "f1": 0.1842105263157895
    },
    "classification": {
        "TP": 1,
        "TN": 6,
        "FP": 0,
        "FN": 0,
        "spesificity": 1.0,
        "fp_rate": 0.0,
        "fn_rate": 0.0,
        "g_mean": 1.0,
        "precision": 1.0,
        "recall": 1.0,
        "f1": 1.0,
        "f1_abs": 0.1842105263157895,
        "accuracy": 1.0,
        "support": 7
    },
    "f1_f1": 0.18421052631578952
}