{
    "boundary": {
        "precision": 0.9885057471264368,
        "recall": 0.9148936170212766,
        "num_correct": 86,
        "num_predicted": 87,
        "num_true": 94,
        "FP": 1,
        "FN": 8,
        "f1": 0.9502762430939227
    },
    "boundary_strict": {
        "precision": 0.9540229885057471,
        "recall": 0.8829787234042553,
        "num_correct": 83,
        "num_predicted": 87,
        "num_true": 94,
        "FP": 4,
        "FN": 11,
        "f1": 0.9171270718232043
    },
    "classification": {
        "TP": 43,
        "TN": 40,
        "FP": 3,
        "FN": 0,
        "spesificity": 0.9302325581395349,
        "fp_rate": 0.06976744186046513,
        "fn_rate": 0.0,
        "g_mean": 0.9644856443408242,
        "precision": 0.9347826086956522,
        "recall": 1.0,
        "f1": 0.9662921348314607,
        "f1_abs": 0.9182444596188466,
        "accuracy": 0.9651162790697675,
        "support": 86
    },
    "f1_f1": 0.9339857932123126
}