{
    "boundary": {
        "precision": 0.9782608695652174,
        "recall": 0.75,
        "num_correct": 45,
        "num_predicted": 46,
        "num_true": 60,
        "FP": 1,
        "FN": 15,
        "f1": 0.849056603773585
    },
    "boundary_strict": {
        "precision": 0.9565217391304348,
        "recall": 0.7333333333333333,
        "num_correct": 44,
        "num_predicted": 46,
        "num_true": 60,
        "FP": 2,
        "FN": 16,
        "f1": 0.8301886792452831
    },
    "classification": {
        "TP": 24,
        "TN": 20,
        "FP": 0,
        "FN": 1,
        "spesificity": 1.0,
        "fp_rate": 0.0,
        "fn_rate": 0.040000000000000036,
        "g_mean": 0.9797958971132712,
        "precision": 1.0,
        "recall": 0.96,
        "f1": 0.9795918367346939,
        "f1_abs": 0.8317289179822874,
        "accuracy": 0.9777777777777777,
        "support": 45
    },
    "f1_f1": 0.8403034429099399
}