{
    "boundary": {
        "precision": 0.9782608695652174,
        "recall": 0.9574468085106383,
        "num_correct": 90,
        "num_predicted": 92,
        "num_true": 94,
        "FP": 2,
        "FN": 4,
        "f1": 0.967741935483871
    },
    "boundary_strict": {
        "precision": 0.9021739130434783,
        "recall": 0.8829787234042553,
        "num_correct": 83,
        "num_predicted": 92,
        "num_true": 94,
        "FP": 9,
        "FN": 11,
        "f1": 0.8924731182795699
    },
    "classification": {
        "TP": 43,
        "TN": 40,
        "FP": 4,
        "FN": 3,
        "spesificity": 0.9090909090909091,
        "fp_rate": 0.09090909090909094,
        "fn_rate": 0.06521739130434778,
        "g_mean": 0.9218472604187214,
        "precision": 0.9148936170212766,
        "recall": 0.9347826086956522,
        "f1": 0.9247311827956989,
        "f1_abs": 0.8949011446409989,
        "accuracy": 0.9222222222222223,
        "support": 90
    },
    "f1_f1": 0.9298972787889709
}