{
    "boundary": {
        "precision": 0.8526315789473684,
        "recall": 0.81,
        "num_correct": 81,
        "num_predicted": 95,
        "num_true": 100,
        "FP": 14,
        "FN": 19,
        "f1": 0.8307692307692308
    },
    "classification": {
        "TP": 38.0,
        "TN": 35.0,
        "FP": 7.0,
        "FN": 1.0,
        "spesificity": 0.8333333333333334,
        "fp_rate": 0.16666666666666663,
        "fn_rate": 0.02564102564102566,
        "g_mean": 0.9010914559387476,
        "precision": 0.8444444444444444,
        "recall": 0.9743589743589743,
        "f1": 0.9047619047619048,
        "f1_abs": 0.7516483516483516,
        "accuracy": 0.9012345679012346,
        "support": 81
    },
    "f1_f1": 0.7892307692307692
}