{
    "boundary": {
        "precision": 0.8,
        "recall": 0.36363636363636365,
        "num_correct": 12,
        "num_predicted": 15,
        "num_true": 33,
        "FP": 3,
        "FN": 21,
        "f1": 0.5000000000000001
    },
    "boundary_strict": {
        "precision": 0.7333333333333333,
        "recall": 0.3333333333333333,
        "num_correct": 11,
        "num_predicted": 15,
        "num_true": 33,
        "FP": 4,
        "FN": 22,
        "f1": 0.45833333333333326
    },
    "classification": {
        "TP": 3,
        "TN": 8,
        "FP": 0,
        "FN": 1,
        "spesificity": 1.0,
        "fp_rate": 0.0,
        "fn_rate": 0.25,
        "g_mean": 0.8660254037844386,
        "precision": 1.0,
        "recall": 0.75,
        "f1": 0.8571428571428571,
        "f1_abs": 0.42857142857142866,
        "accuracy": 0.9166666666666666,
        "support": 12
    },
    "f1_f1": 0.4615384615384616
}