{
    "boundary": {
        "precision": 0.9821428571428571,
        "recall": 0.9166666666666666,
        "num_correct": 55,
        "num_predicted": 56,
        "num_true": 60,
        "FP": 1,
        "FN": 5,
        "f1": 0.9482758620689654
    },
    "boundary_strict": {
        "precision": 0.9107142857142857,
        "recall": 0.85,
        "num_correct": 51,
        "num_predicted": 56,
        "num_true": 60,
        "FP": 5,
        "FN": 9,
        "f1": 0.8793103448275861
    },
    "classification": {
        "TP": 27,
        "TN": 24,
        "FP": 1,
        "FN": 3,
        "spesificity": 0.96,
        "fp_rate": 0.040000000000000036,
        "fn_rate": 0.09999999999999998,
        "g_mean": 0.92951600308978,
        "precision": 0.9642857142857143,
        "recall": 0.9,
        "f1": 0.9310344827586207,
        "f1_abs": 0.8828775267538643,
        "accuracy": 0.9272727272727272,
        "support": 55
    },
    "f1_f1": 0.9144088669950738
}