{
    "boundary": {
        "precision": 0.2,
        "recall": 0.08695652173913043,
        "num_correct": 4,
        "num_predicted": 20,
        "num_true": 46,
        "FP": 16,
        "FN": 42,
        "f1": 0.12121212121212122
    },
    "boundary_strict": {
        "precision": 0.2,
        "recall": 0.08695652173913043,
        "num_correct": 4,
        "num_predicted": 20,
        "num_true": 46,
        "FP": 16,
        "FN": 42,
        "f1": 0.12121212121212122
    },
    "classification": {
        "TP": 3,
        "TN": 1,
        "FP": 0,
        "FN": 0,
        "spesificity": 1.0,
        "fp_rate": 0.0,
        "fn_rate": 0.0,
        "g_mean": 1.0,
        "precision": 1.0,
        "recall": 1.0,
        "f1": 1.0,
        "f1_abs": 0.12121212121212122,
        "accuracy": 1.0,
        "support": 4
    },
    "f1_f1": 0.12121212121212122
}