{
    "boundary": {
        "precision": 0.956989247311828,
        "recall": 0.9468085106382979,
        "num_correct": 89,
        "num_predicted": 93,
        "num_true": 94,
        "FP": 4,
        "FN": 5,
        "f1": 0.9518716577540107
    },
    "boundary_strict": {
        "precision": 0.8709677419354839,
        "recall": 0.8617021276595744,
        "num_correct": 81,
        "num_predicted": 93,
        "num_true": 94,
        "FP": 12,
        "FN": 13,
        "f1": 0.8663101604278075
    },
    "classification": {
        "TP": 44,
        "TN": 37,
        "FP": 7,
        "FN": 1,
        "spesificity": 0.8409090909090909,
        "fp_rate": 0.15909090909090906,
        "fn_rate": 0.022222222222222254,
        "g_mean": 0.9067647005823629,
        "precision": 0.8627450980392157,
        "recall": 0.9777777777777777,
        "f1": 0.9166666666666666,
        "f1_abs": 0.8725490196078431,
        "accuracy": 0.9101123595505618,
        "support": 89
    },
    "f1_f1": 0.9104859335038363
}