{
    "boundary": {
        "precision": 0.9602888086642599,
        "recall": 0.8553054662379421,
        "num_correct": 266,
        "num_predicted": 277,
        "num_true": 311,
        "f1": 0.9047619047619048
    },
    "classification": {
        "precision": 0.9365079365079365,
        "recall": 0.9888268156424581,
        "f1": 0.9619565217391304,
        "accuracy": 0.9473684210526315,
        "support": 266
    }
}