{
    "boundary": {
        "precision": 1.0,
        "recall": 0.9841269841269841,
        "num_correct": 62,
        "num_predicted": 62,
        "num_true": 63,
        "FP": 0,
        "FN": 1,
        "f1": 0.9919999999999999
    },
    "classification": {
        "TP": 31.0,
        "TN": 24.0,
        "FP": 5.0,
        "FN": 2.0,
        "spesificity": 0.8275862068965517,
        "fp_rate": 0.1724137931034483,
        "fn_rate": 0.06060606060606055,
        "g_mean": 0.8817196079733282,
        "precision": 0.8611111111111112,
        "recall": 0.9393939393939394,
        "f1": 0.8985507246376813,
        "f1_abs": 0.8913623188405797,
        "accuracy": 0.8870967741935484,
        "support": 62
    },
    "f1_f1": 0.9389923664122136
}