{
    "boundary": {
        "precision": 0.6571428571428571,
        "recall": 0.5,
        "num_correct": 23,
        "num_predicted": 35,
        "num_true": 46,
        "FP": 12,
        "FN": 23,
        "f1": 0.5679012345679013
    },
    "boundary_strict": {
        "precision": 0.5142857142857142,
        "recall": 0.391304347826087,
        "num_correct": 18,
        "num_predicted": 35,
        "num_true": 46,
        "FP": 17,
        "FN": 28,
        "f1": 0.4444444444444444
    },
    "classification": {
        "TP": 15,
        "TN": 3,
        "FP": 5,
        "FN": 0,
        "spesificity": 0.375,
        "fp_rate": 0.625,
        "fn_rate": 0.0,
        "g_mean": 0.6123724356957945,
        "precision": 0.75,
        "recall": 1.0,
        "f1": 0.8571428571428571,
        "f1_abs": 0.4867724867724868,
        "accuracy": 0.782608695652174,
        "support": 23
    },
    "f1_f1": 0.5242165242165243
}