{
    "boundary": {
        "precision": 0.9821428571428571,
        "recall": 0.9166666666666666,
        "num_correct": 55,
        "num_predicted": 56,
        "num_true": 60,
        "FP": 1,
        "FN": 5,
        "f1": 0.9482758620689654
    },
    "boundary_strict": {
        "precision": 0.8928571428571429,
        "recall": 0.8333333333333334,
        "num_correct": 50,
        "num_predicted": 56,
        "num_true": 60,
        "FP": 6,
        "FN": 10,
        "f1": 0.8620689655172413
    },
    "classification": {
        "TP": 24,
        "TN": 26,
        "FP": 0,
        "FN": 5,
        "spesificity": 1.0,
        "fp_rate": 0.0,
        "fn_rate": 0.1724137931034483,
        "g_mean": 0.909717652294684,
        "precision": 1.0,
        "recall": 0.8275862068965517,
        "f1": 0.9056603773584906,
        "f1_abs": 0.8588158750813272,
        "accuracy": 0.9090909090909091,
        "support": 55
    },
    "f1_f1": 0.9013315124615909
}