{
    "boundary": {
        "precision": 0.625,
        "recall": 0.30303030303030304,
        "num_correct": 10,
        "num_predicted": 16,
        "num_true": 33,
        "FP": 6,
        "FN": 23,
        "f1": 0.40816326530612246
    },
    "boundary_strict": {
        "precision": 0.5625,
        "recall": 0.2727272727272727,
        "num_correct": 9,
        "num_predicted": 16,
        "num_true": 33,
        "FP": 7,
        "FN": 24,
        "f1": 0.36734693877551017
    },
    "classification": {
        "TP": 5,
        "TN": 4,
        "FP": 0,
        "FN": 1,
        "spesificity": 1.0,
        "fp_rate": 0.0,
        "fn_rate": 0.16666666666666663,
        "g_mean": 0.9128709291752769,
        "precision": 1.0,
        "recall": 0.8333333333333334,
        "f1": 0.9090909090909091,
        "f1_abs": 0.37105751391465674,
        "accuracy": 0.9,
        "support": 10
    },
    "f1_f1": 0.3887269193391642
}