{
    "boundary": {
        "precision": 0.75,
        "recall": 0.6363636363636364,
        "num_correct": 21,
        "num_predicted": 28,
        "num_true": 33,
        "FP": 7,
        "FN": 12,
        "f1": 0.6885245901639345
    },
    "boundary_strict": {
        "precision": 0.75,
        "recall": 0.6363636363636364,
        "num_correct": 21,
        "num_predicted": 28,
        "num_true": 33,
        "FP": 7,
        "FN": 12,
        "f1": 0.6885245901639345
    },
    "classification": {
        "TP": 11,
        "TN": 10,
        "FP": 0,
        "FN": 0,
        "spesificity": 1.0,
        "fp_rate": 0.0,
        "fn_rate": 0.0,
        "g_mean": 1.0,
        "precision": 1.0,
        "recall": 1.0,
        "f1": 1.0,
        "f1_abs": 0.6885245901639345,
        "accuracy": 1.0,
        "support": 21
    },
    "f1_f1": 0.6885245901639345
}