{
    "boundary": {
        "precision": 0.9802631578947368,
        "recall": 0.9581993569131833,
        "num_correct": 298,
        "num_predicted": 304,
        "num_true": 311,
        "f1": 0.9691056910569106
    },
    "classification": {
        "precision": 0.9365853658536586,
        "recall": 0.9746192893401016,
        "f1": 0.9552238805970149,
        "accuracy": 0.9395973154362416,
        "support": 298
    }
}