{
    "boundary": {
        "precision": 0.9069767441860465,
        "recall": 0.8478260869565217,
        "num_correct": 39,
        "num_predicted": 43,
        "num_true": 46,
        "FP": 4,
        "FN": 7,
        "f1": 0.8764044943820224
    },
    "boundary_strict": {
        "precision": 0.8604651162790697,
        "recall": 0.8043478260869565,
        "num_correct": 37,
        "num_predicted": 43,
        "num_true": 46,
        "FP": 6,
        "FN": 9,
        "f1": 0.8314606741573034
    },
    "classification": {
        "TP": 32,
        "TN": 5,
        "FP": 1,
        "FN": 1,
        "spesificity": 0.8333333333333334,
        "fp_rate": 0.16666666666666663,
        "fn_rate": 0.030303030303030276,
        "g_mean": 0.8989331499509895,
        "precision": 0.9696969696969697,
        "recall": 0.9696969696969697,
        "f1": 0.9696969696969697,
        "f1_abs": 0.849846782431052,
        "accuracy": 0.9487179487179487,
        "support": 39
    },
    "f1_f1": 0.8629213483146068
}