{
    "boundary": {
        "precision": 0.4,
        "recall": 0.06,
        "num_correct": 6,
        "num_predicted": 15,
        "num_true": 100,
        "FP": 9,
        "FN": 94,
        "f1": 0.10434782608695652
    },
    "boundary_strict": {
        "precision": 0.4,
        "recall": 0.06,
        "num_correct": 6,
        "num_predicted": 15,
        "num_true": 100,
        "FP": 9,
        "FN": 94,
        "f1": 0.10434782608695652
    },
    "classification": {
        "TP": 3,
        "TN": 3,
        "FP": 0,
        "FN": 0,
        "spesificity": 1.0,
        "fp_rate": 0.0,
        "fn_rate": 0.0,
        "g_mean": 1.0,
        "precision": 1.0,
        "recall": 1.0,
        "f1": 1.0,
        "f1_abs": 0.10434782608695652,
        "accuracy": 1.0,
        "support": 6
    },
    "f1_f1": 0.10434782608695652
}