{
    "boundary": {
        "precision": 0.9887640449438202,
        "recall": 0.9361702127659575,
        "num_correct": 88,
        "num_predicted": 89,
        "num_true": 94,
        "FP": 1,
        "FN": 6,
        "f1": 0.9617486338797814
    },
    "boundary_strict": {
        "precision": 0.9662921348314607,
        "recall": 0.9148936170212766,
        "num_correct": 86,
        "num_predicted": 89,
        "num_true": 94,
        "FP": 3,
        "FN": 8,
        "f1": 0.9398907103825136
    },
    "classification": {
        "TP": 46,
        "TN": 40,
        "FP": 1,
        "FN": 1,
        "spesificity": 0.975609756097561,
        "fp_rate": 0.024390243902439046,
        "fn_rate": 0.021276595744680882,
        "g_mean": 0.9771653400077729,
        "precision": 0.9787234042553191,
        "recall": 0.9787234042553191,
        "f1": 0.9787234042553191,
        "f1_abs": 0.9412858969887221,
        "accuracy": 0.9772727272727273,
        "support": 88
    },
    "f1_f1": 0.9514072507197836
}