{
    "boundary": {
        "precision": 0.9886363636363636,
        "recall": 0.925531914893617,
        "num_correct": 87,
        "num_predicted": 88,
        "num_true": 94,
        "FP": 1,
        "FN": 7,
        "f1": 0.9560439560439561
    },
    "boundary_strict": {
        "precision": 0.9659090909090909,
        "recall": 0.9042553191489362,
        "num_correct": 85,
        "num_predicted": 88,
        "num_true": 94,
        "FP": 3,
        "FN": 9,
        "f1": 0.9340659340659342
    },
    "classification": {
        "TP": 44,
        "TN": 41,
        "FP": 2,
        "FN": 0,
        "spesificity": 0.9534883720930233,
        "fp_rate": 0.046511627906976716,
        "fn_rate": 0.0,
        "g_mean": 0.9764672918705589,
        "precision": 0.9565217391304348,
        "recall": 1.0,
        "f1": 0.9777777777777777,
        "f1_abs": 0.9347985347985348,
        "accuracy": 0.9770114942528736,
        "support": 87
    },
    "f1_f1": 0.9453018891221139
}