{
    "boundary": {
        "precision": 0.5714285714285714,
        "recall": 0.1276595744680851,
        "num_correct": 12,
        "num_predicted": 21,
        "num_true": 94,
        "FP": 9,
        "FN": 82,
        "f1": 0.20869565217391306
    },
    "boundary_strict": {
        "precision": 0.5714285714285714,
        "recall": 0.1276595744680851,
        "num_correct": 12,
        "num_predicted": 21,
        "num_true": 94,
        "FP": 9,
        "FN": 82,
        "f1": 0.20869565217391306
    },
    "classification": {
        "TP": 0,
        "TN": 12,
        "FP": 0,
        "FN": 0,
        "spesificity": 1.0,
        "fp_rate": 0.0,
        "fn_rate": 1.0,
        "g_mean": 0.0,
        "precision": 0.0,
        "recall": 0.0,
        "f1": 0.0,
        "f1_abs": 0.0,
        "accuracy": 1.0,
        "support": 12
    },
    "f1_f1": 0.0
}