{
    "boundary": {
        "precision": 0.9875389408099688,
        "recall": 0.984472049689441,
        "num_correct": 317,
        "num_predicted": 321,
        "num_true": 322,
        "FP": 4,
        "FN": 5,
        "f1": 0.9860031104199067
    },
    "boundary_strict": {
        "precision": 0.940809968847352,
        "recall": 0.937888198757764,
        "num_correct": 302,
        "num_predicted": 321,
        "num_true": 322,
        "FP": 19,
        "FN": 20,
        "f1": 0.9393468118195957
    },
    "classification": {
        "TP": 198,
        "TN": 104,
        "FP": 9,
        "FN": 6,
        "spesificity": 0.9203539823008849,
        "fp_rate": 0.07964601769911506,
        "fn_rate": 0.02941176470588236,
        "g_mean": 0.9451374225621,
        "precision": 0.9565217391304348,
        "recall": 0.9705882352941176,
        "f1": 0.9635036496350365,
        "f1_abs": 0.9500175954410781,
        "accuracy": 0.9526813880126183,
        "support": 317
    },
    "f1_f1": 0.967675915058942
}