{
    "boundary": {
        "precision": 0.9807073954983923,
        "recall": 0.9472049689440993,
        "num_correct": 305,
        "num_predicted": 311,
        "num_true": 322,
        "FP": 6,
        "FN": 17,
        "f1": 0.9636650868878356
    },
    "boundary_strict": {
        "precision": 0.9485530546623794,
        "recall": 0.9161490683229814,
        "num_correct": 295,
        "num_predicted": 311,
        "num_true": 322,
        "FP": 16,
        "FN": 27,
        "f1": 0.9320695102685623
    },
    "classification": {
        "TP": 192,
        "TN": 103,
        "FP": 8,
        "FN": 2,
        "spesificity": 0.9279279279279279,
        "fp_rate": 0.07207207207207211,
        "fn_rate": 0.010309278350515427,
        "g_mean": 0.9583118806681371,
        "precision": 0.96,
        "recall": 0.9896907216494846,
        "f1": 0.9746192893401016,
        "f1_abs": 0.9392065821444895,
        "accuracy": 0.9672131147540983,
        "support": 305
    },
    "f1_f1": 0.9512786461823364
}