{
    "boundary": {
        "precision": 0.4857142857142857,
        "recall": 0.17,
        "num_correct": 17,
        "num_predicted": 35,
        "num_true": 100,
        "FP": 18,
        "FN": 83,
        "f1": 0.2518518518518519
    },
    "boundary_strict": {
        "precision": 0.4857142857142857,
        "recall": 0.17,
        "num_correct": 17,
        "num_predicted": 35,
        "num_true": 100,
        "FP": 18,
        "FN": 83,
        "f1": 0.2518518518518519
    },
    "classification": {
        "TP": 8,
        "TN": 9,
        "FP": 0,
        "FN": 0,
        "spesificity": 1.0,
        "fp_rate": 0.0,
        "fn_rate": 0.0,
        "g_mean": 1.0,
        "precision": 1.0,
        "recall": 1.0,
        "f1": 1.0,
        "f1_abs": 0.2518518518518519,
        "accuracy": 1.0,
        "support": 17
    },
    "f1_f1": 0.2518518518518519
}