{
    "boundary": {
        "precision": 0.3333333333333333,
        "recall": 0.07446808510638298,
        "num_correct": 7,
        "num_predicted": 21,
        "num_true": 94,
        "FP": 14,
        "FN": 87,
        "f1": 0.1217391304347826
    },
    "boundary_strict": {
        "precision": 0.2857142857142857,
        "recall": 0.06382978723404255,
        "num_correct": 6,
        "num_predicted": 21,
        "num_true": 94,
        "FP": 15,
        "FN": 88,
        "f1": 0.10434782608695653
    },
    "classification": {
        "TP": 4,
        "TN": 2,
        "FP": 1,
        "FN": 0,
        "spesificity": 0.6666666666666666,
        "fp_rate": 0.33333333333333337,
        "fn_rate": 0.0,
        "g_mean": 0.816496580927726,
        "precision": 0.8,
        "recall": 1.0,
        "f1": 0.8888888888888888,
        "f1_abs": 0.10821256038647342,
        "accuracy": 0.8571428571428571,
        "support": 7
    },
    "f1_f1": 0.1145780051150895
}