{
    "boundary": {
        "precision": 0.9294117647058824,
        "recall": 0.8404255319148937,
        "num_correct": 79,
        "num_predicted": 85,
        "num_true": 94,
        "FP": 6,
        "FN": 15,
        "f1": 0.8826815642458101
    },
    "boundary_strict": {
        "precision": 0.9058823529411765,
        "recall": 0.8191489361702128,
        "num_correct": 77,
        "num_predicted": 85,
        "num_true": 94,
        "FP": 8,
        "FN": 17,
        "f1": 0.8603351955307263
    },
    "classification": {
        "TP": 40,
        "TN": 37,
        "FP": 2,
        "FN": 0,
        "spesificity": 0.9487179487179487,
        "fp_rate": 0.05128205128205132,
        "fn_rate": 0.0,
        "g_mean": 0.9740215340114143,
        "precision": 0.9523809523809523,
        "recall": 1.0,
        "f1": 0.975609756097561,
        "f1_abs": 0.8611527456056683,
        "accuracy": 0.9746835443037974,
        "support": 79
    },
    "f1_f1": 0.8717842609835161
}