{
    "boundary": {
        "precision": 1.0,
        "recall": 0.9906832298136646,
        "num_correct": 319,
        "num_predicted": 319,
        "num_true": 322,
        "FP": 0,
        "FN": 3,
        "f1": 0.9953198127925117
    },
    "boundary_strict": {
        "precision": 0.9278996865203761,
        "recall": 0.9192546583850931,
        "num_correct": 296,
        "num_predicted": 319,
        "num_true": 322,
        "FP": 23,
        "FN": 26,
        "f1": 0.923556942277691
    },
    "classification": {
        "TP": 196,
        "TN": 100,
        "FP": 13,
        "FN": 10,
        "spesificity": 0.8849557522123894,
        "fp_rate": 0.11504424778761058,
        "fn_rate": 0.04854368932038833,
        "g_mean": 0.9176038007303047,
        "precision": 0.937799043062201,
        "recall": 0.9514563106796117,
        "f1": 0.944578313253012,
        "f1_abs": 0.9401575099148544,
        "accuracy": 0.9278996865203761,
        "support": 319
    },
    "f1_f1": 0.9669525814489828
}