{
    "boundary": {
        "precision": 1.0,
        "recall": 0.9906832298136646,
        "num_correct": 319,
        "num_predicted": 319,
        "num_true": 322,
        "FP": 0,
        "FN": 3,
        "f1": 0.9953198127925117
    },
    "boundary_strict": {
        "precision": 0.9373040752351097,
        "recall": 0.9285714285714286,
        "num_correct": 299,
        "num_predicted": 319,
        "num_true": 322,
        "FP": 20,
        "FN": 23,
        "f1": 0.9329173166926678
    },
    "classification": {
        "TP": 194,
        "TN": 105,
        "FP": 8,
        "FN": 12,
        "spesificity": 0.9292035398230089,
        "fp_rate": 0.07079646017699115,
        "fn_rate": 0.058252427184465994,
        "g_mean": 0.9354545303112926,
        "precision": 0.9603960396039604,
        "recall": 0.941747572815534,
        "f1": 0.9509803921568627,
        "f1_abs": 0.9465296258909179,
        "accuracy": 0.9373040752351097,
        "support": 319
    },
    "f1_f1": 0.9703117772952125
}