{
    "boundary": {
        "precision": 0.4838709677419355,
        "recall": 0.1595744680851064,
        "num_correct": 15,
        "num_predicted": 31,
        "num_true": 94,
        "FP": 16,
        "FN": 79,
        "f1": 0.24000000000000005
    },
    "boundary_strict": {
        "precision": 0.4838709677419355,
        "recall": 0.1595744680851064,
        "num_correct": 15,
        "num_predicted": 31,
        "num_true": 94,
        "FP": 16,
        "FN": 79,
        "f1": 0.24000000000000005
    },
    "classification": {
        "TP": 1,
        "TN": 14,
        "FP": 0,
        "FN": 0,
        "spesificity": 1.0,
        "fp_rate": 0.0,
        "fn_rate": 0.0,
        "g_mean": 1.0,
        "precision": 1.0,
        "recall": 1.0,
        "f1": 1.0,
        "f1_abs": 0.24000000000000005,
        "accuracy": 1.0,
        "support": 15
    },
    "f1_f1": 0.24000000000000005
}