{
    "boundary": {
        "precision": 0.9491525423728814,
        "recall": 0.8888888888888888,
        "num_correct": 56,
        "num_predicted": 59,
        "num_true": 63,
        "FP": 3,
        "FN": 7,
        "f1": 0.9180327868852458
    },
    "classification": {
        "TP": 29.0,
        "TN": 21.0,
        "FP": 4.0,
        "FN": 2.0,
        "spesificity": 0.84,
        "fp_rate": 0.16000000000000003,
        "fn_rate": 0.06451612903225812,
        "g_mean": 0.8864572474817402,
        "precision": 0.8787878787878788,
        "recall": 0.9354838709677419,
        "f1": 0.90625,
        "f1_abs": 0.831967213114754,
        "accuracy": 0.8928571428571429,
        "support": 56
    },
    "f1_f1": 0.872883633431873
}