{
    "boundary": {
        "precision": 0.9322033898305084,
        "recall": 0.9166666666666666,
        "num_correct": 55,
        "num_predicted": 59,
        "num_true": 60,
        "FP": 4,
        "FN": 5,
        "f1": 0.9243697478991596
    },
    "boundary_strict": {
        "precision": 0.9152542372881356,
        "recall": 0.9,
        "num_correct": 54,
        "num_predicted": 59,
        "num_true": 60,
        "FP": 5,
        "FN": 6,
        "f1": 0.9075630252100839
    },
    "classification": {
        "TP": 31,
        "TN": 23,
        "FP": 0,
        "FN": 1,
        "spesificity": 1.0,
        "fp_rate": 0.0,
        "fn_rate": 0.03125,
        "g_mean": 0.9842509842514764,
        "precision": 1.0,
        "recall": 0.96875,
        "f1": 0.9841269841269841,
        "f1_abs": 0.9096972122182205,
        "accuracy": 0.9818181818181818,
        "support": 55
    },
    "f1_f1": 0.9169747899159663
}