{
    "boundary": {
        "precision": 0.9824561403508771,
        "recall": 0.9333333333333333,
        "num_correct": 56,
        "num_predicted": 57,
        "num_true": 60,
        "FP": 1,
        "FN": 4,
        "f1": 0.9572649572649572
    },
    "boundary_strict": {
        "precision": 0.9473684210526315,
        "recall": 0.9,
        "num_correct": 54,
        "num_predicted": 57,
        "num_true": 60,
        "FP": 3,
        "FN": 6,
        "f1": 0.9230769230769231
    },
    "classification": {
        "TP": 29,
        "TN": 25,
        "FP": 0,
        "FN": 2,
        "spesificity": 1.0,
        "fp_rate": 0.0,
        "fn_rate": 0.06451612903225812,
        "g_mean": 0.9672041516493516,
        "precision": 1.0,
        "recall": 0.9354838709677419,
        "f1": 0.9666666666666666,
        "f1_abs": 0.9253561253561252,
        "accuracy": 0.9642857142857143,
        "support": 56
    },
    "f1_f1": 0.9410401274808053
}