{
    "boundary": {
        "precision": 0.9777777777777777,
        "recall": 0.9565217391304348,
        "num_correct": 308,
        "num_predicted": 315,
        "num_true": 322,
        "FP": 7,
        "FN": 14,
        "f1": 0.967032967032967
    },
    "boundary_strict": {
        "precision": 0.9396825396825397,
        "recall": 0.9192546583850931,
        "num_correct": 296,
        "num_predicted": 315,
        "num_true": 322,
        "FP": 19,
        "FN": 26,
        "f1": 0.9293563579277865
    },
    "classification": {
        "TP": 194,
        "TN": 102,
        "FP": 7,
        "FN": 5,
        "spesificity": 0.9357798165137615,
        "fp_rate": 0.06422018348623848,
        "fn_rate": 0.025125628140703515,
        "g_mean": 0.9551270914503792,
        "precision": 0.9651741293532339,
        "recall": 0.9748743718592965,
        "f1": 0.97,
        "f1_abs": 0.938021978021978,
        "accuracy": 0.961038961038961,
        "support": 308
    },
    "f1_f1": 0.9523065766720589
}