{
    "boundary": {
        "precision": 0.9773462783171522,
        "recall": 0.937888198757764,
        "num_correct": 302,
        "num_predicted": 309,
        "num_true": 322,
        "FP": 7,
        "FN": 20,
        "f1": 0.9572107765451664
    },
    "boundary_strict": {
        "precision": 0.941747572815534,
        "recall": 0.9037267080745341,
        "num_correct": 291,
        "num_predicted": 309,
        "num_true": 322,
        "FP": 18,
        "FN": 31,
        "f1": 0.9223454833597464
    },
    "classification": {
        "TP": 189,
        "TN": 102,
        "FP": 5,
        "FN": 6,
        "spesificity": 0.9532710280373832,
        "fp_rate": 0.04672897196261683,
        "fn_rate": 0.03076923076923077,
        "g_mean": 0.9612177754234881,
        "precision": 0.9742268041237113,
        "recall": 0.9692307692307692,
        "f1": 0.9717223650385605,
        "f1_abs": 0.9301431196248661,
        "accuracy": 0.9635761589403974,
        "support": 302
    },
    "f1_f1": 0.9434828514578172
}