{
    "boundary": {
        "precision": 0.9736842105263158,
        "recall": 0.9192546583850931,
        "num_correct": 296,
        "num_predicted": 304,
        "num_true": 322,
        "FP": 8,
        "FN": 26,
        "f1": 0.9456869009584664
    },
    "boundary_strict": {
        "precision": 0.9506578947368421,
        "recall": 0.8975155279503105,
        "num_correct": 289,
        "num_predicted": 304,
        "num_true": 322,
        "FP": 15,
        "FN": 33,
        "f1": 0.9233226837060704
    },
    "classification": {
        "TP": 190,
        "TN": 99,
        "FP": 4,
        "FN": 3,
        "spesificity": 0.9611650485436893,
        "fp_rate": 0.03883495145631066,
        "fn_rate": 0.015544041450777257,
        "g_mean": 0.9727407975345168,
        "precision": 0.979381443298969,
        "recall": 0.9844559585492227,
        "f1": 0.9819121447028424,
        "f1_abs": 0.9285814531375123,
        "accuracy": 0.9763513513513513,
        "support": 296
    },
    "f1_f1": 0.9370561208975678
}