{
    "boundary": {
        "precision": 0.9710610932475884,
        "recall": 0.937888198757764,
        "num_correct": 302,
        "num_predicted": 311,
        "num_true": 322,
        "FP": 9,
        "FN": 20,
        "f1": 0.9541864139020537
    },
    "boundary_strict": {
        "precision": 0.9453376205787781,
        "recall": 0.9130434782608695,
        "num_correct": 294,
        "num_predicted": 311,
        "num_true": 322,
        "FP": 17,
        "FN": 28,
        "f1": 0.928909952606635
    },
    "classification": {
        "TP": 194,
        "TN": 100,
        "FP": 6,
        "FN": 2,
        "spesificity": 0.9433962264150944,
        "fp_rate": 0.05660377358490565,
        "fn_rate": 0.010204081632653073,
        "g_mean": 0.9663176156465418,
        "precision": 0.97,
        "recall": 0.9897959183673469,
        "f1": 0.9797979797979798,
        "f1_abs": 0.9349099206919113,
        "accuracy": 0.9735099337748344,
        "support": 302
    },
    "f1_f1": 0.9444498178418288
}