{
    "boundary": {
        "precision": 0.967391304347826,
        "recall": 0.9468085106382979,
        "num_correct": 89,
        "num_predicted": 92,
        "num_true": 94,
        "FP": 3,
        "FN": 5,
        "f1": 0.956989247311828
    },
    "boundary_strict": {
        "precision": 0.9347826086956522,
        "recall": 0.9148936170212766,
        "num_correct": 86,
        "num_predicted": 92,
        "num_true": 94,
        "FP": 6,
        "FN": 8,
        "f1": 0.924731182795699
    },
    "classification": {
        "TP": 45,
        "TN": 41,
        "FP": 3,
        "FN": 0,
        "spesificity": 0.9318181818181818,
        "fp_rate": 0.06818181818181823,
        "fn_rate": 0.0,
        "g_mean": 0.9653072991634227,
        "precision": 0.9375,
        "recall": 1.0,
        "f1": 0.967741935483871,
        "f1_abs": 0.9261186264308013,
        "accuracy": 0.9662921348314607,
        "support": 89
    },
    "f1_f1": 0.9413008989952407
}