{
    "boundary": {
        "precision": 1.0,
        "recall": 0.9333333333333333,
        "num_correct": 56,
        "num_predicted": 56,
        "num_true": 60,
        "FP": 0,
        "FN": 4,
        "f1": 0.9655172413793104
    },
    "boundary_strict": {
        "precision": 0.9821428571428571,
        "recall": 0.9166666666666666,
        "num_correct": 55,
        "num_predicted": 56,
        "num_true": 60,
        "FP": 1,
        "FN": 5,
        "f1": 0.9482758620689654
    },
    "classification": {
        "TP": 32,
        "TN": 23,
        "FP": 1,
        "FN": 0,
        "spesificity": 0.9583333333333334,
        "fp_rate": 0.04166666666666663,
        "fn_rate": 0.0,
        "g_mean": 0.9789450103725609,
        "precision": 0.9696969696969697,
        "recall": 1.0,
        "f1": 0.9846153846153847,
        "f1_abs": 0.9506631299734749,
        "accuracy": 0.9821428571428571,
        "support": 56
    },
    "f1_f1": 0.9580326116011763
}