{
    "boundary": {
        "precision": 0.9333333333333333,
        "recall": 0.9130434782608695,
        "num_correct": 42,
        "num_predicted": 45,
        "num_true": 46,
        "FP": 3,
        "FN": 4,
        "f1": 0.9230769230769231
    },
    "boundary_strict": {
        "precision": 0.8444444444444444,
        "recall": 0.8260869565217391,
        "num_correct": 38,
        "num_predicted": 45,
        "num_true": 46,
        "FP": 7,
        "FN": 8,
        "f1": 0.8351648351648352
    },
    "classification": {
        "TP": 32,
        "TN": 6,
        "FP": 3,
        "FN": 1,
        "spesificity": 0.6666666666666666,
        "fp_rate": 0.33333333333333337,
        "fn_rate": 0.030303030303030276,
        "g_mean": 0.8040302522073697,
        "precision": 0.9142857142857143,
        "recall": 0.9696969696969697,
        "f1": 0.9411764705882353,
        "f1_abs": 0.8687782805429864,
        "accuracy": 0.9047619047619048,
        "support": 42
    },
    "f1_f1": 0.8951048951048951
}