{
    "boundary": {
        "precision": 0.75,
        "recall": 0.36,
        "num_correct": 36,
        "num_predicted": 48,
        "num_true": 100,
        "FP": 12,
        "FN": 64,
        "f1": 0.48648648648648657
    },
    "boundary_strict": {
        "precision": 0.7083333333333334,
        "recall": 0.34,
        "num_correct": 34,
        "num_predicted": 48,
        "num_true": 100,
        "FP": 14,
        "FN": 66,
        "f1": 0.45945945945945954
    },
    "classification": {
        "TP": 17,
        "TN": 17,
        "FP": 2,
        "FN": 0,
        "spesificity": 0.8947368421052632,
        "fp_rate": 0.10526315789473684,
        "fn_rate": 0.0,
        "g_mean": 0.9459053029269173,
        "precision": 0.8947368421052632,
        "recall": 1.0,
        "f1": 0.9444444444444444,
        "f1_abs": 0.45945945945945954,
        "accuracy": 0.9444444444444444,
        "support": 36
    },
    "f1_f1": 0.4725868725868727
}