{
    "boundary": {
        "precision": 1.0,
        "recall": 0.9833333333333333,
        "num_correct": 59,
        "num_predicted": 59,
        "num_true": 60,
        "FP": 0,
        "FN": 1,
        "f1": 0.9915966386554621
    },
    "boundary_strict": {
        "precision": 0.9322033898305084,
        "recall": 0.9166666666666666,
        "num_correct": 55,
        "num_predicted": 59,
        "num_true": 60,
        "FP": 4,
        "FN": 5,
        "f1": 0.9243697478991596
    },
    "classification": {
        "TP": 28,
        "TN": 27,
        "FP": 0,
        "FN": 4,
        "spesificity": 1.0,
        "fp_rate": 0.0,
        "fn_rate": 0.125,
        "g_mean": 0.9354143466934853,
        "precision": 1.0,
        "recall": 0.875,
        "f1": 0.9333333333333333,
        "f1_abs": 0.9254901960784313,
        "accuracy": 0.9322033898305084,
        "support": 59
    },
    "f1_f1": 0.9574036511156185
}