{
    "boundary": {
        "precision": 0.927710843373494,
        "recall": 0.8191489361702128,
        "num_correct": 77,
        "num_predicted": 83,
        "num_true": 94,
        "FP": 6,
        "FN": 17,
        "f1": 0.8700564971751413
    },
    "boundary_strict": {
        "precision": 0.9036144578313253,
        "recall": 0.7978723404255319,
        "num_correct": 75,
        "num_predicted": 83,
        "num_true": 94,
        "FP": 8,
        "FN": 19,
        "f1": 0.8474576271186441
    },
    "classification": {
        "TP": 41,
        "TN": 34,
        "FP": 2,
        "FN": 0,
        "spesificity": 0.9444444444444444,
        "fp_rate": 0.05555555555555558,
        "fn_rate": 0.0,
        "g_mean": 0.97182531580755,
        "precision": 0.9534883720930233,
        "recall": 1.0,
        "f1": 0.9761904761904762,
        "f1_abs": 0.8493408662900189,
        "accuracy": 0.974025974025974,
        "support": 77
    },
    "f1_f1": 0.8595738887754408
}