{
    "boundary": {
        "precision": 0.9310344827586207,
        "recall": 0.9,
        "num_correct": 54,
        "num_predicted": 58,
        "num_true": 60,
        "FP": 4,
        "FN": 6,
        "f1": 0.9152542372881356
    },
    "boundary_strict": {
        "precision": 0.896551724137931,
        "recall": 0.8666666666666667,
        "num_correct": 52,
        "num_predicted": 58,
        "num_true": 60,
        "FP": 6,
        "FN": 8,
        "f1": 0.8813559322033899
    },
    "classification": {
        "TP": 29,
        "TN": 23,
        "FP": 1,
        "FN": 1,
        "spesificity": 0.9583333333333334,
        "fp_rate": 0.04166666666666663,
        "fn_rate": 0.033333333333333326,
        "g_mean": 0.9624909811987273,
        "precision": 0.9666666666666667,
        "recall": 0.9666666666666667,
        "f1": 0.9666666666666667,
        "f1_abs": 0.8847457627118644,
        "accuracy": 0.9629629629629629,
        "support": 54
    },
    "f1_f1": 0.8997414536052859
}