{
    "boundary": {
        "precision": 1.0,
        "recall": 0.9666666666666667,
        "num_correct": 58,
        "num_predicted": 58,
        "num_true": 60,
        "FP": 0,
        "FN": 2,
        "f1": 0.983050847457627
    },
    "boundary_strict": {
        "precision": 0.9655172413793104,
        "recall": 0.9333333333333333,
        "num_correct": 56,
        "num_predicted": 58,
        "num_true": 60,
        "FP": 2,
        "FN": 4,
        "f1": 0.9491525423728815
    },
    "classification": {
        "TP": 30,
        "TN": 26,
        "FP": 1,
        "FN": 1,
        "spesificity": 0.9629629629629629,
        "fp_rate": 0.03703703703703709,
        "fn_rate": 0.032258064516129004,
        "g_mean": 0.9653494919339114,
        "precision": 0.967741935483871,
        "recall": 0.967741935483871,
        "f1": 0.967741935483871,
        "f1_abs": 0.9513395297977036,
        "accuracy": 0.9655172413793104,
        "support": 58
    },
    "f1_f1": 0.9669352597943873
}