{
    "boundary": {
        "precision": 1.0,
        "recall": 1.0,
        "num_correct": 33,
        "num_predicted": 33,
        "num_true": 33,
        "FP": 0,
        "FN": 0,
        "f1": 1.0
    },
    "boundary_strict": {
        "precision": 0.9393939393939394,
        "recall": 0.9393939393939394,
        "num_correct": 31,
        "num_predicted": 33,
        "num_true": 33,
        "FP": 2,
        "FN": 2,
        "f1": 0.9393939393939394
    },
    "classification": {
        "TP": 12,
        "TN": 19,
        "FP": 0,
        "FN": 2,
        "spesificity": 1.0,
        "fp_rate": 0.0,
        "fn_rate": 0.1428571428571429,
        "g_mean": 0.9258200997725514,
        "precision": 1.0,
        "recall": 0.8571428571428571,
        "f1": 0.9230769230769231,
        "f1_abs": 0.9230769230769231,
        "accuracy": 0.9393939393939394,
        "support": 33
    },
    "f1_f1": 0.9600000000000001
}