{
    "boundary": {
        "precision": 0.6428571428571429,
        "recall": 0.14285714285714285,
        "num_correct": 9,
        "num_predicted": 14,
        "num_true": 63,
        "FP": 5,
        "FN": 54,
        "f1": 0.23376623376623376
    },
    "classification": {
        "TP": 3.0,
        "TN": 6.0,
        "FP": 0.0,
        "FN": 0.0,
        "spesificity": 1.0,
        "fp_rate": 0.0,
        "fn_rate": 0.0,
        "g_mean": 1.0,
        "precision": 1.0,
        "recall": 1.0,
        "f1": 1.0,
        "f1_abs": 0.23376623376623376,
        "accuracy": 1.0,
        "support": 9
    },
    "f1_f1": 0.23376623376623376
}