{
    "boundary": {
        "precision": 0.825,
        "recall": 0.717391304347826,
        "num_correct": 33,
        "num_predicted": 40,
        "num_true": 46,
        "FP": 7,
        "FN": 13,
        "f1": 0.7674418604651162
    },
    "boundary_strict": {
        "precision": 0.725,
        "recall": 0.6304347826086957,
        "num_correct": 29,
        "num_predicted": 40,
        "num_true": 46,
        "FP": 11,
        "FN": 17,
        "f1": 0.6744186046511628
    },
    "classification": {
        "TP": 26,
        "TN": 3,
        "FP": 3,
        "FN": 1,
        "spesificity": 0.5,
        "fp_rate": 0.5,
        "fn_rate": 0.03703703703703709,
        "g_mean": 0.693888666488711,
        "precision": 0.896551724137931,
        "recall": 0.9629629629629629,
        "f1": 0.9285714285714286,
        "f1_abs": 0.7126245847176079,
        "accuracy": 0.8787878787878788,
        "support": 33
    },
    "f1_f1": 0.7390180878552971
}