{
    "boundary": {
        "precision": 0.9693877551020408,
        "recall": 0.95,
        "num_correct": 95,
        "num_predicted": 98,
        "num_true": 100,
        "FP": 3,
        "FN": 5,
        "f1": 0.9595959595959594
    },
    "boundary_strict": {
        "precision": 0.9693877551020408,
        "recall": 0.95,
        "num_correct": 95,
        "num_predicted": 98,
        "num_true": 100,
        "FP": 3,
        "FN": 5,
        "f1": 0.9595959595959594
    },
    "classification": {
        "TP": 46,
        "TN": 49,
        "FP": 0,
        "FN": 0,
        "spesificity": 1.0,
        "fp_rate": 0.0,
        "fn_rate": 0.0,
        "g_mean": 1.0,
        "precision": 1.0,
        "recall": 1.0,
        "f1": 1.0,
        "f1_abs": 0.9595959595959594,
        "accuracy": 1.0,
        "support": 95
    },
    "f1_f1": 0.9595959595959594
}