{
    "boundary": {
        "precision": 0.9770114942528736,
        "recall": 0.9042553191489362,
        "num_correct": 85,
        "num_predicted": 87,
        "num_true": 94,
        "FP": 2,
        "FN": 9,
        "f1": 0.9392265193370166
    },
    "boundary_strict": {
        "precision": 0.9310344827586207,
        "recall": 0.8617021276595744,
        "num_correct": 81,
        "num_predicted": 87,
        "num_true": 94,
        "FP": 6,
        "FN": 13,
        "f1": 0.8950276243093922
    },
    "classification": {
        "TP": 43,
        "TN": 38,
        "FP": 2,
        "FN": 2,
        "spesificity": 0.95,
        "fp_rate": 0.050000000000000044,
        "fn_rate": 0.0444444444444444,
        "g_mean": 0.9527737285304302,
        "precision": 0.9555555555555556,
        "recall": 0.9555555555555556,
        "f1": 0.9555555555555556,
        "f1_abs": 0.8974831184775937,
        "accuracy": 0.9529411764705882,
        "support": 85
    },
    "f1_f1": 0.917880462079357
}