{
    "boundary": {
        "precision": 0.9704918032786886,
        "recall": 0.9192546583850931,
        "num_correct": 296,
        "num_predicted": 305,
        "num_true": 322,
        "FP": 9,
        "FN": 26,
        "f1": 0.9441786283891547
    },
    "boundary_strict": {
        "precision": 0.9377049180327869,
        "recall": 0.8881987577639752,
        "num_correct": 286,
        "num_predicted": 305,
        "num_true": 322,
        "FP": 19,
        "FN": 36,
        "f1": 0.912280701754386
    },
    "classification": {
        "TP": 190,
        "TN": 96,
        "FP": 7,
        "FN": 3,
        "spesificity": 0.9320388349514563,
        "fp_rate": 0.06796116504854366,
        "fn_rate": 0.015544041450777257,
        "g_mean": 0.9578889208395912,
        "precision": 0.9644670050761421,
        "recall": 0.9844559585492227,
        "f1": 0.9743589743589743,
        "f1_abs": 0.9199689199689199,
        "accuracy": 0.9662162162162162,
        "support": 296
    },
    "f1_f1": 0.9319165682802046
}