{
    "boundary": {
        "precision": 0.8026315789473685,
        "recall": 0.61,
        "num_correct": 61,
        "num_predicted": 76,
        "num_true": 100,
        "FP": 15,
        "FN": 39,
        "f1": 0.6931818181818182
    },
    "classification": {
        "TP": 26.0,
        "TN": 35.0,
        "FP": 0.0,
        "FN": 0.0,
        "spesificity": 1.0,
        "fp_rate": 0.0,
        "fn_rate": 0.0,
        "g_mean": 1.0,
        "precision": 1.0,
        "recall": 1.0,
        "f1": 1.0,
        "f1_abs": 0.6931818181818182,
        "accuracy": 1.0,
        "support": 61
    },
    "f1_f1": 0.6931818181818182
}