{
    "boundary": {
        "precision": 0.5454545454545454,
        "recall": 0.2608695652173913,
        "num_correct": 12,
        "num_predicted": 22,
        "num_true": 46,
        "FP": 10,
        "FN": 34,
        "f1": 0.3529411764705882
    },
    "boundary_strict": {
        "precision": 0.4090909090909091,
        "recall": 0.1956521739130435,
        "num_correct": 9,
        "num_predicted": 22,
        "num_true": 46,
        "FP": 13,
        "FN": 37,
        "f1": 0.2647058823529412
    },
    "classification": {
        "TP": 9,
        "TN": 0,
        "FP": 3,
        "FN": 0,
        "spesificity": 0.0,
        "fp_rate": 1.0,
        "fn_rate": 0.0,
        "g_mean": 0.0,
        "precision": 0.75,
        "recall": 1.0,
        "f1": 0.8571428571428571,
        "f1_abs": 0.3025210084033613,
        "accuracy": 0.75,
        "support": 12
    },
    "f1_f1": 0.3257918552036199
}