{
    "boundary": {
        "precision": 0.9166666666666666,
        "recall": 0.7021276595744681,
        "num_correct": 66,
        "num_predicted": 72,
        "num_true": 94,
        "FP": 6,
        "FN": 28,
        "f1": 0.7951807228915662
    },
    "boundary_strict": {
        "precision": 0.8888888888888888,
        "recall": 0.6808510638297872,
        "num_correct": 64,
        "num_predicted": 72,
        "num_true": 94,
        "FP": 8,
        "FN": 30,
        "f1": 0.7710843373493975
    },
    "classification": {
        "TP": 33,
        "TN": 31,
        "FP": 2,
        "FN": 0,
        "spesificity": 0.9393939393939394,
        "fp_rate": 0.06060606060606055,
        "fn_rate": 0.0,
        "g_mean": 0.9692233691951198,
        "precision": 0.9428571428571428,
        "recall": 1.0,
        "f1": 0.9705882352941176,
        "f1_abs": 0.7717930545712259,
        "accuracy": 0.9696969696969697,
        "support": 66
    },
    "f1_f1": 0.7833123538931845
}