{
    "boundary": {
        "precision": 0.925,
        "recall": 0.8043478260869565,
        "num_correct": 37,
        "num_predicted": 40,
        "num_true": 46,
        "FP": 3,
        "FN": 9,
        "f1": 0.8604651162790697
    },
    "boundary_strict": {
        "precision": 0.825,
        "recall": 0.717391304347826,
        "num_correct": 33,
        "num_predicted": 40,
        "num_true": 46,
        "FP": 7,
        "FN": 13,
        "f1": 0.7674418604651162
    },
    "classification": {
        "TP": 29,
        "TN": 4,
        "FP": 4,
        "FN": 0,
        "spesificity": 0.5,
        "fp_rate": 0.5,
        "fn_rate": 0.0,
        "g_mean": 0.7071067811865476,
        "precision": 0.8787878787878788,
        "recall": 1.0,
        "f1": 0.9354838709677419,
        "f1_abs": 0.8049512378094523,
        "accuracy": 0.8918918918918919,
        "support": 37
    },
    "f1_f1": 0.8317829457364341
}