{
    "boundary": {
        "precision": 0.9778481012658228,
        "recall": 0.9596273291925466,
        "num_correct": 309,
        "num_predicted": 316,
        "num_true": 322,
        "FP": 7,
        "FN": 13,
        "f1": 0.9686520376175548
    },
    "boundary_strict": {
        "precision": 0.930379746835443,
        "recall": 0.9130434782608695,
        "num_correct": 294,
        "num_predicted": 316,
        "num_true": 322,
        "FP": 22,
        "FN": 28,
        "f1": 0.9216300940438872
    },
    "classification": {
        "TP": 190,
        "TN": 104,
        "FP": 5,
        "FN": 10,
        "spesificity": 0.9541284403669725,
        "fp_rate": 0.04587155963302747,
        "fn_rate": 0.050000000000000044,
        "g_mean": 0.9520619824090362,
        "precision": 0.9743589743589743,
        "recall": 0.95,
        "f1": 0.9620253164556962,
        "f1_abs": 0.9318677830244831,
        "accuracy": 0.9514563106796117,
        "support": 309
    },
    "f1_f1": 0.9499039336636667
}