{
    "boundary": {
        "precision": 0.9742765273311897,
        "recall": 0.9409937888198758,
        "num_correct": 303,
        "num_predicted": 311,
        "num_true": 322,
        "FP": 8,
        "FN": 19,
        "f1": 0.9573459715639812
    },
    "boundary_strict": {
        "precision": 0.9131832797427653,
        "recall": 0.8819875776397516,
        "num_correct": 284,
        "num_predicted": 311,
        "num_true": 322,
        "FP": 27,
        "FN": 38,
        "f1": 0.8973143759873617
    },
    "classification": {
        "TP": 192,
        "TN": 92,
        "FP": 8,
        "FN": 11,
        "spesificity": 0.92,
        "fp_rate": 0.07999999999999996,
        "fn_rate": 0.054187192118226646,
        "g_mean": 0.9328171220830113,
        "precision": 0.96,
        "recall": 0.9458128078817734,
        "f1": 0.9528535980148883,
        "f1_abs": 0.9122105535497984,
        "accuracy": 0.9372937293729373,
        "support": 303
    },
    "f1_f1": 0.9342334258718393
}