{
    "boundary": {
        "precision": 0.9772727272727273,
        "recall": 0.9148936170212766,
        "num_correct": 86,
        "num_predicted": 88,
        "num_true": 94,
        "FP": 2,
        "FN": 8,
        "f1": 0.945054945054945
    },
    "boundary_strict": {
        "precision": 0.9545454545454546,
        "recall": 0.8936170212765957,
        "num_correct": 84,
        "num_predicted": 88,
        "num_true": 94,
        "FP": 4,
        "FN": 10,
        "f1": 0.9230769230769231
    },
    "classification": {
        "TP": 45,
        "TN": 39,
        "FP": 1,
        "FN": 1,
        "spesificity": 0.975,
        "fp_rate": 0.025000000000000022,
        "fn_rate": 0.021739130434782594,
        "g_mean": 0.976629073817735,
        "precision": 0.9782608695652174,
        "recall": 0.9782608695652174,
        "f1": 0.9782608695652174,
        "f1_abs": 0.9245102723363593,
        "accuracy": 0.9767441860465116,
        "support": 86
    },
    "f1_f1": 0.9346697258785172
}