{
    "boundary": {
        "precision": 0.8571428571428571,
        "recall": 0.36,
        "num_correct": 36,
        "num_predicted": 42,
        "num_true": 100,
        "FP": 6,
        "FN": 64,
        "f1": 0.5070422535211268
    },
    "boundary_strict": {
        "precision": 0.8095238095238095,
        "recall": 0.34,
        "num_correct": 34,
        "num_predicted": 42,
        "num_true": 100,
        "FP": 8,
        "FN": 66,
        "f1": 0.47887323943661975
    },
    "classification": {
        "TP": 11,
        "TN": 23,
        "FP": 2,
        "FN": 0,
        "spesificity": 0.92,
        "fp_rate": 0.07999999999999996,
        "fn_rate": 0.0,
        "g_mean": 0.9591663046625439,
        "precision": 0.8461538461538461,
        "recall": 1.0,
        "f1": 0.9166666666666666,
        "f1_abs": 0.4647887323943662,
        "accuracy": 0.9444444444444444,
        "support": 36
    },
    "f1_f1": 0.48499693815064293
}