{
    "boundary": {
        "precision": 0.9512195121951219,
        "recall": 0.8478260869565217,
        "num_correct": 39,
        "num_predicted": 41,
        "num_true": 46,
        "FP": 2,
        "FN": 7,
        "f1": 0.8965517241379309
    },
    "boundary_strict": {
        "precision": 0.8780487804878049,
        "recall": 0.782608695652174,
        "num_correct": 36,
        "num_predicted": 41,
        "num_true": 46,
        "FP": 5,
        "FN": 10,
        "f1": 0.8275862068965518
    },
    "classification": {
        "TP": 32,
        "TN": 4,
        "FP": 3,
        "FN": 0,
        "spesificity": 0.5714285714285714,
        "fp_rate": 0.4285714285714286,
        "fn_rate": 0.0,
        "g_mean": 0.7559289460184544,
        "precision": 0.9142857142857143,
        "recall": 1.0,
        "f1": 0.955223880597015,
        "f1_abs": 0.8564076170869789,
        "accuracy": 0.9230769230769231,
        "support": 39
    },
    "f1_f1": 0.8760200052645433
}