{
    "boundary": {
        "precision": 0.9651162790697675,
        "recall": 0.8829787234042553,
        "num_correct": 83,
        "num_predicted": 86,
        "num_true": 94,
        "FP": 3,
        "FN": 11,
        "f1": 0.9222222222222223
    },
    "boundary_strict": {
        "precision": 0.9302325581395349,
        "recall": 0.851063829787234,
        "num_correct": 80,
        "num_predicted": 86,
        "num_true": 94,
        "FP": 6,
        "FN": 14,
        "f1": 0.888888888888889
    },
    "classification": {
        "TP": 40,
        "TN": 40,
        "FP": 2,
        "FN": 1,
        "spesificity": 0.9523809523809523,
        "fp_rate": 0.04761904761904767,
        "fn_rate": 0.024390243902439046,
        "g_mean": 0.9639253854237597,
        "precision": 0.9523809523809523,
        "recall": 0.975609756097561,
        "f1": 0.963855421686747,
        "f1_abs": 0.888888888888889,
        "accuracy": 0.963855421686747,
        "support": 83
    },
    "f1_f1": 0.9052488070892979
}