{
    "boundary": {
        "precision": 0.7837837837837838,
        "recall": 0.29,
        "num_correct": 29,
        "num_predicted": 37,
        "num_true": 100,
        "FP": 8,
        "FN": 71,
        "f1": 0.4233576642335766
    },
    "classification": {
        "TP": 15.0,
        "TN": 13.0,
        "FP": 0.0,
        "FN": 1.0,
        "spesificity": 1.0,
        "fp_rate": 0.0,
        "fn_rate": 0.0625,
        "g_mean": 0.9682458365518543,
        "precision": 1.0,
        "recall": 0.9375,
        "f1": 0.967741935483871,
        "f1_abs": 0.40970096538733225,
        "accuracy": 0.9655172413793104,
        "support": 29
    },
    "f1_f1": 0.416417374655977
}