{
    "boundary": {
        "precision": 0.9887640449438202,
        "recall": 0.9361702127659575,
        "num_correct": 88,
        "num_predicted": 89,
        "num_true": 94,
        "FP": 1,
        "FN": 6,
        "f1": 0.9617486338797814
    },
    "boundary_strict": {
        "precision": 0.9550561797752809,
        "recall": 0.9042553191489362,
        "num_correct": 85,
        "num_predicted": 89,
        "num_true": 94,
        "FP": 4,
        "FN": 9,
        "f1": 0.9289617486338798
    },
    "classification": {
        "TP": 47,
        "TN": 38,
        "FP": 3,
        "FN": 0,
        "spesificity": 0.926829268292683,
        "fp_rate": 0.07317073170731703,
        "fn_rate": 0.0,
        "g_mean": 0.9627197246824659,
        "precision": 0.94,
        "recall": 1.0,
        "f1": 0.9690721649484536,
        "f1_abs": 0.9320038307700974,
        "accuracy": 0.9659090909090909,
        "support": 88
    },
    "f1_f1": 0.9466426343947587
}