{
    "boundary": {
        "precision": 1.0,
        "recall": 0.9696969696969697,
        "num_correct": 32,
        "num_predicted": 32,
        "num_true": 33,
        "FP": 0,
        "FN": 1,
        "f1": 0.9846153846153847
    },
    "boundary_strict": {
        "precision": 1.0,
        "recall": 0.9696969696969697,
        "num_correct": 32,
        "num_predicted": 32,
        "num_true": 33,
        "FP": 0,
        "FN": 1,
        "f1": 0.9846153846153847
    },
    "classification": {
        "TP": 13,
        "TN": 19,
        "FP": 0,
        "FN": 0,
        "spesificity": 1.0,
        "fp_rate": 0.0,
        "fn_rate": 0.0,
        "g_mean": 1.0,
        "precision": 1.0,
        "recall": 1.0,
        "f1": 1.0,
        "f1_abs": 0.9846153846153847,
        "accuracy": 1.0,
        "support": 32
    },
    "f1_f1": 0.9846153846153847
}