{
    "boundary": {
        "precision": 0.5,
        "recall": 0.32608695652173914,
        "num_correct": 15,
        "num_predicted": 30,
        "num_true": 46,
        "FP": 15,
        "FN": 31,
        "f1": 0.39473684210526316
    },
    "boundary_strict": {
        "precision": 0.4666666666666667,
        "recall": 0.30434782608695654,
        "num_correct": 14,
        "num_predicted": 30,
        "num_true": 46,
        "FP": 16,
        "FN": 32,
        "f1": 0.3684210526315789
    },
    "classification": {
        "TP": 12,
        "TN": 2,
        "FP": 1,
        "FN": 0,
        "spesificity": 0.6666666666666666,
        "fp_rate": 0.33333333333333337,
        "fn_rate": 0.0,
        "g_mean": 0.816496580927726,
        "precision": 0.9230769230769231,
        "recall": 1.0,
        "f1": 0.96,
        "f1_abs": 0.37894736842105264,
        "accuracy": 0.9333333333333333,
        "support": 15
    },
    "f1_f1": 0.38668098818474766
}