{
    "boundary": {
        "precision": 0.7692307692307693,
        "recall": 0.5,
        "num_correct": 30,
        "num_predicted": 39,
        "num_true": 60,
        "FP": 9,
        "FN": 30,
        "f1": 0.6060606060606061
    },
    "boundary_strict": {
        "precision": 0.7692307692307693,
        "recall": 0.5,
        "num_correct": 30,
        "num_predicted": 39,
        "num_true": 60,
        "FP": 9,
        "FN": 30,
        "f1": 0.6060606060606061
    },
    "classification": {
        "TP": 20,
        "TN": 10,
        "FP": 0,
        "FN": 0,
        "spesificity": 1.0,
        "fp_rate": 0.0,
        "fn_rate": 0.0,
        "g_mean": 1.0,
        "precision": 1.0,
        "recall": 1.0,
        "f1": 1.0,
        "f1_abs": 0.6060606060606061,
        "accuracy": 1.0,
        "support": 30
    },
    "f1_f1": 0.6060606060606061
}