{
    "boundary": {
        "precision": 0.9024390243902439,
        "recall": 0.8043478260869565,
        "num_correct": 37,
        "num_predicted": 41,
        "num_true": 46,
        "FP": 4,
        "FN": 9,
        "f1": 0.8505747126436782
    },
    "boundary_strict": {
        "precision": 0.8780487804878049,
        "recall": 0.782608695652174,
        "num_correct": 36,
        "num_predicted": 41,
        "num_true": 46,
        "FP": 5,
        "FN": 10,
        "f1": 0.8275862068965518
    },
    "classification": {
        "TP": 29,
        "TN": 7,
        "FP": 1,
        "FN": 0,
        "spesificity": 0.875,
        "fp_rate": 0.125,
        "fn_rate": 0.0,
        "g_mean": 0.9354143466934853,
        "precision": 0.9666666666666667,
        "recall": 1.0,
        "f1": 0.9830508474576272,
        "f1_abs": 0.8361581920903955,
        "accuracy": 0.972972972972973,
        "support": 37
    },
    "f1_f1": 0.8433048433048435
}