{
    "boundary": {
        "precision": 0.7333333333333333,
        "recall": 0.4782608695652174,
        "num_correct": 22,
        "num_predicted": 30,
        "num_true": 46,
        "FP": 8,
        "FN": 24,
        "f1": 0.5789473684210527
    },
    "boundary_strict": {
        "precision": 0.6666666666666666,
        "recall": 0.43478260869565216,
        "num_correct": 20,
        "num_predicted": 30,
        "num_true": 46,
        "FP": 10,
        "FN": 26,
        "f1": 0.5263157894736841
    },
    "classification": {
        "TP": 18,
        "TN": 2,
        "FP": 2,
        "FN": 0,
        "spesificity": 0.5,
        "fp_rate": 0.5,
        "fn_rate": 0.0,
        "g_mean": 0.7071067811865476,
        "precision": 0.9,
        "recall": 1.0,
        "f1": 0.9473684210526315,
        "f1_abs": 0.5484764542936288,
        "accuracy": 0.9090909090909091,
        "support": 22
    },
    "f1_f1": 0.5633001422475106
}