{
    "boundary": {
        "precision": 0.8918918918918919,
        "recall": 0.717391304347826,
        "num_correct": 33,
        "num_predicted": 37,
        "num_true": 46,
        "FP": 4,
        "FN": 13,
        "f1": 0.7951807228915664
    },
    "boundary_strict": {
        "precision": 0.7837837837837838,
        "recall": 0.6304347826086957,
        "num_correct": 29,
        "num_predicted": 37,
        "num_true": 46,
        "FP": 8,
        "FN": 17,
        "f1": 0.6987951807228915
    },
    "classification": {
        "TP": 26,
        "TN": 3,
        "FP": 4,
        "FN": 0,
        "spesificity": 0.42857142857142855,
        "fp_rate": 0.5714285714285714,
        "fn_rate": 0.0,
        "g_mean": 0.6546536707079771,
        "precision": 0.8666666666666667,
        "recall": 1.0,
        "f1": 0.9285714285714286,
        "f1_abs": 0.738382099827883,
        "accuracy": 0.8787878787878788,
        "support": 33
    },
    "f1_f1": 0.7657295850066936
}