{
    "boundary": {
        "precision": 0.9534883720930233,
        "recall": 0.8913043478260869,
        "num_correct": 41,
        "num_predicted": 43,
        "num_true": 46,
        "FP": 2,
        "FN": 5,
        "f1": 0.9213483146067417
    },
    "boundary_strict": {
        "precision": 0.9302325581395349,
        "recall": 0.8695652173913043,
        "num_correct": 40,
        "num_predicted": 43,
        "num_true": 46,
        "FP": 3,
        "FN": 6,
        "f1": 0.898876404494382
    },
    "classification": {
        "TP": 34,
        "TN": 6,
        "FP": 1,
        "FN": 0,
        "spesificity": 0.8571428571428571,
        "fp_rate": 0.1428571428571429,
        "fn_rate": 0.0,
        "g_mean": 0.9258200997725514,
        "precision": 0.9714285714285714,
        "recall": 1.0,
        "f1": 0.9855072463768116,
        "f1_abs": 0.9079954404820064,
        "accuracy": 0.975609756097561,
        "support": 41
    },
    "f1_f1": 0.9146231444271306
}