{
    "boundary": {
        "precision": 0.7,
        "recall": 0.45652173913043476,
        "num_correct": 21,
        "num_predicted": 30,
        "num_true": 46,
        "FP": 9,
        "FN": 25,
        "f1": 0.5526315789473684
    },
    "boundary_strict": {
        "precision": 0.7,
        "recall": 0.45652173913043476,
        "num_correct": 21,
        "num_predicted": 30,
        "num_true": 46,
        "FP": 9,
        "FN": 25,
        "f1": 0.5526315789473684
    },
    "classification": {
        "TP": 19,
        "TN": 2,
        "FP": 0,
        "FN": 0,
        "spesificity": 1.0,
        "fp_rate": 0.0,
        "fn_rate": 0.0,
        "g_mean": 1.0,
        "precision": 1.0,
        "recall": 1.0,
        "f1": 1.0,
        "f1_abs": 0.5526315789473684,
        "accuracy": 1.0,
        "support": 21
    },
    "f1_f1": 0.5526315789473684
}