{
    "boundary": {
        "precision": 0.819672131147541,
        "recall": 0.5319148936170213,
        "num_correct": 50,
        "num_predicted": 61,
        "num_true": 94,
        "FP": 11,
        "FN": 44,
        "f1": 0.6451612903225806
    },
    "boundary_strict": {
        "precision": 0.7868852459016393,
        "recall": 0.5106382978723404,
        "num_correct": 48,
        "num_predicted": 61,
        "num_true": 94,
        "FP": 13,
        "FN": 46,
        "f1": 0.6193548387096774
    },
    "classification": {
        "TP": 25,
        "TN": 23,
        "FP": 2,
        "FN": 0,
        "spesificity": 0.92,
        "fp_rate": 0.07999999999999996,
        "fn_rate": 0.0,
        "g_mean": 0.9591663046625439,
        "precision": 0.9259259259259259,
        "recall": 1.0,
        "f1": 0.9615384615384616,
        "f1_abs": 0.6203473945409429,
        "accuracy": 0.96,
        "support": 50
    },
    "f1_f1": 0.6325110689437066
}