{
    "boundary": {
        "precision": 0.9285714285714286,
        "recall": 0.8666666666666667,
        "num_correct": 52,
        "num_predicted": 56,
        "num_true": 60,
        "FP": 4,
        "FN": 8,
        "f1": 0.896551724137931
    },
    "boundary_strict": {
        "precision": 0.9107142857142857,
        "recall": 0.85,
        "num_correct": 51,
        "num_predicted": 56,
        "num_true": 60,
        "FP": 5,
        "FN": 9,
        "f1": 0.8793103448275861
    },
    "classification": {
        "TP": 28,
        "TN": 23,
        "FP": 1,
        "FN": 0,
        "spesificity": 0.9583333333333334,
        "fp_rate": 0.04166666666666663,
        "fn_rate": 0.0,
        "g_mean": 0.9789450103725609,
        "precision": 0.9655172413793104,
        "recall": 1.0,
        "f1": 0.9824561403508771,
        "f1_abs": 0.8808227465214761,
        "accuracy": 0.9807692307692307,
        "support": 52
    },
    "f1_f1": 0.8886176380836132
}