{
    "boundary": {
        "precision": 0.5806451612903226,
        "recall": 0.391304347826087,
        "num_correct": 18,
        "num_predicted": 31,
        "num_true": 46,
        "FP": 13,
        "FN": 28,
        "f1": 0.4675324675324675
    },
    "boundary_strict": {
        "precision": 0.5483870967741935,
        "recall": 0.3695652173913043,
        "num_correct": 17,
        "num_predicted": 31,
        "num_true": 46,
        "FP": 14,
        "FN": 29,
        "f1": 0.44155844155844154
    },
    "classification": {
        "TP": 15,
        "TN": 2,
        "FP": 1,
        "FN": 0,
        "spesificity": 0.6666666666666666,
        "fp_rate": 0.33333333333333337,
        "fn_rate": 0.0,
        "g_mean": 0.816496580927726,
        "precision": 0.9375,
        "recall": 1.0,
        "f1": 0.967741935483871,
        "f1_abs": 0.45245077503142017,
        "accuracy": 0.9444444444444444,
        "support": 18
    },
    "f1_f1": 0.45986800085160745
}