{
    "boundary": {
        "precision": 0.9833333333333333,
        "recall": 0.9833333333333333,
        "num_correct": 59,
        "num_predicted": 60,
        "num_true": 60,
        "FP": 1,
        "FN": 1,
        "f1": 0.9833333333333333
    },
    "boundary_strict": {
        "precision": 0.9666666666666667,
        "recall": 0.9666666666666667,
        "num_correct": 58,
        "num_predicted": 60,
        "num_true": 60,
        "FP": 2,
        "FN": 2,
        "f1": 0.9666666666666667
    },
    "classification": {
        "TP": 31,
        "TN": 27,
        "FP": 0,
        "FN": 1,
        "spesificity": 1.0,
        "fp_rate": 0.0,
        "fn_rate": 0.03125,
        "g_mean": 0.9842509842514764,
        "precision": 1.0,
        "recall": 0.96875,
        "f1": 0.9841269841269841,
        "f1_abs": 0.9677248677248677,
        "accuracy": 0.9830508474576272,
        "support": 59
    },
    "f1_f1": 0.9754666666666666
}