{
    "boundary": {
        "precision": 0.9747634069400631,
        "recall": 0.9596273291925466,
        "num_correct": 309,
        "num_predicted": 317,
        "num_true": 322,
        "FP": 8,
        "FN": 13,
        "f1": 0.9671361502347419
    },
    "boundary_strict": {
        "precision": 0.943217665615142,
        "recall": 0.9285714285714286,
        "num_correct": 299,
        "num_predicted": 317,
        "num_true": 322,
        "FP": 18,
        "FN": 23,
        "f1": 0.9358372456964006
    },
    "classification": {
        "TP": 196,
        "TN": 103,
        "FP": 7,
        "FN": 3,
        "spesificity": 0.9363636363636364,
        "fp_rate": 0.0636363636363636,
        "fn_rate": 0.015075376884422065,
        "g_mean": 0.9603372332907782,
        "precision": 0.9655172413793104,
        "recall": 0.9849246231155779,
        "f1": 0.9751243781094527,
        "f1_abs": 0.943078037044823,
        "accuracy": 0.9676375404530745,
        "support": 309
    },
    "f1_f1": 0.9549555941864455
}