{
    "boundary": {
        "precision": 0.9891304347826086,
        "recall": 0.9680851063829787,
        "num_correct": 91,
        "num_predicted": 92,
        "num_true": 94,
        "FP": 1,
        "FN": 3,
        "f1": 0.9784946236559139
    },
    "boundary_strict": {
        "precision": 0.9782608695652174,
        "recall": 0.9574468085106383,
        "num_correct": 90,
        "num_predicted": 92,
        "num_true": 94,
        "FP": 2,
        "FN": 4,
        "f1": 0.967741935483871
    },
    "classification": {
        "TP": 47,
        "TN": 43,
        "FP": 1,
        "FN": 0,
        "spesificity": 0.9772727272727273,
        "fp_rate": 0.022727272727272707,
        "fn_rate": 0.0,
        "g_mean": 0.9885710532241612,
        "precision": 0.9791666666666666,
        "recall": 1.0,
        "f1": 0.9894736842105264,
        "f1_abs": 0.9681946802490096,
        "accuracy": 0.989010989010989,
        "support": 91
    },
    "f1_f1": 0.9733174034249301
}