{
    "boundary": {
        "precision": 0.9841269841269841,
        "recall": 0.9841269841269841,
        "num_correct": 62,
        "num_predicted": 63,
        "num_true": 63,
        "FP": 1,
        "FN": 1,
        "f1": 0.9841269841269841
    },
    "classification": {
        "TP": 32.0,
        "TN": 23.0,
        "FP": 5.0,
        "FN": 2.0,
        "spesificity": 0.8214285714285714,
        "fp_rate": 0.1785714285714286,
        "fn_rate": 0.05882352941176472,
        "g_mean": 0.8792663098842574,
        "precision": 0.8648648648648649,
        "recall": 0.9411764705882353,
        "f1": 0.9014084507042254,
        "f1_abs": 0.8871003800581265,
        "accuracy": 0.8870967741935484,
        "support": 62
    },
    "f1_f1": 0.9330981775426219
}