{
    "boundary": {
        "precision": 1.0,
        "recall": 0.99,
        "num_correct": 99,
        "num_predicted": 99,
        "num_true": 100,
        "FP": 0,
        "FN": 1,
        "f1": 0.9949748743718593
    },
    "classification": {
        "TP": 48.0,
        "TN": 46.0,
        "FP": 5.0,
        "FN": 0.0,
        "spesificity": 0.9019607843137255,
        "fp_rate": 0.0980392156862745,
        "fn_rate": 0.0,
        "g_mean": 0.9497161598676341,
        "precision": 0.9056603773584906,
        "recall": 1.0,
        "f1": 0.9504950495049505,
        "f1_abs": 0.9457186924722623,
        "accuracy": 0.9494949494949495,
        "support": 99
    },
    "f1_f1": 0.9697217049715583
}