{
    "boundary": {
        "precision": 0.9482758620689655,
        "recall": 0.873015873015873,
        "num_correct": 55,
        "num_predicted": 58,
        "num_true": 63,
        "FP": 3,
        "FN": 8,
        "f1": 0.9090909090909091
    },
    "classification": {
        "TP": 27.0,
        "TN": 22.0,
        "FP": 4.0,
        "FN": 2.0,
        "spesificity": 0.8461538461538461,
        "fp_rate": 0.15384615384615385,
        "fn_rate": 0.06896551724137934,
        "g_mean": 0.8875800856756891,
        "precision": 0.8709677419354839,
        "recall": 0.9310344827586207,
        "f1": 0.9,
        "f1_abs": 0.8181818181818181,
        "accuracy": 0.8909090909090909,
        "support": 55
    },
    "f1_f1": 0.861244019138756
}