{
    "boundary": {
        "precision": 0.967948717948718,
        "recall": 0.937888198757764,
        "num_correct": 302,
        "num_predicted": 312,
        "num_true": 322,
        "FP": 10,
        "FN": 20,
        "f1": 0.9526813880126183
    },
    "boundary_strict": {
        "precision": 0.9391025641025641,
        "recall": 0.9099378881987578,
        "num_correct": 293,
        "num_predicted": 312,
        "num_true": 322,
        "FP": 19,
        "FN": 29,
        "f1": 0.9242902208201894
    },
    "classification": {
        "TP": 189,
        "TN": 104,
        "FP": 5,
        "FN": 4,
        "spesificity": 0.9541284403669725,
        "fp_rate": 0.04587155963302747,
        "fn_rate": 0.020725388601036232,
        "g_mean": 0.966619758573694,
        "precision": 0.9742268041237113,
        "recall": 0.9792746113989638,
        "f1": 0.9767441860465116,
        "f1_abs": 0.9305260068960457,
        "accuracy": 0.9701986754966887,
        "support": 302
    },
    "f1_f1": 0.9414733716830579
}