{
    "boundary": {
        "precision": 0.9682539682539683,
        "recall": 0.9472049689440993,
        "num_correct": 305,
        "num_predicted": 315,
        "num_true": 322,
        "FP": 10,
        "FN": 17,
        "f1": 0.9576138147566718
    },
    "boundary_strict": {
        "precision": 0.9238095238095239,
        "recall": 0.9037267080745341,
        "num_correct": 291,
        "num_predicted": 315,
        "num_true": 322,
        "FP": 24,
        "FN": 31,
        "f1": 0.9136577708006279
    },
    "classification": {
        "TP": 192,
        "TN": 99,
        "FP": 10,
        "FN": 4,
        "spesificity": 0.908256880733945,
        "fp_rate": 0.09174311926605505,
        "fn_rate": 0.020408163265306145,
        "g_mean": 0.9432502457063496,
        "precision": 0.9504950495049505,
        "recall": 0.9795918367346939,
        "f1": 0.964824120603015,
        "f1_abs": 0.9239289066999045,
        "accuracy": 0.9540983606557377,
        "support": 305
    },
    "f1_f1": 0.9404698334183171
}