{
    "boundary": {
        "precision": 0.8,
        "recall": 0.7272727272727273,
        "num_correct": 24,
        "num_predicted": 30,
        "num_true": 33,
        "FP": 6,
        "FN": 9,
        "f1": 0.761904761904762
    },
    "boundary_strict": {
        "precision": 0.7666666666666667,
        "recall": 0.696969696969697,
        "num_correct": 23,
        "num_predicted": 30,
        "num_true": 33,
        "FP": 7,
        "FN": 10,
        "f1": 0.7301587301587302
    },
    "classification": {
        "TP": 12,
        "TN": 11,
        "FP": 0,
        "FN": 1,
        "spesificity": 1.0,
        "fp_rate": 0.0,
        "fn_rate": 0.07692307692307687,
        "g_mean": 0.9607689228305228,
        "precision": 1.0,
        "recall": 0.9230769230769231,
        "f1": 0.96,
        "f1_abs": 0.7314285714285714,
        "accuracy": 0.9583333333333334,
        "support": 24
    },
    "f1_f1": 0.7463556851311954
}