{
    "boundary": {
        "precision": 0.926829268292683,
        "recall": 0.8260869565217391,
        "num_correct": 38,
        "num_predicted": 41,
        "num_true": 46,
        "FP": 3,
        "FN": 8,
        "f1": 0.8735632183908046
    },
    "boundary_strict": {
        "precision": 0.8292682926829268,
        "recall": 0.7391304347826086,
        "num_correct": 34,
        "num_predicted": 41,
        "num_true": 46,
        "FP": 7,
        "FN": 12,
        "f1": 0.7816091954022988
    },
    "classification": {
        "TP": 30,
        "TN": 4,
        "FP": 4,
        "FN": 0,
        "spesificity": 0.5,
        "fp_rate": 0.5,
        "fn_rate": 0.0,
        "g_mean": 0.7071067811865476,
        "precision": 0.8823529411764706,
        "recall": 1.0,
        "f1": 0.9375,
        "f1_abs": 0.8189655172413793,
        "accuracy": 0.8947368421052632,
        "support": 38
    },
    "f1_f1": 0.8453837597330368
}