{
    "boundary": {
        "precision": 0.8,
        "recall": 0.6060606060606061,
        "num_correct": 20,
        "num_predicted": 25,
        "num_true": 33,
        "FP": 5,
        "FN": 13,
        "f1": 0.689655172413793
    },
    "boundary_strict": {
        "precision": 0.72,
        "recall": 0.5454545454545454,
        "num_correct": 18,
        "num_predicted": 25,
        "num_true": 33,
        "FP": 7,
        "FN": 15,
        "f1": 0.6206896551724138
    },
    "classification": {
        "TP": 11,
        "TN": 7,
        "FP": 1,
        "FN": 1,
        "spesificity": 0.875,
        "fp_rate": 0.125,
        "fn_rate": 0.08333333333333337,
        "g_mean": 0.8955910525085282,
        "precision": 0.9166666666666666,
        "recall": 0.9166666666666666,
        "f1": 0.9166666666666666,
        "f1_abs": 0.6321839080459769,
        "accuracy": 0.9,
        "support": 20
    },
    "f1_f1": 0.6596701649175412
}