{
    "boundary": {
        "precision": 0.967741935483871,
        "recall": 0.9574468085106383,
        "num_correct": 90,
        "num_predicted": 93,
        "num_true": 94,
        "FP": 3,
        "FN": 4,
        "f1": 0.9625668449197862
    },
    "boundary_strict": {
        "precision": 0.9354838709677419,
        "recall": 0.925531914893617,
        "num_correct": 87,
        "num_predicted": 93,
        "num_true": 94,
        "FP": 6,
        "FN": 7,
        "f1": 0.9304812834224598
    },
    "classification": {
        "TP": 44,
        "TN": 43,
        "FP": 2,
        "FN": 1,
        "spesificity": 0.9555555555555556,
        "fp_rate": 0.0444444444444444,
        "fn_rate": 0.022222222222222254,
        "g_mean": 0.9666028075969576,
        "precision": 0.9565217391304348,
        "recall": 0.9777777777777777,
        "f1": 0.967032967032967,
        "f1_abs": 0.9308338720103426,
        "accuracy": 0.9666666666666667,
        "support": 90
    },
    "f1_f1": 0.9464344396976668
}