{
    "boundary": {
        "precision": 0.4375,
        "recall": 0.15217391304347827,
        "num_correct": 7,
        "num_predicted": 16,
        "num_true": 46,
        "FP": 9,
        "FN": 39,
        "f1": 0.22580645161290325
    },
    "boundary_strict": {
        "precision": 0.3125,
        "recall": 0.10869565217391304,
        "num_correct": 5,
        "num_predicted": 16,
        "num_true": 46,
        "FP": 11,
        "FN": 41,
        "f1": 0.16129032258064516
    },
    "classification": {
        "TP": 4,
        "TN": 1,
        "FP": 2,
        "FN": 0,
        "spesificity": 0.3333333333333333,
        "fp_rate": 0.6666666666666667,
        "fn_rate": 0.0,
        "g_mean": 0.5773502691896257,
        "precision": 0.6666666666666666,
        "recall": 1.0,
        "f1": 0.8,
        "f1_abs": 0.1806451612903226,
        "accuracy": 0.7142857142857143,
        "support": 7
    },
    "f1_f1": 0.20071684587813624
}