{
    "boundary": {
        "precision": 0.9824561403508771,
        "recall": 0.9333333333333333,
        "num_correct": 56,
        "num_predicted": 57,
        "num_true": 60,
        "FP": 1,
        "FN": 4,
        "f1": 0.9572649572649572
    },
    "boundary_strict": {
        "precision": 0.9649122807017544,
        "recall": 0.9166666666666666,
        "num_correct": 55,
        "num_predicted": 57,
        "num_true": 60,
        "FP": 2,
        "FN": 5,
        "f1": 0.9401709401709402
    },
    "classification": {
        "TP": 31,
        "TN": 24,
        "FP": 0,
        "FN": 1,
        "spesificity": 1.0,
        "fp_rate": 0.0,
        "fn_rate": 0.03125,
        "g_mean": 0.9842509842514764,
        "precision": 1.0,
        "recall": 0.96875,
        "f1": 0.9841269841269841,
        "f1_abs": 0.9420702754036087,
        "accuracy": 0.9821428571428571,
        "support": 56
    },
    "f1_f1": 0.9496068376068374
}