{
    "boundary": {
        "precision": 0.9555555555555556,
        "recall": 0.9347826086956522,
        "num_correct": 43,
        "num_predicted": 45,
        "num_true": 46,
        "FP": 2,
        "FN": 3,
        "f1": 0.945054945054945
    },
    "boundary_strict": {
        "precision": 0.8888888888888888,
        "recall": 0.8695652173913043,
        "num_correct": 40,
        "num_predicted": 45,
        "num_true": 46,
        "FP": 5,
        "FN": 6,
        "f1": 0.8791208791208792
    },
    "classification": {
        "TP": 32,
        "TN": 8,
        "FP": 2,
        "FN": 1,
        "spesificity": 0.8,
        "fp_rate": 0.19999999999999996,
        "fn_rate": 0.030303030303030276,
        "g_mean": 0.8807710121010885,
        "precision": 0.9411764705882353,
        "recall": 0.9696969696969697,
        "f1": 0.9552238805970149,
        "f1_abs": 0.9027390519927833,
        "accuracy": 0.9302325581395349,
        "support": 43
    },
    "f1_f1": 0.9234124653971982
}