{
    "boundary": {
        "precision": 1.0,
        "recall": 0.9468085106382979,
        "num_correct": 89,
        "num_predicted": 89,
        "num_true": 94,
        "FP": 0,
        "FN": 5,
        "f1": 0.9726775956284154
    },
    "boundary_strict": {
        "precision": 0.9775280898876404,
        "recall": 0.925531914893617,
        "num_correct": 87,
        "num_predicted": 89,
        "num_true": 94,
        "FP": 2,
        "FN": 7,
        "f1": 0.9508196721311475
    },
    "classification": {
        "TP": 44,
        "TN": 43,
        "FP": 2,
        "FN": 0,
        "spesificity": 0.9555555555555556,
        "fp_rate": 0.0444444444444444,
        "fn_rate": 0.0,
        "g_mean": 0.9775252199076787,
        "precision": 0.9565217391304348,
        "recall": 1.0,
        "f1": 0.9777777777777777,
        "f1_abs": 0.951062537947784,
        "accuracy": 0.9775280898876404,
        "support": 89
    },
    "f1_f1": 0.9617486338797815
}