{
    "boundary": {
        "precision": 0.8095238095238095,
        "recall": 0.7391304347826086,
        "num_correct": 34,
        "num_predicted": 42,
        "num_true": 46,
        "FP": 8,
        "FN": 12,
        "f1": 0.7727272727272727
    },
    "boundary_strict": {
        "precision": 0.6904761904761905,
        "recall": 0.6304347826086957,
        "num_correct": 29,
        "num_predicted": 42,
        "num_true": 46,
        "FP": 13,
        "FN": 17,
        "f1": 0.6590909090909092
    },
    "classification": {
        "TP": 23,
        "TN": 6,
        "FP": 2,
        "FN": 3,
        "spesificity": 0.75,
        "fp_rate": 0.25,
        "fn_rate": 0.11538461538461542,
        "g_mean": 0.8145314840210527,
        "precision": 0.92,
        "recall": 0.8846153846153846,
        "f1": 0.9019607843137255,
        "f1_abs": 0.696969696969697,
        "accuracy": 0.8529411764705882,
        "support": 34
    },
    "f1_f1": 0.7328959700093721
}