{
    "boundary": {
        "precision": 0.7105263157894737,
        "recall": 0.45,
        "num_correct": 27,
        "num_predicted": 38,
        "num_true": 60,
        "FP": 11,
        "FN": 33,
        "f1": 0.5510204081632654
    },
    "boundary_strict": {
        "precision": 0.7105263157894737,
        "recall": 0.45,
        "num_correct": 27,
        "num_predicted": 38,
        "num_true": 60,
        "FP": 11,
        "FN": 33,
        "f1": 0.5510204081632654
    },
    "classification": {
        "TP": 15,
        "TN": 12,
        "FP": 0,
        "FN": 0,
        "spesificity": 1.0,
        "fp_rate": 0.0,
        "fn_rate": 0.0,
        "g_mean": 1.0,
        "precision": 1.0,
        "recall": 1.0,
        "f1": 1.0,
        "f1_abs": 0.5510204081632654,
        "accuracy": 1.0,
        "support": 27
    },
    "f1_f1": 0.5510204081632654
}