{
    "boundary": {
        "precision": 0.9775641025641025,
        "recall": 0.9472049689440993,
        "num_correct": 305,
        "num_predicted": 312,
        "num_true": 322,
        "FP": 7,
        "FN": 17,
        "f1": 0.9621451104100945
    },
    "boundary_strict": {
        "precision": 0.9391025641025641,
        "recall": 0.9099378881987578,
        "num_correct": 293,
        "num_predicted": 312,
        "num_true": 322,
        "FP": 19,
        "FN": 29,
        "f1": 0.9242902208201894
    },
    "classification": {
        "TP": 192,
        "TN": 101,
        "FP": 7,
        "FN": 5,
        "spesificity": 0.9351851851851852,
        "fp_rate": 0.06481481481481477,
        "fn_rate": 0.025380710659898442,
        "g_mean": 0.9546986543336994,
        "precision": 0.964824120603015,
        "recall": 0.9746192893401016,
        "f1": 0.9696969696969697,
        "f1_abs": 0.932989197973425,
        "accuracy": 0.9606557377049181,
        "support": 305
    },
    "f1_f1": 0.9473428779422468
}