{
    "boundary": {
        "precision": 0.5384615384615384,
        "recall": 0.11666666666666667,
        "num_correct": 7,
        "num_predicted": 13,
        "num_true": 60,
        "FP": 6,
        "FN": 53,
        "f1": 0.1917808219178082
    },
    "boundary_strict": {
        "precision": 0.5384615384615384,
        "recall": 0.11666666666666667,
        "num_correct": 7,
        "num_predicted": 13,
        "num_true": 60,
        "FP": 6,
        "FN": 53,
        "f1": 0.1917808219178082
    },
    "classification": {
        "TP": 2,
        "TN": 5,
        "FP": 0,
        "FN": 0,
        "spesificity": 1.0,
        "fp_rate": 0.0,
        "fn_rate": 0.0,
        "g_mean": 1.0,
        "precision": 1.0,
        "recall": 1.0,
        "f1": 1.0,
        "f1_abs": 0.1917808219178082,
        "accuracy": 1.0,
        "support": 7
    },
    "f1_f1": 0.1917808219178082
}