{
    "boundary": {
        "precision": 0.9746031746031746,
        "recall": 0.953416149068323,
        "num_correct": 307,
        "num_predicted": 315,
        "num_true": 322,
        "FP": 8,
        "FN": 15,
        "f1": 0.9638932496075353
    },
    "boundary_strict": {
        "precision": 0.9428571428571428,
        "recall": 0.922360248447205,
        "num_correct": 297,
        "num_predicted": 315,
        "num_true": 322,
        "FP": 18,
        "FN": 25,
        "f1": 0.9324960753532182
    },
    "classification": {
        "TP": 192,
        "TN": 105,
        "FP": 6,
        "FN": 4,
        "spesificity": 0.9459459459459459,
        "fp_rate": 0.05405405405405406,
        "fn_rate": 0.020408163265306145,
        "g_mean": 0.9626219022237789,
        "precision": 0.9696969696969697,
        "recall": 0.9795918367346939,
        "f1": 0.9746192893401016,
        "f1_abs": 0.9394289539322171,
        "accuracy": 0.9674267100977199,
        "support": 307
    },
    "f1_f1": 0.9515038762192637
}