{
    "boundary": {
        "precision": 0.9705882352941176,
        "recall": 0.922360248447205,
        "num_correct": 297,
        "num_predicted": 306,
        "num_true": 322,
        "FP": 9,
        "FN": 25,
        "f1": 0.945859872611465
    },
    "boundary_strict": {
        "precision": 0.9313725490196079,
        "recall": 0.8850931677018633,
        "num_correct": 285,
        "num_predicted": 306,
        "num_true": 322,
        "FP": 21,
        "FN": 37,
        "f1": 0.9076433121019108
    },
    "classification": {
        "TP": 190,
        "TN": 95,
        "FP": 10,
        "FN": 2,
        "spesificity": 0.9047619047619048,
        "fp_rate": 0.09523809523809523,
        "fn_rate": 0.01041666666666663,
        "g_mean": 0.946222649056395,
        "precision": 0.95,
        "recall": 0.9895833333333334,
        "f1": 0.9693877551020408,
        "f1_abs": 0.9169049785519303,
        "accuracy": 0.9595959595959596,
        "support": 297
    },
    "f1_f1": 0.9311573875449655
}