{
    "boundary": {
        "precision": 0.9642857142857143,
        "recall": 0.922360248447205,
        "num_correct": 297,
        "num_predicted": 308,
        "num_true": 322,
        "FP": 11,
        "FN": 25,
        "f1": 0.9428571428571428
    },
    "boundary_strict": {
        "precision": 0.9188311688311688,
        "recall": 0.8788819875776398,
        "num_correct": 283,
        "num_predicted": 308,
        "num_true": 322,
        "FP": 25,
        "FN": 39,
        "f1": 0.8984126984126984
    },
    "classification": {
        "TP": 180,
        "TN": 103,
        "FP": 6,
        "FN": 8,
        "spesificity": 0.944954128440367,
        "fp_rate": 0.05504587155963303,
        "fn_rate": 0.04255319148936165,
        "g_mean": 0.9511799590320337,
        "precision": 0.967741935483871,
        "recall": 0.9574468085106383,
        "f1": 0.9625668449197862,
        "f1_abs": 0.907563025210084,
        "accuracy": 0.9528619528619529,
        "support": 297
    },
    "f1_f1": 0.9248734916309848
}