{
    "boundary": {
        "precision": 0.76,
        "recall": 0.40425531914893614,
        "num_correct": 38,
        "num_predicted": 50,
        "num_true": 94,
        "FP": 12,
        "FN": 56,
        "f1": 0.5277777777777778
    },
    "boundary_strict": {
        "precision": 0.72,
        "recall": 0.3829787234042553,
        "num_correct": 36,
        "num_predicted": 50,
        "num_true": 94,
        "FP": 14,
        "FN": 58,
        "f1": 0.4999999999999999
    },
    "classification": {
        "TP": 19,
        "TN": 17,
        "FP": 2,
        "FN": 0,
        "spesificity": 0.8947368421052632,
        "fp_rate": 0.10526315789473684,
        "fn_rate": 0.0,
        "g_mean": 0.9459053029269173,
        "precision": 0.9047619047619048,
        "recall": 1.0,
        "f1": 0.95,
        "f1_abs": 0.5013888888888889,
        "accuracy": 0.9473684210526315,
        "support": 38
    },
    "f1_f1": 0.5142450142450141
}