{
    "boundary": {
        "precision": 0.6,
        "recall": 0.2857142857142857,
        "num_correct": 18,
        "num_predicted": 30,
        "num_true": 63,
        "FP": 12,
        "FN": 45,
        "f1": 0.3870967741935483
    },
    "classification": {
        "TP": 5.0,
        "TN": 12.0,
        "FP": 1.0,
        "FN": 0.0,
        "spesificity": 0.9230769230769231,
        "fp_rate": 0.07692307692307687,
        "fn_rate": 0.0,
        "g_mean": 0.9607689228305228,
        "precision": 0.8333333333333334,
        "recall": 1.0,
        "f1": 0.9090909090909091,
        "f1_abs": 0.35190615835777117,
        "accuracy": 0.9444444444444444,
        "support": 18
    },
    "f1_f1": 0.36866359447004604
}