{
    "boundary": {
        "precision": 0.9935897435897436,
        "recall": 0.9627329192546584,
        "num_correct": 310,
        "num_predicted": 312,
        "num_true": 322,
        "FP": 2,
        "FN": 12,
        "f1": 0.9779179810725552
    },
    "boundary_strict": {
        "precision": 0.9487179487179487,
        "recall": 0.9192546583850931,
        "num_correct": 296,
        "num_predicted": 312,
        "num_true": 322,
        "FP": 16,
        "FN": 26,
        "f1": 0.9337539432176656
    },
    "classification": {
        "TP": 196,
        "TN": 100,
        "FP": 8,
        "FN": 6,
        "spesificity": 0.9259259259259259,
        "fp_rate": 0.07407407407407407,
        "fn_rate": 0.02970297029702973,
        "g_mean": 0.9478518743194521,
        "precision": 0.9607843137254902,
        "recall": 0.9702970297029703,
        "f1": 0.9655172413793104,
        "f1_abs": 0.9441966713803982,
        "accuracy": 0.9548387096774194,
        "support": 310
    },
    "f1_f1": 0.9607615252642647
}