{
    "boundary": {
        "precision": 0.7058823529411765,
        "recall": 0.5217391304347826,
        "num_correct": 24,
        "num_predicted": 34,
        "num_true": 46,
        "FP": 10,
        "FN": 22,
        "f1": 0.6
    },
    "boundary_strict": {
        "precision": 0.6764705882352942,
        "recall": 0.5,
        "num_correct": 23,
        "num_predicted": 34,
        "num_true": 46,
        "FP": 11,
        "FN": 23,
        "f1": 0.5750000000000001
    },
    "classification": {
        "TP": 19,
        "TN": 4,
        "FP": 1,
        "FN": 0,
        "spesificity": 0.8,
        "fp_rate": 0.19999999999999996,
        "fn_rate": 0.0,
        "g_mean": 0.8944271909999159,
        "precision": 0.95,
        "recall": 1.0,
        "f1": 0.9743589743589743,
        "f1_abs": 0.5846153846153845,
        "accuracy": 0.9583333333333334,
        "support": 24
    },
    "f1_f1": 0.5922077922077922
}