{
    "boundary": {
        "precision": 0.8372093023255814,
        "recall": 0.6,
        "num_correct": 36,
        "num_predicted": 43,
        "num_true": 60,
        "FP": 7,
        "FN": 24,
        "f1": 0.6990291262135923
    },
    "boundary_strict": {
        "precision": 0.8372093023255814,
        "recall": 0.6,
        "num_correct": 36,
        "num_predicted": 43,
        "num_true": 60,
        "FP": 7,
        "FN": 24,
        "f1": 0.6990291262135923
    },
    "classification": {
        "TP": 20,
        "TN": 16,
        "FP": 0,
        "FN": 0,
        "spesificity": 1.0,
        "fp_rate": 0.0,
        "fn_rate": 0.0,
        "g_mean": 1.0,
        "precision": 1.0,
        "recall": 1.0,
        "f1": 1.0,
        "f1_abs": 0.6990291262135923,
        "accuracy": 1.0,
        "support": 36
    },
    "f1_f1": 0.6990291262135923
}