{
    "boundary": {
        "precision": 0.7948717948717948,
        "recall": 0.6739130434782609,
        "num_correct": 31,
        "num_predicted": 39,
        "num_true": 46,
        "FP": 8,
        "FN": 15,
        "f1": 0.7294117647058824
    },
    "boundary_strict": {
        "precision": 0.6923076923076923,
        "recall": 0.5869565217391305,
        "num_correct": 27,
        "num_predicted": 39,
        "num_true": 46,
        "FP": 12,
        "FN": 19,
        "f1": 0.6352941176470588
    },
    "classification": {
        "TP": 22,
        "TN": 5,
        "FP": 2,
        "FN": 2,
        "spesificity": 0.7142857142857143,
        "fp_rate": 0.2857142857142857,
        "fn_rate": 0.08333333333333337,
        "g_mean": 0.809173593712687,
        "precision": 0.9166666666666666,
        "recall": 0.9166666666666666,
        "f1": 0.9166666666666666,
        "f1_abs": 0.6686274509803922,
        "accuracy": 0.8709677419354839,
        "support": 31
    },
    "f1_f1": 0.6976982097186701
}