{
    "boundary": {
        "precision": 0.20833333333333334,
        "recall": 0.10869565217391304,
        "num_correct": 5,
        "num_predicted": 24,
        "num_true": 46,
        "FP": 19,
        "FN": 41,
        "f1": 0.14285714285714285
    },
    "boundary_strict": {
        "precision": 0.20833333333333334,
        "recall": 0.10869565217391304,
        "num_correct": 5,
        "num_predicted": 24,
        "num_true": 46,
        "FP": 19,
        "FN": 41,
        "f1": 0.14285714285714285
    },
    "classification": {
        "TP": 4,
        "TN": 1,
        "FP": 0,
        "FN": 0,
        "spesificity": 1.0,
        "fp_rate": 0.0,
        "fn_rate": 0.0,
        "g_mean": 1.0,
        "precision": 1.0,
        "recall": 1.0,
        "f1": 1.0,
        "f1_abs": 0.14285714285714285,
        "accuracy": 1.0,
        "support": 5
    },
    "f1_f1": 0.14285714285714285
}