{
    "boundary": {
        "precision": 0.14285714285714285,
        "recall": 0.06521739130434782,
        "num_correct": 3,
        "num_predicted": 21,
        "num_true": 46,
        "FP": 18,
        "FN": 43,
        "f1": 0.08955223880597013
    },
    "boundary_strict": {
        "precision": 0.14285714285714285,
        "recall": 0.06521739130434782,
        "num_correct": 3,
        "num_predicted": 21,
        "num_true": 46,
        "FP": 18,
        "FN": 43,
        "f1": 0.08955223880597013
    },
    "classification": {
        "TP": 2,
        "TN": 1,
        "FP": 0,
        "FN": 0,
        "spesificity": 1.0,
        "fp_rate": 0.0,
        "fn_rate": 0.0,
        "g_mean": 1.0,
        "precision": 1.0,
        "recall": 1.0,
        "f1": 1.0,
        "f1_abs": 0.08955223880597013,
        "accuracy": 1.0,
        "support": 3
    },
    "f1_f1": 0.08955223880597013
}