{
    "boundary": {
        "precision": 0.9166666666666666,
        "recall": 0.6875,
        "num_correct": 11,
        "num_predicted": 12,
        "num_true": 16,
        "FP": 1,
        "FN": 5,
        "f1": 0.7857142857142857
    },
    "boundary_strict": {
        "precision": 0.9166666666666666,
        "recall": 0.6875,
        "num_correct": 11,
        "num_predicted": 12,
        "num_true": 16,
        "FP": 1,
        "FN": 5,
        "f1": 0.7857142857142857
    },
    "classification": {
        "TP": 6,
        "TN": 5,
        "FP": 0,
        "FN": 0,
        "spesificity": 1.0,
        "fp_rate": 0.0,
        "fn_rate": 0.0,
        "g_mean": 1.0,
        "precision": 1.0,
        "recall": 1.0,
        "f1": 1.0,
        "f1_abs": 0.7857142857142857,
        "accuracy": 1.0,
        "support": 11
    },
    "f1_f1": 0.7857142857142857
}