{
    "boundary": {
        "precision": 0.9545454545454546,
        "recall": 0.9130434782608695,
        "num_correct": 42,
        "num_predicted": 44,
        "num_true": 46,
        "FP": 2,
        "FN": 4,
        "f1": 0.9333333333333332
    },
    "boundary_strict": {
        "precision": 0.8409090909090909,
        "recall": 0.8043478260869565,
        "num_correct": 37,
        "num_predicted": 44,
        "num_true": 46,
        "FP": 7,
        "FN": 9,
        "f1": 0.8222222222222223
    },
    "classification": {
        "TP": 32,
        "TN": 5,
        "FP": 4,
        "FN": 1,
        "spesificity": 0.5555555555555556,
        "fp_rate": 0.4444444444444444,
        "fn_rate": 0.030303030303030276,
        "g_mean": 0.7339758434175737,
        "precision": 0.8888888888888888,
        "recall": 0.9696969696969697,
        "f1": 0.927536231884058,
        "f1_abs": 0.8657004830917874,
        "accuracy": 0.8809523809523809,
        "support": 42
    },
    "f1_f1": 0.8982456140350876
}