{
    "boundary": {
        "precision": 0.9936102236421726,
        "recall": 0.9658385093167702,
        "num_correct": 311,
        "num_predicted": 313,
        "num_true": 322,
        "FP": 2,
        "FN": 11,
        "f1": 0.9795275590551181
    },
    "boundary_strict": {
        "precision": 0.9584664536741214,
        "recall": 0.9316770186335404,
        "num_correct": 300,
        "num_predicted": 313,
        "num_true": 322,
        "FP": 13,
        "FN": 22,
        "f1": 0.9448818897637795
    },
    "classification": {
        "TP": 199,
        "TN": 101,
        "FP": 7,
        "FN": 4,
        "spesificity": 0.9351851851851852,
        "fp_rate": 0.06481481481481477,
        "fn_rate": 0.019704433497536922,
        "g_mean": 0.9574747468710713,
        "precision": 0.9660194174757282,
        "recall": 0.9802955665024631,
        "f1": 0.9731051344743277,
        "f1_abs": 0.9531832970756406,
        "accuracy": 0.9646302250803859,
        "support": 311
    },
    "f1_f1": 0.9661758822898067
}