{
    "boundary": {
        "precision": 0.9836065573770492,
        "recall": 0.9523809523809523,
        "num_correct": 60,
        "num_predicted": 61,
        "num_true": 63,
        "FP": 1,
        "FN": 3,
        "f1": 0.9677419354838709
    },
    "classification": {
        "TP": 30.0,
        "TN": 25.0,
        "FP": 3.0,
        "FN": 2.0,
        "spesificity": 0.8928571428571429,
        "fp_rate": 0.1071428571428571,
        "fn_rate": 0.0625,
        "g_mean": 0.9149063183892499,
        "precision": 0.9090909090909091,
        "recall": 0.9375,
        "f1": 0.923076923076923,
        "f1_abs": 0.8933002481389577,
        "accuracy": 0.9166666666666666,
        "support": 60
    },
    "f1_f1": 0.929032258064516
}