{
    "boundary": {
        "precision": 0.9778481012658228,
        "recall": 0.9596273291925466,
        "num_correct": 309,
        "num_predicted": 316,
        "num_true": 322,
        "FP": 7,
        "FN": 13,
        "f1": 0.9686520376175548
    },
    "boundary_strict": {
        "precision": 0.9208860759493671,
        "recall": 0.9037267080745341,
        "num_correct": 291,
        "num_predicted": 316,
        "num_true": 322,
        "FP": 25,
        "FN": 31,
        "f1": 0.9122257053291537
    },
    "classification": {
        "TP": 193,
        "TN": 98,
        "FP": 10,
        "FN": 8,
        "spesificity": 0.9074074074074074,
        "fp_rate": 0.09259259259259256,
        "fn_rate": 0.03980099502487566,
        "g_mean": 0.9334300668500292,
        "precision": 0.9507389162561576,
        "recall": 0.9601990049751243,
        "f1": 0.9554455445544554,
        "f1_abs": 0.9254942735652875,
        "accuracy": 0.941747572815534,
        "support": 309
    },
    "f1_f1": 0.9465814848617118
}