{
    "boundary": {
        "precision": 0.4074074074074074,
        "recall": 0.2391304347826087,
        "num_correct": 11,
        "num_predicted": 27,
        "num_true": 46,
        "FP": 16,
        "FN": 35,
        "f1": 0.30136986301369867
    },
    "boundary_strict": {
        "precision": 0.4074074074074074,
        "recall": 0.2391304347826087,
        "num_correct": 11,
        "num_predicted": 27,
        "num_true": 46,
        "FP": 16,
        "FN": 35,
        "f1": 0.30136986301369867
    },
    "classification": {
        "TP": 10,
        "TN": 1,
        "FP": 0,
        "FN": 0,
        "spesificity": 1.0,
        "fp_rate": 0.0,
        "fn_rate": 0.0,
        "g_mean": 1.0,
        "precision": 1.0,
        "recall": 1.0,
        "f1": 1.0,
        "f1_abs": 0.30136986301369867,
        "accuracy": 1.0,
        "support": 11
    },
    "f1_f1": 0.30136986301369867
}