{
    "boundary": {
        "precision": 0.2608695652173913,
        "recall": 0.13043478260869565,
        "num_correct": 6,
        "num_predicted": 23,
        "num_true": 46,
        "FP": 17,
        "FN": 40,
        "f1": 0.1739130434782609
    },
    "boundary_strict": {
        "precision": 0.21739130434782608,
        "recall": 0.10869565217391304,
        "num_correct": 5,
        "num_predicted": 23,
        "num_true": 46,
        "FP": 18,
        "FN": 41,
        "f1": 0.14492753623188406
    },
    "classification": {
        "TP": 3,
        "TN": 2,
        "FP": 1,
        "FN": 0,
        "spesificity": 0.6666666666666666,
        "fp_rate": 0.33333333333333337,
        "fn_rate": 0.0,
        "g_mean": 0.816496580927726,
        "precision": 0.75,
        "recall": 1.0,
        "f1": 0.8571428571428571,
        "f1_abs": 0.14906832298136646,
        "accuracy": 0.8333333333333334,
        "support": 6
    },
    "f1_f1": 0.1605351170568562
}