{
    "boundary": {
        "precision": 0.9565217391304348,
        "recall": 0.9565217391304348,
        "num_correct": 44,
        "num_predicted": 46,
        "num_true": 46,
        "FP": 2,
        "FN": 2,
        "f1": 0.9565217391304348
    },
    "classification": {
        "TP": 40.0,
        "TN": 2.0,
        "FP": 1.0,
        "FN": 1.0,
        "spesificity": 0.6666666666666666,
        "fp_rate": 0.33333333333333337,
        "fn_rate": 0.024390243902439046,
        "g_mean": 0.8064778385455118,
        "precision": 0.975609756097561,
        "recall": 0.975609756097561,
        "f1": 0.975609756097561,
        "f1_abs": 0.9331919406150583,
        "accuracy": 0.9545454545454546,
        "support": 44
    },
    "f1_f1": 0.9447128287707997
}