{
    "boundary": {
        "precision": 0.7586206896551724,
        "recall": 0.6666666666666666,
        "num_correct": 22,
        "num_predicted": 29,
        "num_true": 33,
        "FP": 7,
        "FN": 11,
        "f1": 0.7096774193548386
    },
    "boundary_strict": {
        "precision": 0.6551724137931034,
        "recall": 0.5757575757575758,
        "num_correct": 19,
        "num_predicted": 29,
        "num_true": 33,
        "FP": 10,
        "FN": 14,
        "f1": 0.6129032258064515
    },
    "classification": {
        "TP": 10,
        "TN": 9,
        "FP": 3,
        "FN": 0,
        "spesificity": 0.75,
        "fp_rate": 0.25,
        "fn_rate": 0.0,
        "g_mean": 0.8660254037844386,
        "precision": 0.7692307692307693,
        "recall": 1.0,
        "f1": 0.8695652173913043,
        "f1_abs": 0.61711079943899,
        "accuracy": 0.8636363636363636,
        "support": 22
    },
    "f1_f1": 0.6601650412603149
}