{
    "boundary": {
        "precision": 0.8604651162790697,
        "recall": 0.7872340425531915,
        "num_correct": 74,
        "num_predicted": 86,
        "num_true": 94,
        "FP": 12,
        "FN": 20,
        "f1": 0.8222222222222222
    },
    "boundary_strict": {
        "precision": 0.8372093023255814,
        "recall": 0.7659574468085106,
        "num_correct": 72,
        "num_predicted": 86,
        "num_true": 94,
        "FP": 14,
        "FN": 22,
        "f1": 0.8
    },
    "classification": {
        "TP": 38,
        "TN": 34,
        "FP": 2,
        "FN": 0,
        "spesificity": 0.9444444444444444,
        "fp_rate": 0.05555555555555558,
        "fn_rate": 0.0,
        "g_mean": 0.97182531580755,
        "precision": 0.95,
        "recall": 1.0,
        "f1": 0.9743589743589743,
        "f1_abs": 0.8011396011396011,
        "accuracy": 0.972972972972973,
        "support": 74
    },
    "f1_f1": 0.8115440115440116
}