{
    "boundary": {
        "precision": 0.9811320754716981,
        "recall": 0.8666666666666667,
        "num_correct": 52,
        "num_predicted": 53,
        "num_true": 60,
        "FP": 1,
        "FN": 8,
        "f1": 0.9203539823008849
    },
    "boundary_strict": {
        "precision": 0.9433962264150944,
        "recall": 0.8333333333333334,
        "num_correct": 50,
        "num_predicted": 53,
        "num_true": 60,
        "FP": 3,
        "FN": 10,
        "f1": 0.8849557522123894
    },
    "classification": {
        "TP": 26,
        "TN": 24,
        "FP": 0,
        "FN": 2,
        "spesificity": 1.0,
        "fp_rate": 0.0,
        "fn_rate": 0.0714285714285714,
        "g_mean": 0.9636241116594315,
        "precision": 1.0,
        "recall": 0.9285714285714286,
        "f1": 0.9629629629629629,
        "f1_abs": 0.8862667977712225,
        "accuracy": 0.9615384615384616,
        "support": 52
    },
    "f1_f1": 0.9029888128235097
}