{
    "boundary": {
        "precision": 0.9534883720930233,
        "recall": 0.8913043478260869,
        "num_correct": 41,
        "num_predicted": 43,
        "num_true": 46,
        "FP": 2,
        "FN": 5,
        "f1": 0.9213483146067417
    },
    "boundary_strict": {
        "precision": 0.8837209302325582,
        "recall": 0.8260869565217391,
        "num_correct": 38,
        "num_predicted": 43,
        "num_true": 46,
        "FP": 5,
        "FN": 8,
        "f1": 0.853932584269663
    },
    "classification": {
        "TP": 31,
        "TN": 7,
        "FP": 1,
        "FN": 2,
        "spesificity": 0.875,
        "fp_rate": 0.125,
        "fn_rate": 0.06060606060606055,
        "g_mean": 0.9066254446957117,
        "precision": 0.96875,
        "recall": 0.9393939393939394,
        "f1": 0.9538461538461539,
        "f1_abs": 0.8788245462402767,
        "accuracy": 0.926829268292683,
        "support": 41
    },
    "f1_f1": 0.8995841811908345
}