{
    "boundary": {
        "precision": 0.978494623655914,
        "recall": 0.9680851063829787,
        "num_correct": 91,
        "num_predicted": 93,
        "num_true": 94,
        "FP": 2,
        "FN": 3,
        "f1": 0.9732620320855615
    },
    "boundary_strict": {
        "precision": 0.9032258064516129,
        "recall": 0.8936170212765957,
        "num_correct": 84,
        "num_predicted": 93,
        "num_true": 94,
        "FP": 9,
        "FN": 10,
        "f1": 0.8983957219251337
    },
    "classification": {
        "TP": 45,
        "TN": 39,
        "FP": 4,
        "FN": 3,
        "spesificity": 0.9069767441860465,
        "fp_rate": 0.09302325581395354,
        "fn_rate": 0.0625,
        "g_mean": 0.92211208520137,
        "precision": 0.9183673469387755,
        "recall": 0.9375,
        "f1": 0.9278350515463918,
        "f1_abs": 0.9030266277082529,
        "accuracy": 0.9230769230769231,
        "support": 91
    },
    "f1_f1": 0.9368297635048186
}