{
    "boundary": {
        "precision": 0.9069767441860465,
        "recall": 0.8478260869565217,
        "num_correct": 39,
        "num_predicted": 43,
        "num_true": 46,
        "FP": 4,
        "FN": 7,
        "f1": 0.8764044943820224
    },
    "boundary_strict": {
        "precision": 0.8372093023255814,
        "recall": 0.782608695652174,
        "num_correct": 36,
        "num_predicted": 43,
        "num_true": 46,
        "FP": 7,
        "FN": 10,
        "f1": 0.8089887640449438
    },
    "classification": {
        "TP": 29,
        "TN": 7,
        "FP": 3,
        "FN": 0,
        "spesificity": 0.7,
        "fp_rate": 0.30000000000000004,
        "fn_rate": 0.0,
        "g_mean": 0.8366600265340756,
        "precision": 0.90625,
        "recall": 1.0,
        "f1": 0.9508196721311475,
        "f1_abs": 0.8333026340025786,
        "accuracy": 0.9230769230769231,
        "support": 39
    },
    "f1_f1": 0.8543102634312151
}