{
    "boundary": {
        "precision": 0.978494623655914,
        "recall": 0.9680851063829787,
        "num_correct": 91,
        "num_predicted": 93,
        "num_true": 94,
        "FP": 2,
        "FN": 3,
        "f1": 0.9732620320855615
    },
    "boundary_strict": {
        "precision": 0.9354838709677419,
        "recall": 0.925531914893617,
        "num_correct": 87,
        "num_predicted": 93,
        "num_true": 94,
        "FP": 6,
        "FN": 7,
        "f1": 0.9304812834224598
    },
    "classification": {
        "TP": 46,
        "TN": 41,
        "FP": 2,
        "FN": 2,
        "spesificity": 0.9534883720930233,
        "fp_rate": 0.046511627906976716,
        "fn_rate": 0.04166666666666663,
        "g_mean": 0.9559077831686907,
        "precision": 0.9583333333333334,
        "recall": 0.9583333333333334,
        "f1": 0.9583333333333334,
        "f1_abs": 0.9327094474153298,
        "accuracy": 0.9560439560439561,
        "support": 91
    },
    "f1_f1": 0.9525543292752304
}