{
    "boundary": {
        "precision": 0.8208955223880597,
        "recall": 0.5851063829787234,
        "num_correct": 55,
        "num_predicted": 67,
        "num_true": 94,
        "FP": 12,
        "FN": 39,
        "f1": 0.6832298136645963
    },
    "boundary_strict": {
        "precision": 0.7910447761194029,
        "recall": 0.5638297872340425,
        "num_correct": 53,
        "num_predicted": 67,
        "num_true": 94,
        "FP": 14,
        "FN": 41,
        "f1": 0.6583850931677019
    },
    "classification": {
        "TP": 27,
        "TN": 26,
        "FP": 2,
        "FN": 0,
        "spesificity": 0.9285714285714286,
        "fp_rate": 0.0714285714285714,
        "fn_rate": 0.0,
        "g_mean": 0.9636241116594315,
        "precision": 0.9310344827586207,
        "recall": 1.0,
        "f1": 0.9642857142857143,
        "f1_abs": 0.6588287488908607,
        "accuracy": 0.9636363636363636,
        "support": 55
    },
    "f1_f1": 0.6708074534161491
}