{
    "boundary": {
        "precision": 0.8888888888888888,
        "recall": 0.5957446808510638,
        "num_correct": 56,
        "num_predicted": 63,
        "num_true": 94,
        "FP": 7,
        "FN": 38,
        "f1": 0.713375796178344
    },
    "boundary_strict": {
        "precision": 0.873015873015873,
        "recall": 0.5851063829787234,
        "num_correct": 55,
        "num_predicted": 63,
        "num_true": 94,
        "FP": 8,
        "FN": 39,
        "f1": 0.7006369426751593
    },
    "classification": {
        "TP": 28,
        "TN": 27,
        "FP": 1,
        "FN": 0,
        "spesificity": 0.9642857142857143,
        "fp_rate": 0.0357142857142857,
        "fn_rate": 0.0,
        "g_mean": 0.9819805060619657,
        "precision": 0.9655172413793104,
        "recall": 1.0,
        "f1": 0.9824561403508771,
        "f1_abs": 0.7008604313331098,
        "accuracy": 0.9821428571428571,
        "support": 56
    },
    "f1_f1": 0.7070627360351727
}