{
    "boundary": {
        "precision": 0.9333333333333333,
        "recall": 0.9130434782608695,
        "num_correct": 42,
        "num_predicted": 45,
        "num_true": 46,
        "FP": 3,
        "FN": 4,
        "f1": 0.9230769230769231
    },
    "boundary_strict": {
        "precision": 0.8888888888888888,
        "recall": 0.8695652173913043,
        "num_correct": 40,
        "num_predicted": 45,
        "num_true": 46,
        "FP": 5,
        "FN": 6,
        "f1": 0.8791208791208792
    },
    "classification": {
        "TP": 33,
        "TN": 7,
        "FP": 2,
        "FN": 0,
        "spesificity": 0.7777777777777778,
        "fp_rate": 0.2222222222222222,
        "fn_rate": 0.0,
        "g_mean": 0.8819171036881969,
        "precision": 0.9428571428571428,
        "recall": 1.0,
        "f1": 0.9705882352941176,
        "f1_abs": 0.8959276018099548,
        "accuracy": 0.9523809523809523,
        "support": 42
    },
    "f1_f1": 0.9092996555683123
}