{
    "boundary": {
        "precision": 0.9166666666666666,
        "recall": 0.717391304347826,
        "num_correct": 33,
        "num_predicted": 36,
        "num_true": 46,
        "FP": 3,
        "FN": 13,
        "f1": 0.8048780487804877
    },
    "boundary_strict": {
        "precision": 0.8611111111111112,
        "recall": 0.6739130434782609,
        "num_correct": 31,
        "num_predicted": 36,
        "num_true": 46,
        "FP": 5,
        "FN": 15,
        "f1": 0.7560975609756099
    },
    "classification": {
        "TP": 26,
        "TN": 5,
        "FP": 2,
        "FN": 0,
        "spesificity": 0.7142857142857143,
        "fp_rate": 0.2857142857142857,
        "fn_rate": 0.0,
        "g_mean": 0.8451542547285166,
        "precision": 0.9285714285714286,
        "recall": 1.0,
        "f1": 0.9629629629629629,
        "f1_abs": 0.7750677506775067,
        "accuracy": 0.9393939393939394,
        "support": 33
    },
    "f1_f1": 0.7896916705016105
}