{
    "boundary": {
        "precision": 0.9802631578947368,
        "recall": 0.9254658385093167,
        "num_correct": 298,
        "num_predicted": 304,
        "num_true": 322,
        "FP": 6,
        "FN": 24,
        "f1": 0.952076677316294
    },
    "boundary_strict": {
        "precision": 0.9342105263157895,
        "recall": 0.8819875776397516,
        "num_correct": 284,
        "num_predicted": 304,
        "num_true": 322,
        "FP": 20,
        "FN": 38,
        "f1": 0.9073482428115016
    },
    "classification": {
        "TP": 187,
        "TN": 97,
        "FP": 6,
        "FN": 8,
        "spesificity": 0.941747572815534,
        "fp_rate": 0.058252427184465994,
        "fn_rate": 0.04102564102564099,
        "g_mean": 0.9503219322716041,
        "precision": 0.9689119170984456,
        "recall": 0.958974358974359,
        "f1": 0.9639175257731959,
        "f1_abs": 0.9177233951450875,
        "accuracy": 0.9530201342281879,
        "support": 298
    },
    "f1_f1": 0.9345844548984092
}