{
    "boundary": {
        "precision": 0.8285714285714286,
        "recall": 0.48333333333333334,
        "num_correct": 29,
        "num_predicted": 35,
        "num_true": 60,
        "FP": 6,
        "FN": 31,
        "f1": 0.6105263157894737
    },
    "boundary_strict": {
        "precision": 0.8,
        "recall": 0.4666666666666667,
        "num_correct": 28,
        "num_predicted": 35,
        "num_true": 60,
        "FP": 7,
        "FN": 32,
        "f1": 0.5894736842105264
    },
    "classification": {
        "TP": 15,
        "TN": 13,
        "FP": 1,
        "FN": 0,
        "spesificity": 0.9285714285714286,
        "fp_rate": 0.0714285714285714,
        "fn_rate": 0.0,
        "g_mean": 0.9636241116594315,
        "precision": 0.9375,
        "recall": 1.0,
        "f1": 0.967741935483871,
        "f1_abs": 0.5908319185059423,
        "accuracy": 0.9655172413793104,
        "support": 29
    },
    "f1_f1": 0.6005176876617775
}