{
    "boundary": {
        "precision": 0.868421052631579,
        "recall": 0.717391304347826,
        "num_correct": 33,
        "num_predicted": 38,
        "num_true": 46,
        "FP": 5,
        "FN": 13,
        "f1": 0.7857142857142858
    },
    "boundary_strict": {
        "precision": 0.7894736842105263,
        "recall": 0.6521739130434783,
        "num_correct": 30,
        "num_predicted": 38,
        "num_true": 46,
        "FP": 8,
        "FN": 16,
        "f1": 0.7142857142857143
    },
    "classification": {
        "TP": 28,
        "TN": 2,
        "FP": 2,
        "FN": 1,
        "spesificity": 0.5,
        "fp_rate": 0.5,
        "fn_rate": 0.03448275862068961,
        "g_mean": 0.6948083337796512,
        "precision": 0.9333333333333333,
        "recall": 0.9655172413793104,
        "f1": 0.9491525423728814,
        "f1_abs": 0.7457627118644069,
        "accuracy": 0.9090909090909091,
        "support": 33
    },
    "f1_f1": 0.765217391304348
}