{
    "boundary": {
        "precision": 0.8125,
        "recall": 0.13829787234042554,
        "num_correct": 13,
        "num_predicted": 16,
        "num_true": 94,
        "FP": 3,
        "FN": 81,
        "f1": 0.23636363636363636
    },
    "boundary_strict": {
        "precision": 0.75,
        "recall": 0.1276595744680851,
        "num_correct": 12,
        "num_predicted": 16,
        "num_true": 94,
        "FP": 4,
        "FN": 82,
        "f1": 0.2181818181818182
    },
    "classification": {
        "TP": 11,
        "TN": 1,
        "FP": 1,
        "FN": 0,
        "spesificity": 0.5,
        "fp_rate": 0.5,
        "fn_rate": 0.0,
        "g_mean": 0.7071067811865476,
        "precision": 0.9166666666666666,
        "recall": 1.0,
        "f1": 0.9565217391304348,
        "f1_abs": 0.22608695652173913,
        "accuracy": 0.9230769230769231,
        "support": 13
    },
    "f1_f1": 0.2311111111111111
}