{
    "boundary": {
        "precision": 0.9841772151898734,
        "recall": 0.9658385093167702,
        "num_correct": 311,
        "num_predicted": 316,
        "num_true": 322,
        "FP": 5,
        "FN": 11,
        "f1": 0.974921630094044
    },
    "boundary_strict": {
        "precision": 0.9430379746835443,
        "recall": 0.9254658385093167,
        "num_correct": 298,
        "num_predicted": 316,
        "num_true": 322,
        "FP": 18,
        "FN": 24,
        "f1": 0.9341692789968652
    },
    "classification": {
        "TP": 199,
        "TN": 99,
        "FP": 11,
        "FN": 2,
        "spesificity": 0.9,
        "fp_rate": 0.09999999999999998,
        "fn_rate": 0.00995024875621886,
        "g_mean": 0.9439516810300213,
        "precision": 0.9476190476190476,
        "recall": 0.9900497512437811,
        "f1": 0.9683698296836983,
        "f1_abs": 0.9440846928891229,
        "accuracy": 0.9581993569131833,
        "support": 311
    },
    "f1_f1": 0.9592553987081076
}