{
    "boundary": {
        "precision": 0.967032967032967,
        "recall": 0.9361702127659575,
        "num_correct": 88,
        "num_predicted": 91,
        "num_true": 94,
        "FP": 3,
        "FN": 6,
        "f1": 0.9513513513513513
    },
    "boundary_strict": {
        "precision": 0.945054945054945,
        "recall": 0.9148936170212766,
        "num_correct": 86,
        "num_predicted": 91,
        "num_true": 94,
        "FP": 5,
        "FN": 8,
        "f1": 0.9297297297297297
    },
    "classification": {
        "TP": 45,
        "TN": 41,
        "FP": 2,
        "FN": 0,
        "spesificity": 0.9534883720930233,
        "fp_rate": 0.046511627906976716,
        "fn_rate": 0.0,
        "g_mean": 0.9764672918705589,
        "precision": 0.9574468085106383,
        "recall": 1.0,
        "f1": 0.9782608695652174,
        "f1_abs": 0.9306698002350176,
        "accuracy": 0.9772727272727273,
        "support": 88
    },
    "f1_f1": 0.9408969408969409
}