{
    "boundary": {
        "precision": 0.8,
        "recall": 0.5957446808510638,
        "num_correct": 56,
        "num_predicted": 70,
        "num_true": 94,
        "FP": 14,
        "FN": 38,
        "f1": 0.6829268292682927
    },
    "boundary_strict": {
        "precision": 0.8,
        "recall": 0.5957446808510638,
        "num_correct": 56,
        "num_predicted": 70,
        "num_true": 94,
        "FP": 14,
        "FN": 38,
        "f1": 0.6829268292682927
    },
    "classification": {
        "TP": 29,
        "TN": 27,
        "FP": 0,
        "FN": 0,
        "spesificity": 1.0,
        "fp_rate": 0.0,
        "fn_rate": 0.0,
        "g_mean": 1.0,
        "precision": 1.0,
        "recall": 1.0,
        "f1": 1.0,
        "f1_abs": 0.6829268292682927,
        "accuracy": 1.0,
        "support": 56
    },
    "f1_f1": 0.6829268292682927
}