{
    "boundary": {
        "precision": 0.9811320754716981,
        "recall": 0.968944099378882,
        "num_correct": 312,
        "num_predicted": 318,
        "num_true": 322,
        "FP": 6,
        "FN": 10,
        "f1": 0.975
    },
    "boundary_strict": {
        "precision": 0.9150943396226415,
        "recall": 0.9037267080745341,
        "num_correct": 291,
        "num_predicted": 318,
        "num_true": 322,
        "FP": 27,
        "FN": 31,
        "f1": 0.9093749999999999
    },
    "classification": {
        "TP": 191,
        "TN": 100,
        "FP": 10,
        "FN": 11,
        "spesificity": 0.9090909090909091,
        "fp_rate": 0.09090909090909094,
        "fn_rate": 0.054455445544554504,
        "g_mean": 0.9271385865100532,
        "precision": 0.9502487562189055,
        "recall": 0.9455445544554455,
        "f1": 0.9478908188585607,
        "f1_abs": 0.9241935483870967,
        "accuracy": 0.9326923076923077,
        "support": 312
    },
    "f1_f1": 0.9489171974522294
}