{
    "boundary": {
        "precision": 0.8,
        "recall": 0.6086956521739131,
        "num_correct": 28,
        "num_predicted": 35,
        "num_true": 46,
        "FP": 7,
        "FN": 18,
        "f1": 0.6913580246913581
    },
    "boundary_strict": {
        "precision": 0.7142857142857143,
        "recall": 0.5434782608695652,
        "num_correct": 25,
        "num_predicted": 35,
        "num_true": 46,
        "FP": 10,
        "FN": 21,
        "f1": 0.617283950617284
    },
    "classification": {
        "TP": 21,
        "TN": 4,
        "FP": 3,
        "FN": 0,
        "spesificity": 0.5714285714285714,
        "fp_rate": 0.4285714285714286,
        "fn_rate": 0.0,
        "g_mean": 0.7559289460184544,
        "precision": 0.875,
        "recall": 1.0,
        "f1": 0.9333333333333333,
        "f1_abs": 0.6452674897119343,
        "accuracy": 0.8928571428571429,
        "support": 28
    },
    "f1_f1": 0.6675180928054492
}