{
    "boundary": {
        "precision": 0.9885057471264368,
        "recall": 0.9148936170212766,
        "num_correct": 86,
        "num_predicted": 87,
        "num_true": 94,
        "FP": 1,
        "FN": 8,
        "f1": 0.9502762430939227
    },
    "boundary_strict": {
        "precision": 0.9655172413793104,
        "recall": 0.8936170212765957,
        "num_correct": 84,
        "num_predicted": 87,
        "num_true": 94,
        "FP": 3,
        "FN": 10,
        "f1": 0.9281767955801106
    },
    "classification": {
        "TP": 43,
        "TN": 41,
        "FP": 1,
        "FN": 1,
        "spesificity": 0.9761904761904762,
        "fp_rate": 0.023809523809523836,
        "fn_rate": 0.022727272727272707,
        "g_mean": 0.9767314518353184,
        "precision": 0.9772727272727273,
        "recall": 0.9772727272727273,
        "f1": 0.9772727272727273,
        "f1_abs": 0.928679055750879,
        "accuracy": 0.9767441860465116,
        "support": 86
    },
    "f1_f1": 0.9393535276560614
}