{
    "boundary": {
        "precision": 0.9893617021276596,
        "recall": 0.9893617021276596,
        "num_correct": 93,
        "num_predicted": 94,
        "num_true": 94,
        "FP": 1,
        "FN": 1,
        "f1": 0.9893617021276596
    },
    "boundary_strict": {
        "precision": 0.9361702127659575,
        "recall": 0.9361702127659575,
        "num_correct": 88,
        "num_predicted": 94,
        "num_true": 94,
        "FP": 6,
        "FN": 6,
        "f1": 0.9361702127659575
    },
    "classification": {
        "TP": 47,
        "TN": 41,
        "FP": 4,
        "FN": 1,
        "spesificity": 0.9111111111111111,
        "fp_rate": 0.0888888888888889,
        "fn_rate": 0.02083333333333337,
        "g_mean": 0.9445261402574465,
        "precision": 0.9215686274509803,
        "recall": 0.9791666666666666,
        "f1": 0.9494949494949494,
        "f1_abs": 0.9393939393939393,
        "accuracy": 0.946236559139785,
        "support": 93
    },
    "f1_f1": 0.9637305699481866
}