{
    "boundary": {
        "precision": 1.0,
        "recall": 0.9393939393939394,
        "num_correct": 31,
        "num_predicted": 31,
        "num_true": 33,
        "FP": 0,
        "FN": 2,
        "f1": 0.96875
    },
    "boundary_strict": {
        "precision": 0.967741935483871,
        "recall": 0.9090909090909091,
        "num_correct": 30,
        "num_predicted": 31,
        "num_true": 33,
        "FP": 1,
        "FN": 3,
        "f1": 0.9374999999999999
    },
    "classification": {
        "TP": 13,
        "TN": 17,
        "FP": 0,
        "FN": 1,
        "spesificity": 1.0,
        "fp_rate": 0.0,
        "fn_rate": 0.0714285714285714,
        "g_mean": 0.9636241116594315,
        "precision": 1.0,
        "recall": 0.9285714285714286,
        "f1": 0.962962962962963,
        "f1_abs": 0.9328703703703705,
        "accuracy": 0.967741935483871,
        "support": 31
    },
    "f1_f1": 0.9504716981132076
}