{
    "boundary": {
        "precision": 0.7142857142857143,
        "recall": 0.16666666666666666,
        "num_correct": 10,
        "num_predicted": 14,
        "num_true": 60,
        "FP": 4,
        "FN": 50,
        "f1": 0.2702702702702703
    },
    "boundary_strict": {
        "precision": 0.6428571428571429,
        "recall": 0.15,
        "num_correct": 9,
        "num_predicted": 14,
        "num_true": 60,
        "FP": 5,
        "FN": 51,
        "f1": 0.24324324324324323
    },
    "classification": {
        "TP": 2,
        "TN": 7,
        "FP": 1,
        "FN": 0,
        "spesificity": 0.875,
        "fp_rate": 0.125,
        "fn_rate": 0.0,
        "g_mean": 0.9354143466934853,
        "precision": 0.6666666666666666,
        "recall": 1.0,
        "f1": 0.8,
        "f1_abs": 0.21621621621621623,
        "accuracy": 0.9,
        "support": 10
    },
    "f1_f1": 0.24024024024024027
}