{
    "boundary": {
        "precision": 0.9869706840390879,
        "recall": 0.9409937888198758,
        "num_correct": 303,
        "num_predicted": 307,
        "num_true": 322,
        "FP": 4,
        "FN": 19,
        "f1": 0.9634340222575517
    },
    "boundary_strict": {
        "precision": 0.9478827361563518,
        "recall": 0.9037267080745341,
        "num_correct": 291,
        "num_predicted": 307,
        "num_true": 322,
        "FP": 16,
        "FN": 31,
        "f1": 0.9252782193958664
    },
    "classification": {
        "TP": 194,
        "TN": 97,
        "FP": 7,
        "FN": 5,
        "spesificity": 0.9326923076923077,
        "fp_rate": 0.06730769230769229,
        "fn_rate": 0.025125628140703515,
        "g_mean": 0.9535501180323644,
        "precision": 0.9651741293532339,
        "recall": 0.9748743718592965,
        "f1": 0.97,
        "f1_abs": 0.9345310015898252,
        "accuracy": 0.9603960396039604,
        "support": 303
    },
    "f1_f1": 0.948762438162259
}