{
    "boundary": {
        "precision": 0.9900662251655629,
        "recall": 0.9285714285714286,
        "num_correct": 299,
        "num_predicted": 302,
        "num_true": 322,
        "FP": 3,
        "FN": 23,
        "f1": 0.9583333333333333
    },
    "boundary_strict": {
        "precision": 0.956953642384106,
        "recall": 0.8975155279503105,
        "num_correct": 289,
        "num_predicted": 302,
        "num_true": 322,
        "FP": 13,
        "FN": 33,
        "f1": 0.9262820512820512
    },
    "classification": {
        "TP": 187,
        "TN": 102,
        "FP": 4,
        "FN": 6,
        "spesificity": 0.9622641509433962,
        "fp_rate": 0.037735849056603765,
        "fn_rate": 0.031088082901554404,
        "g_mean": 0.9655823130348204,
        "precision": 0.9790575916230366,
        "recall": 0.9689119170984456,
        "f1": 0.9739583333333334,
        "f1_abs": 0.933376736111111,
        "accuracy": 0.9665551839464883,
        "support": 299
    },
    "f1_f1": 0.9456904133685137
}