{
    "boundary": {
        "precision": 0.2857142857142857,
        "recall": 0.06666666666666667,
        "num_correct": 4,
        "num_predicted": 14,
        "num_true": 60,
        "FP": 10,
        "FN": 56,
        "f1": 0.10810810810810811
    },
    "boundary_strict": {
        "precision": 0.2857142857142857,
        "recall": 0.06666666666666667,
        "num_correct": 4,
        "num_predicted": 14,
        "num_true": 60,
        "FP": 10,
        "FN": 56,
        "f1": 0.10810810810810811
    },
    "classification": {
        "TP": 0,
        "TN": 4,
        "FP": 0,
        "FN": 0,
        "spesificity": 1.0,
        "fp_rate": 0.0,
        "fn_rate": 1.0,
        "g_mean": 0.0,
        "precision": 0.0,
        "recall": 0.0,
        "f1": 0.0,
        "f1_abs": 0.0,
        "accuracy": 1.0,
        "support": 4
    },
    "f1_f1": 0.0
}