{
    "boundary": {
        "precision": 0.8387096774193549,
        "recall": 0.7878787878787878,
        "num_correct": 26,
        "num_predicted": 31,
        "num_true": 33,
        "FP": 5,
        "FN": 7,
        "f1": 0.8125
    },
    "boundary_strict": {
        "precision": 0.7096774193548387,
        "recall": 0.6666666666666666,
        "num_correct": 22,
        "num_predicted": 31,
        "num_true": 33,
        "FP": 9,
        "FN": 11,
        "f1": 0.6875
    },
    "classification": {
        "TP": 11,
        "TN": 11,
        "FP": 3,
        "FN": 1,
        "spesificity": 0.7857142857142857,
        "fp_rate": 0.2142857142857143,
        "fn_rate": 0.08333333333333337,
        "g_mean": 0.8486684247915055,
        "precision": 0.7857142857142857,
        "recall": 0.9166666666666666,
        "f1": 0.8461538461538461,
        "f1_abs": 0.6875,
        "accuracy": 0.8461538461538461,
        "support": 26
    },
    "f1_f1": 0.7447916666666666
}