{
    "boundary": {
        "precision": 0.9651162790697675,
        "recall": 0.8829787234042553,
        "num_correct": 83,
        "num_predicted": 86,
        "num_true": 94,
        "FP": 3,
        "FN": 11,
        "f1": 0.9222222222222223
    },
    "boundary_strict": {
        "precision": 0.9418604651162791,
        "recall": 0.8617021276595744,
        "num_correct": 81,
        "num_predicted": 86,
        "num_true": 94,
        "FP": 5,
        "FN": 13,
        "f1": 0.8999999999999999
    },
    "classification": {
        "TP": 40,
        "TN": 41,
        "FP": 2,
        "FN": 0,
        "spesificity": 0.9534883720930233,
        "fp_rate": 0.046511627906976716,
        "fn_rate": 0.0,
        "g_mean": 0.9764672918705589,
        "precision": 0.9523809523809523,
        "recall": 1.0,
        "f1": 0.975609756097561,
        "f1_abs": 0.8997289972899729,
        "accuracy": 0.9759036144578314,
        "support": 83
    },
    "f1_f1": 0.9108367626886146
}