{
    "boundary": {
        "precision": 0.9891304347826086,
        "recall": 0.9680851063829787,
        "num_correct": 91,
        "num_predicted": 92,
        "num_true": 94,
        "FP": 1,
        "FN": 3,
        "f1": 0.9784946236559139
    },
    "boundary_strict": {
        "precision": 0.9347826086956522,
        "recall": 0.9148936170212766,
        "num_correct": 86,
        "num_predicted": 92,
        "num_true": 94,
        "FP": 6,
        "FN": 8,
        "f1": 0.924731182795699
    },
    "classification": {
        "TP": 45,
        "TN": 41,
        "FP": 4,
        "FN": 1,
        "spesificity": 0.9111111111111111,
        "fp_rate": 0.0888888888888889,
        "fn_rate": 0.021739130434782594,
        "g_mean": 0.9440891630699332,
        "precision": 0.9183673469387755,
        "recall": 0.9782608695652174,
        "f1": 0.9473684210526315,
        "f1_abs": 0.9269949066213921,
        "accuracy": 0.945054945054945,
        "support": 91
    },
    "f1_f1": 0.9520488230165649
}