{
    "boundary": {
        "precision": 0.9555555555555556,
        "recall": 0.9347826086956522,
        "num_correct": 43,
        "num_predicted": 45,
        "num_true": 46,
        "FP": 2,
        "FN": 3,
        "f1": 0.945054945054945
    },
    "boundary_strict": {
        "precision": 0.8,
        "recall": 0.782608695652174,
        "num_correct": 36,
        "num_predicted": 45,
        "num_true": 46,
        "FP": 9,
        "FN": 10,
        "f1": 0.7912087912087912
    },
    "classification": {
        "TP": 33,
        "TN": 3,
        "FP": 5,
        "FN": 2,
        "spesificity": 0.375,
        "fp_rate": 0.625,
        "fn_rate": 0.05714285714285716,
        "g_mean": 0.5946187253790689,
        "precision": 0.868421052631579,
        "recall": 0.9428571428571428,
        "f1": 0.904109589041096,
        "f1_abs": 0.8544332379948819,
        "accuracy": 0.8372093023255814,
        "support": 43
    },
    "f1_f1": 0.8974622499802356
}