{
    "boundary": {
        "precision": 0.9545454545454546,
        "recall": 0.9130434782608695,
        "num_correct": 42,
        "num_predicted": 44,
        "num_true": 46,
        "FP": 2,
        "FN": 4,
        "f1": 0.9333333333333332
    },
    "boundary_strict": {
        "precision": 0.8409090909090909,
        "recall": 0.8043478260869565,
        "num_correct": 37,
        "num_predicted": 44,
        "num_true": 46,
        "FP": 7,
        "FN": 9,
        "f1": 0.8222222222222223
    },
    "classification": {
        "TP": 32,
        "TN": 5,
        "FP": 3,
        "FN": 2,
        "spesificity": 0.625,
        "fp_rate": 0.375,
        "fn_rate": 0.05882352941176472,
        "g_mean": 0.7669649888473704,
        "precision": 0.9142857142857143,
        "recall": 0.9411764705882353,
        "f1": 0.927536231884058,
        "f1_abs": 0.8657004830917874,
        "accuracy": 0.8809523809523809,
        "support": 42
    },
    "f1_f1": 0.8982456140350876
}