{
    "boundary": {
        "precision": 0.44,
        "recall": 0.2391304347826087,
        "num_correct": 11,
        "num_predicted": 25,
        "num_true": 46,
        "FP": 14,
        "FN": 35,
        "f1": 0.3098591549295775
    },
    "boundary_strict": {
        "precision": 0.4,
        "recall": 0.21739130434782608,
        "num_correct": 10,
        "num_predicted": 25,
        "num_true": 46,
        "FP": 15,
        "FN": 36,
        "f1": 0.28169014084507044
    },
    "classification": {
        "TP": 9,
        "TN": 1,
        "FP": 1,
        "FN": 0,
        "spesificity": 0.5,
        "fp_rate": 0.5,
        "fn_rate": 0.0,
        "g_mean": 0.7071067811865476,
        "precision": 0.9,
        "recall": 1.0,
        "f1": 0.9473684210526315,
        "f1_abs": 0.2935507783543366,
        "accuracy": 0.9090909090909091,
        "support": 11
    },
    "f1_f1": 0.30148458317472404
}