{
    "boundary": {
        "precision": 0.9423076923076923,
        "recall": 0.8166666666666667,
        "num_correct": 49,
        "num_predicted": 52,
        "num_true": 60,
        "FP": 3,
        "FN": 11,
        "f1": 0.8749999999999999
    },
    "boundary_strict": {
        "precision": 0.9038461538461539,
        "recall": 0.7833333333333333,
        "num_correct": 47,
        "num_predicted": 52,
        "num_true": 60,
        "FP": 5,
        "FN": 13,
        "f1": 0.8392857142857143
    },
    "classification": {
        "TP": 26,
        "TN": 21,
        "FP": 0,
        "FN": 2,
        "spesificity": 1.0,
        "fp_rate": 0.0,
        "fn_rate": 0.0714285714285714,
        "g_mean": 0.9636241116594315,
        "precision": 1.0,
        "recall": 0.9285714285714286,
        "f1": 0.9629629629629629,
        "f1_abs": 0.8425925925925924,
        "accuracy": 0.9591836734693877,
        "support": 49
    },
    "f1_f1": 0.8584905660377357
}