{
    "boundary": {
        "precision": 0.8222222222222222,
        "recall": 0.8043478260869565,
        "num_correct": 37,
        "num_predicted": 45,
        "num_true": 46,
        "FP": 8,
        "FN": 9,
        "f1": 0.8131868131868132
    },
    "boundary_strict": {
        "precision": 0.7333333333333333,
        "recall": 0.717391304347826,
        "num_correct": 33,
        "num_predicted": 45,
        "num_true": 46,
        "FP": 12,
        "FN": 13,
        "f1": 0.7252747252747253
    },
    "classification": {
        "TP": 26,
        "TN": 7,
        "FP": 1,
        "FN": 3,
        "spesificity": 0.875,
        "fp_rate": 0.125,
        "fn_rate": 0.10344827586206895,
        "g_mean": 0.8857103130373326,
        "precision": 0.9629629629629629,
        "recall": 0.896551724137931,
        "f1": 0.9285714285714286,
        "f1_abs": 0.7551020408163266,
        "accuracy": 0.8918918918918919,
        "support": 37
    },
    "f1_f1": 0.7830687830687831
}