{
    "boundary": {
        "precision": 0.9827586206896551,
        "recall": 0.95,
        "num_correct": 57,
        "num_predicted": 58,
        "num_true": 60,
        "FP": 1,
        "FN": 3,
        "f1": 0.9661016949152542
    },
    "boundary_strict": {
        "precision": 0.9827586206896551,
        "recall": 0.95,
        "num_correct": 57,
        "num_predicted": 58,
        "num_true": 60,
        "FP": 1,
        "FN": 3,
        "f1": 0.9661016949152542
    },
    "classification": {
        "TP": 33,
        "TN": 24,
        "FP": 0,
        "FN": 0,
        "spesificity": 1.0,
        "fp_rate": 0.0,
        "fn_rate": 0.0,
        "g_mean": 1.0,
        "precision": 1.0,
        "recall": 1.0,
        "f1": 1.0,
        "f1_abs": 0.9661016949152542,
        "accuracy": 1.0,
        "support": 57
    },
    "f1_f1": 0.9661016949152542
}