{
    "boundary": {
        "precision": 0.8372093023255814,
        "recall": 0.782608695652174,
        "num_correct": 36,
        "num_predicted": 43,
        "num_true": 46,
        "FP": 7,
        "FN": 10,
        "f1": 0.8089887640449438
    },
    "boundary_strict": {
        "precision": 0.6744186046511628,
        "recall": 0.6304347826086957,
        "num_correct": 29,
        "num_predicted": 43,
        "num_true": 46,
        "FP": 14,
        "FN": 17,
        "f1": 0.651685393258427
    },
    "classification": {
        "TP": 26,
        "TN": 3,
        "FP": 7,
        "FN": 0,
        "spesificity": 0.3,
        "fp_rate": 0.7,
        "fn_rate": 0.0,
        "g_mean": 0.5477225575051661,
        "precision": 0.7878787878787878,
        "recall": 1.0,
        "f1": 0.8813559322033898,
        "f1_abs": 0.7130070462768996,
        "accuracy": 0.8055555555555556,
        "support": 36
    },
    "f1_f1": 0.7579714546006681
}