{
    "boundary": {
        "precision": 0.7058823529411765,
        "recall": 0.5217391304347826,
        "num_correct": 24,
        "num_predicted": 34,
        "num_true": 46,
        "FP": 10,
        "FN": 22,
        "f1": 0.6
    },
    "boundary_strict": {
        "precision": 0.6764705882352942,
        "recall": 0.5,
        "num_correct": 23,
        "num_predicted": 34,
        "num_true": 46,
        "FP": 11,
        "FN": 23,
        "f1": 0.5750000000000001
    },
    "classification": {
        "TP": 21,
        "TN": 2,
        "FP": 0,
        "FN": 1,
        "spesificity": 1.0,
        "fp_rate": 0.0,
        "fn_rate": 0.045454545454545414,
        "g_mean": 0.9770084209183945,
        "precision": 1.0,
        "recall": 0.9545454545454546,
        "f1": 0.9767441860465116,
        "f1_abs": 0.5860465116279069,
        "accuracy": 0.9583333333333334,
        "support": 24
    },
    "f1_f1": 0.5929411764705882
}