{
    "boundary": {
        "precision": 0.9706840390879479,
        "recall": 0.9254658385093167,
        "num_correct": 298,
        "num_predicted": 307,
        "num_true": 322,
        "FP": 9,
        "FN": 24,
        "f1": 0.9475357710651828
    },
    "boundary_strict": {
        "precision": 0.9446254071661238,
        "recall": 0.9006211180124224,
        "num_correct": 290,
        "num_predicted": 307,
        "num_true": 322,
        "FP": 17,
        "FN": 32,
        "f1": 0.9220985691573926
    },
    "classification": {
        "TP": 192,
        "TN": 98,
        "FP": 6,
        "FN": 2,
        "spesificity": 0.9423076923076923,
        "fp_rate": 0.05769230769230771,
        "fn_rate": 0.010309278350515427,
        "g_mean": 0.9657086413695698,
        "precision": 0.9696969696969697,
        "recall": 0.9896907216494846,
        "f1": 0.9795918367346939,
        "f1_abs": 0.9281983063495668,
        "accuracy": 0.9731543624161074,
        "support": 298
    },
    "f1_f1": 0.9377673610542014
}