{
    "boundary": {
        "precision": 0.75,
        "recall": 0.3,
        "num_correct": 18,
        "num_predicted": 24,
        "num_true": 60,
        "FP": 6,
        "FN": 42,
        "f1": 0.4285714285714285
    },
    "boundary_strict": {
        "precision": 0.75,
        "recall": 0.3,
        "num_correct": 18,
        "num_predicted": 24,
        "num_true": 60,
        "FP": 6,
        "FN": 42,
        "f1": 0.4285714285714285
    },
    "classification": {
        "TP": 10,
        "TN": 8,
        "FP": 0,
        "FN": 0,
        "spesificity": 1.0,
        "fp_rate": 0.0,
        "fn_rate": 0.0,
        "g_mean": 1.0,
        "precision": 1.0,
        "recall": 1.0,
        "f1": 1.0,
        "f1_abs": 0.4285714285714285,
        "accuracy": 1.0,
        "support": 18
    },
    "f1_f1": 0.4285714285714285
}