{
    "boundary": {
        "precision": 0.864406779661017,
        "recall": 0.5425531914893617,
        "num_correct": 51,
        "num_predicted": 59,
        "num_true": 94,
        "FP": 8,
        "FN": 43,
        "f1": 0.6666666666666666
    },
    "boundary_strict": {
        "precision": 0.7796610169491526,
        "recall": 0.48936170212765956,
        "num_correct": 46,
        "num_predicted": 59,
        "num_true": 94,
        "FP": 13,
        "FN": 48,
        "f1": 0.6013071895424836
    },
    "classification": {
        "TP": 27,
        "TN": 19,
        "FP": 5,
        "FN": 0,
        "spesificity": 0.7916666666666666,
        "fp_rate": 0.20833333333333337,
        "fn_rate": 0.0,
        "g_mean": 0.8897565210026093,
        "precision": 0.84375,
        "recall": 1.0,
        "f1": 0.9152542372881356,
        "f1_abs": 0.6101694915254237,
        "accuracy": 0.9019607843137255,
        "support": 51
    },
    "f1_f1": 0.6371681415929202
}