{
    "boundary": {
        "precision": 0.9782608695652174,
        "recall": 0.9782608695652174,
        "num_correct": 45,
        "num_predicted": 46,
        "num_true": 46,
        "FP": 1,
        "FN": 1,
        "f1": 0.9782608695652174
    },
    "boundary_strict": {
        "precision": 0.9565217391304348,
        "recall": 0.9565217391304348,
        "num_correct": 44,
        "num_predicted": 46,
        "num_true": 46,
        "FP": 2,
        "FN": 2,
        "f1": 0.9565217391304348
    },
    "classification": {
        "TP": 35,
        "TN": 9,
        "FP": 0,
        "FN": 1,
        "spesificity": 1.0,
        "fp_rate": 0.0,
        "fn_rate": 0.02777777777777779,
        "g_mean": 0.9860132971832694,
        "precision": 1.0,
        "recall": 0.9722222222222222,
        "f1": 0.9859154929577464,
        "f1_abs": 0.9644825474586649,
        "accuracy": 0.9777777777777777,
        "support": 45
    },
    "f1_f1": 0.971322849213691
}