{
    "boundary": {
        "precision": 0.21739130434782608,
        "recall": 0.10869565217391304,
        "num_correct": 5,
        "num_predicted": 23,
        "num_true": 46,
        "FP": 18,
        "FN": 41,
        "f1": 0.14492753623188406
    },
    "classification": {
        "TP": 3.0,
        "TN": 1.0,
        "FP": 1.0,
        "FN": 0.0,
        "spesificity": 0.5,
        "fp_rate": 0.5,
        "fn_rate": 0.0,
        "g_mean": 0.7071067811865476,
        "precision": 0.75,
        "recall": 1.0,
        "f1": 0.8571428571428571,
        "f1_abs": 0.12422360248447205,
        "accuracy": 0.8,
        "support": 5
    },
    "f1_f1": 0.13377926421404682
}