{
    "boundary": {
        "precision": 0.4666666666666667,
        "recall": 0.21212121212121213,
        "num_correct": 7,
        "num_predicted": 15,
        "num_true": 33,
        "FP": 8,
        "FN": 26,
        "f1": 0.29166666666666663
    },
    "boundary_strict": {
        "precision": 0.4666666666666667,
        "recall": 0.21212121212121213,
        "num_correct": 7,
        "num_predicted": 15,
        "num_true": 33,
        "FP": 8,
        "FN": 26,
        "f1": 0.29166666666666663
    },
    "classification": {
        "TP": 5,
        "TN": 2,
        "FP": 0,
        "FN": 0,
        "spesificity": 1.0,
        "fp_rate": 0.0,
        "fn_rate": 0.0,
        "g_mean": 1.0,
        "precision": 1.0,
        "recall": 1.0,
        "f1": 1.0,
        "f1_abs": 0.29166666666666663,
        "accuracy": 1.0,
        "support": 7
    },
    "f1_f1": 0.29166666666666663
}