{
    "boundary": {
        "precision": 0.9647058823529412,
        "recall": 0.8723404255319149,
        "num_correct": 82,
        "num_predicted": 85,
        "num_true": 94,
        "FP": 3,
        "FN": 12,
        "f1": 0.9162011173184357
    },
    "boundary_strict": {
        "precision": 0.9294117647058824,
        "recall": 0.8404255319148937,
        "num_correct": 79,
        "num_predicted": 85,
        "num_true": 94,
        "FP": 6,
        "FN": 15,
        "f1": 0.8826815642458101
    },
    "classification": {
        "TP": 38,
        "TN": 41,
        "FP": 3,
        "FN": 0,
        "spesificity": 0.9318181818181818,
        "fp_rate": 0.06818181818181823,
        "fn_rate": 0.0,
        "g_mean": 0.9653072991634227,
        "precision": 0.926829268292683,
        "recall": 1.0,
        "f1": 0.9620253164556962,
        "f1_abs": 0.8814086698253305,
        "accuracy": 0.9634146341463414,
        "support": 82
    },
    "f1_f1": 0.8984681924671111
}