{
    "boundary": {
        "precision": 0.8235294117647058,
        "recall": 0.6086956521739131,
        "num_correct": 28,
        "num_predicted": 34,
        "num_true": 46,
        "FP": 6,
        "FN": 18,
        "f1": 0.7
    },
    "boundary_strict": {
        "precision": 0.7941176470588235,
        "recall": 0.5869565217391305,
        "num_correct": 27,
        "num_predicted": 34,
        "num_true": 46,
        "FP": 7,
        "FN": 19,
        "f1": 0.675
    },
    "classification": {
        "TP": 25,
        "TN": 2,
        "FP": 1,
        "FN": 0,
        "spesificity": 0.6666666666666666,
        "fp_rate": 0.33333333333333337,
        "fn_rate": 0.0,
        "g_mean": 0.816496580927726,
        "precision": 0.9615384615384616,
        "recall": 1.0,
        "f1": 0.9803921568627451,
        "f1_abs": 0.6862745098039215,
        "accuracy": 0.9642857142857143,
        "support": 28
    },
    "f1_f1": 0.6930693069306929
}