{
    "boundary": {
        "precision": 0.7941176470588235,
        "recall": 0.5869565217391305,
        "num_correct": 27,
        "num_predicted": 34,
        "num_true": 46,
        "FP": 7,
        "FN": 19,
        "f1": 0.675
    },
    "boundary_strict": {
        "precision": 0.7352941176470589,
        "recall": 0.5434782608695652,
        "num_correct": 25,
        "num_predicted": 34,
        "num_true": 46,
        "FP": 9,
        "FN": 21,
        "f1": 0.625
    },
    "classification": {
        "TP": 23,
        "TN": 2,
        "FP": 1,
        "FN": 1,
        "spesificity": 0.6666666666666666,
        "fp_rate": 0.33333333333333337,
        "fn_rate": 0.04166666666666663,
        "g_mean": 0.7993052538854533,
        "precision": 0.9583333333333334,
        "recall": 0.9583333333333334,
        "f1": 0.9583333333333334,
        "f1_abs": 0.6468750000000001,
        "accuracy": 0.9259259259259259,
        "support": 27
    },
    "f1_f1": 0.6606382978723405
}