{
    "boundary": {
        "precision": 0.9736842105263158,
        "recall": 0.8043478260869565,
        "num_correct": 37,
        "num_predicted": 38,
        "num_true": 46,
        "FP": 1,
        "FN": 9,
        "f1": 0.8809523809523809
    },
    "boundary_strict": {
        "precision": 0.9473684210526315,
        "recall": 0.782608695652174,
        "num_correct": 36,
        "num_predicted": 38,
        "num_true": 46,
        "FP": 2,
        "FN": 10,
        "f1": 0.8571428571428571
    },
    "classification": {
        "TP": 31,
        "TN": 5,
        "FP": 1,
        "FN": 0,
        "spesificity": 0.8333333333333334,
        "fp_rate": 0.16666666666666663,
        "fn_rate": 0.0,
        "g_mean": 0.9128709291752769,
        "precision": 0.96875,
        "recall": 1.0,
        "f1": 0.9841269841269841,
        "f1_abs": 0.8669690098261527,
        "accuracy": 0.972972972972973,
        "support": 37
    },
    "f1_f1": 0.8739047619047619
}