{
    "boundary": {
        "precision": 0.8571428571428571,
        "recall": 0.782608695652174,
        "num_correct": 36,
        "num_predicted": 42,
        "num_true": 46,
        "FP": 6,
        "FN": 10,
        "f1": 0.8181818181818182
    },
    "boundary_strict": {
        "precision": 0.7857142857142857,
        "recall": 0.717391304347826,
        "num_correct": 33,
        "num_predicted": 42,
        "num_true": 46,
        "FP": 9,
        "FN": 13,
        "f1": 0.75
    },
    "classification": {
        "TP": 25,
        "TN": 8,
        "FP": 2,
        "FN": 1,
        "spesificity": 0.8,
        "fp_rate": 0.19999999999999996,
        "fn_rate": 0.038461538461538436,
        "g_mean": 0.8770580193070292,
        "precision": 0.9259259259259259,
        "recall": 0.9615384615384616,
        "f1": 0.9433962264150944,
        "f1_abs": 0.7718696397941681,
        "accuracy": 0.9166666666666666,
        "support": 36
    },
    "f1_f1": 0.7943512797881731
}