{
    "boundary": {
        "precision": 0.967741935483871,
        "recall": 0.9574468085106383,
        "num_correct": 90,
        "num_predicted": 93,
        "num_true": 94,
        "FP": 3,
        "FN": 4,
        "f1": 0.9625668449197862
    },
    "boundary_strict": {
        "precision": 0.9354838709677419,
        "recall": 0.925531914893617,
        "num_correct": 87,
        "num_predicted": 93,
        "num_true": 94,
        "FP": 6,
        "FN": 7,
        "f1": 0.9304812834224598
    },
    "classification": {
        "TP": 46,
        "TN": 41,
        "FP": 3,
        "FN": 0,
        "spesificity": 0.9318181818181818,
        "fp_rate": 0.06818181818181823,
        "fn_rate": 0.0,
        "g_mean": 0.9653072991634227,
        "precision": 0.9387755102040817,
        "recall": 1.0,
        "f1": 0.968421052631579,
        "f1_abs": 0.9321699971854771,
        "accuracy": 0.9666666666666667,
        "support": 90
    },
    "f1_f1": 0.9471245960708057
}