{
    "boundary": {
        "precision": 0.45454545454545453,
        "recall": 0.21739130434782608,
        "num_correct": 10,
        "num_predicted": 22,
        "num_true": 46,
        "FP": 12,
        "FN": 36,
        "f1": 0.29411764705882354
    },
    "boundary_strict": {
        "precision": 0.4090909090909091,
        "recall": 0.1956521739130435,
        "num_correct": 9,
        "num_predicted": 22,
        "num_true": 46,
        "FP": 13,
        "FN": 37,
        "f1": 0.2647058823529412
    },
    "classification": {
        "TP": 8,
        "TN": 1,
        "FP": 1,
        "FN": 0,
        "spesificity": 0.5,
        "fp_rate": 0.5,
        "fn_rate": 0.0,
        "g_mean": 0.7071067811865476,
        "precision": 0.8888888888888888,
        "recall": 1.0,
        "f1": 0.9411764705882353,
        "f1_abs": 0.2768166089965398,
        "accuracy": 0.9,
        "support": 10
    },
    "f1_f1": 0.28520499108734404
}