{
    "boundary": {
        "precision": 0.9827586206896551,
        "recall": 0.95,
        "num_correct": 57,
        "num_predicted": 58,
        "num_true": 60,
        "FP": 1,
        "FN": 3,
        "f1": 0.9661016949152542
    },
    "boundary_strict": {
        "precision": 0.896551724137931,
        "recall": 0.8666666666666667,
        "num_correct": 52,
        "num_predicted": 58,
        "num_true": 60,
        "FP": 6,
        "FN": 8,
        "f1": 0.8813559322033899
    },
    "classification": {
        "TP": 26,
        "TN": 26,
        "FP": 1,
        "FN": 4,
        "spesificity": 0.9629629629629629,
        "fp_rate": 0.03703703703703709,
        "fn_rate": 0.1333333333333333,
        "g_mean": 0.9135468796041984,
        "precision": 0.9629629629629629,
        "recall": 0.8666666666666667,
        "f1": 0.912280701754386,
        "f1_abs": 0.8813559322033899,
        "accuracy": 0.9122807017543859,
        "support": 57
    },
    "f1_f1": 0.9217851034053803
}