{
    "boundary": {
        "precision": 0.9824561403508771,
        "recall": 0.9333333333333333,
        "num_correct": 56,
        "num_predicted": 57,
        "num_true": 60,
        "FP": 1,
        "FN": 4,
        "f1": 0.9572649572649572
    },
    "boundary_strict": {
        "precision": 0.9298245614035088,
        "recall": 0.8833333333333333,
        "num_correct": 53,
        "num_predicted": 57,
        "num_true": 60,
        "FP": 4,
        "FN": 7,
        "f1": 0.905982905982906
    },
    "classification": {
        "TP": 29,
        "TN": 24,
        "FP": 0,
        "FN": 3,
        "spesificity": 1.0,
        "fp_rate": 0.0,
        "fn_rate": 0.09375,
        "g_mean": 0.9519716382329886,
        "precision": 1.0,
        "recall": 0.90625,
        "f1": 0.9508196721311475,
        "f1_abs": 0.9101863528093035,
        "accuracy": 0.9464285714285714,
        "support": 56
    },
    "f1_f1": 0.9331322272498742
}