{
    "boundary": {
        "precision": 0.8421052631578947,
        "recall": 0.64,
        "num_correct": 64,
        "num_predicted": 76,
        "num_true": 100,
        "FP": 12,
        "FN": 36,
        "f1": 0.7272727272727272
    },
    "boundary_strict": {
        "precision": 0.8289473684210527,
        "recall": 0.63,
        "num_correct": 63,
        "num_predicted": 76,
        "num_true": 100,
        "FP": 13,
        "FN": 37,
        "f1": 0.715909090909091
    },
    "classification": {
        "TP": 30,
        "TN": 33,
        "FP": 1,
        "FN": 0,
        "spesificity": 0.9705882352941176,
        "fp_rate": 0.02941176470588236,
        "fn_rate": 0.0,
        "g_mean": 0.985184366143778,
        "precision": 0.967741935483871,
        "recall": 1.0,
        "f1": 0.9836065573770492,
        "f1_abs": 0.7153502235469448,
        "accuracy": 0.984375,
        "support": 64
    },
    "f1_f1": 0.7212622088655146
}