{
    "boundary": {
        "precision": 0.8205128205128205,
        "recall": 0.3404255319148936,
        "num_correct": 32,
        "num_predicted": 39,
        "num_true": 94,
        "FP": 7,
        "FN": 62,
        "f1": 0.48120300751879697
    },
    "boundary_strict": {
        "precision": 0.7948717948717948,
        "recall": 0.32978723404255317,
        "num_correct": 31,
        "num_predicted": 39,
        "num_true": 94,
        "FP": 8,
        "FN": 63,
        "f1": 0.4661654135338345
    },
    "classification": {
        "TP": 12,
        "TN": 19,
        "FP": 1,
        "FN": 0,
        "spesificity": 0.95,
        "fp_rate": 0.050000000000000044,
        "fn_rate": 0.0,
        "g_mean": 0.9746794344808963,
        "precision": 0.9230769230769231,
        "recall": 1.0,
        "f1": 0.96,
        "f1_abs": 0.46195488721804506,
        "accuracy": 0.96875,
        "support": 32
    },
    "f1_f1": 0.47138253797759705
}