{
    "boundary": {
        "precision": 1.0,
        "recall": 1.0,
        "num_correct": 46,
        "num_predicted": 46,
        "num_true": 46,
        "FP": 0,
        "FN": 0,
        "f1": 1.0
    },
    "boundary_strict": {
        "precision": 0.8695652173913043,
        "recall": 0.8695652173913043,
        "num_correct": 40,
        "num_predicted": 46,
        "num_true": 46,
        "FP": 6,
        "FN": 6,
        "f1": 0.8695652173913043
    },
    "classification": {
        "TP": 35,
        "TN": 5,
        "FP": 5,
        "FN": 1,
        "spesificity": 0.5,
        "fp_rate": 0.5,
        "fn_rate": 0.02777777777777779,
        "g_mean": 0.6972166887783963,
        "precision": 0.875,
        "recall": 0.9722222222222222,
        "f1": 0.9210526315789473,
        "f1_abs": 0.9210526315789473,
        "accuracy": 0.8695652173913043,
        "support": 46
    },
    "f1_f1": 0.958904109589041
}