{
    "boundary": {
        "precision": 0.7222222222222222,
        "recall": 0.5652173913043478,
        "num_correct": 26,
        "num_predicted": 36,
        "num_true": 46,
        "FP": 10,
        "FN": 20,
        "f1": 0.6341463414634146
    },
    "classification": {
        "TP": 24.0,
        "TN": 1.0,
        "FP": 1.0,
        "FN": 0.0,
        "spesificity": 0.5,
        "fp_rate": 0.5,
        "fn_rate": 0.0,
        "g_mean": 0.7071067811865476,
        "precision": 0.96,
        "recall": 1.0,
        "f1": 0.9795918367346939,
        "f1_abs": 0.6212045793927327,
        "accuracy": 0.9615384615384616,
        "support": 26
    },
    "f1_f1": 0.6276087503143073
}