{
    "boundary": {
        "precision": 0.9649122807017544,
        "recall": 0.9166666666666666,
        "num_correct": 55,
        "num_predicted": 57,
        "num_true": 60,
        "FP": 2,
        "FN": 5,
        "f1": 0.9401709401709402
    },
    "boundary_strict": {
        "precision": 0.8947368421052632,
        "recall": 0.85,
        "num_correct": 51,
        "num_predicted": 57,
        "num_true": 60,
        "FP": 6,
        "FN": 9,
        "f1": 0.8717948717948718
    },
    "classification": {
        "TP": 27,
        "TN": 24,
        "FP": 0,
        "FN": 4,
        "spesificity": 1.0,
        "fp_rate": 0.0,
        "fn_rate": 0.12903225806451613,
        "g_mean": 0.9332565252573828,
        "precision": 1.0,
        "recall": 0.8709677419354839,
        "f1": 0.9310344827586207,
        "f1_abs": 0.8753315649867374,
        "accuracy": 0.9272727272727272,
        "support": 55
    },
    "f1_f1": 0.9065934065934066
}