{
    "boundary": {
        "precision": 0.967741935483871,
        "recall": 0.9574468085106383,
        "num_correct": 90,
        "num_predicted": 93,
        "num_true": 94,
        "FP": 3,
        "FN": 4,
        "f1": 0.9625668449197862
    },
    "boundary_strict": {
        "precision": 0.9247311827956989,
        "recall": 0.9148936170212766,
        "num_correct": 86,
        "num_predicted": 93,
        "num_true": 94,
        "FP": 7,
        "FN": 8,
        "f1": 0.9197860962566845
    },
    "classification": {
        "TP": 46,
        "TN": 40,
        "FP": 2,
        "FN": 2,
        "spesificity": 0.9523809523809523,
        "fp_rate": 0.04761904761904767,
        "fn_rate": 0.04166666666666663,
        "g_mean": 0.9553525070351847,
        "precision": 0.9583333333333334,
        "recall": 0.9583333333333334,
        "f1": 0.9583333333333334,
        "f1_abs": 0.9224598930481285,
        "accuracy": 0.9555555555555556,
        "support": 90
    },
    "f1_f1": 0.942086699283195
}