{
    "boundary": {
        "precision": 0.9545454545454546,
        "recall": 0.9130434782608695,
        "num_correct": 42,
        "num_predicted": 44,
        "num_true": 46,
        "FP": 2,
        "FN": 4,
        "f1": 0.9333333333333332
    },
    "boundary_strict": {
        "precision": 0.8636363636363636,
        "recall": 0.8260869565217391,
        "num_correct": 38,
        "num_predicted": 44,
        "num_true": 46,
        "FP": 6,
        "FN": 8,
        "f1": 0.8444444444444444
    },
    "classification": {
        "TP": 34,
        "TN": 4,
        "FP": 4,
        "FN": 0,
        "spesificity": 0.5,
        "fp_rate": 0.5,
        "fn_rate": 0.0,
        "g_mean": 0.7071067811865476,
        "precision": 0.8947368421052632,
        "recall": 1.0,
        "f1": 0.9444444444444444,
        "f1_abs": 0.8814814814814814,
        "accuracy": 0.9047619047619048,
        "support": 42
    },
    "f1_f1": 0.9066666666666666
}