{
    "boundary": {
        "precision": 0.9555555555555556,
        "recall": 0.9347826086956522,
        "num_correct": 43,
        "num_predicted": 45,
        "num_true": 46,
        "FP": 2,
        "FN": 3,
        "f1": 0.945054945054945
    },
    "boundary_strict": {
        "precision": 0.9111111111111111,
        "recall": 0.8913043478260869,
        "num_correct": 41,
        "num_predicted": 45,
        "num_true": 46,
        "FP": 4,
        "FN": 5,
        "f1": 0.9010989010989011
    },
    "classification": {
        "TP": 33,
        "TN": 8,
        "FP": 1,
        "FN": 1,
        "spesificity": 0.8888888888888888,
        "fp_rate": 0.11111111111111116,
        "fn_rate": 0.02941176470588236,
        "g_mean": 0.9288407280256479,
        "precision": 0.9705882352941176,
        "recall": 0.9705882352941176,
        "f1": 0.9705882352941176,
        "f1_abs": 0.9172592113768584,
        "accuracy": 0.9534883720930233,
        "support": 43
    },
    "f1_f1": 0.9309496473675577
}