{
    "boundary": {
        "precision": 0.8148148148148148,
        "recall": 0.6666666666666666,
        "num_correct": 22,
        "num_predicted": 27,
        "num_true": 33,
        "FP": 5,
        "FN": 11,
        "f1": 0.7333333333333333
    },
    "boundary_strict": {
        "precision": 0.8148148148148148,
        "recall": 0.6666666666666666,
        "num_correct": 22,
        "num_predicted": 27,
        "num_true": 33,
        "FP": 5,
        "FN": 11,
        "f1": 0.7333333333333333
    },
    "classification": {
        "TP": 10,
        "TN": 12,
        "FP": 0,
        "FN": 0,
        "spesificity": 1.0,
        "fp_rate": 0.0,
        "fn_rate": 0.0,
        "g_mean": 1.0,
        "precision": 1.0,
        "recall": 1.0,
        "f1": 1.0,
        "f1_abs": 0.7333333333333333,
        "accuracy": 1.0,
        "support": 22
    },
    "f1_f1": 0.7333333333333333
}