{
    "boundary": {
        "precision": 0.9574468085106383,
        "recall": 0.9782608695652174,
        "num_correct": 45,
        "num_predicted": 47,
        "num_true": 46,
        "FP": 2,
        "FN": 1,
        "f1": 0.967741935483871
    },
    "boundary_strict": {
        "precision": 0.8723404255319149,
        "recall": 0.8913043478260869,
        "num_correct": 41,
        "num_predicted": 47,
        "num_true": 46,
        "FP": 6,
        "FN": 5,
        "f1": 0.8817204301075269
    },
    "classification": {
        "TP": 34,
        "TN": 7,
        "FP": 3,
        "FN": 1,
        "spesificity": 0.7,
        "fp_rate": 0.30000000000000004,
        "fn_rate": 0.02857142857142858,
        "g_mean": 0.824621125123532,
        "precision": 0.918918918918919,
        "recall": 0.9714285714285714,
        "f1": 0.9444444444444445,
        "f1_abs": 0.913978494623656,
        "accuracy": 0.9111111111111111,
        "support": 45
    },
    "f1_f1": 0.9400921658986177
}