{
    "boundary": {
        "precision": 0.9230769230769231,
        "recall": 0.782608695652174,
        "num_correct": 36,
        "num_predicted": 39,
        "num_true": 46,
        "FP": 3,
        "FN": 10,
        "f1": 0.8470588235294118
    },
    "boundary_strict": {
        "precision": 0.8205128205128205,
        "recall": 0.6956521739130435,
        "num_correct": 32,
        "num_predicted": 39,
        "num_true": 46,
        "FP": 7,
        "FN": 14,
        "f1": 0.7529411764705882
    },
    "classification": {
        "TP": 28,
        "TN": 4,
        "FP": 4,
        "FN": 0,
        "spesificity": 0.5,
        "fp_rate": 0.5,
        "fn_rate": 0.0,
        "g_mean": 0.7071067811865476,
        "precision": 0.875,
        "recall": 1.0,
        "f1": 0.9333333333333333,
        "f1_abs": 0.7905882352941177,
        "accuracy": 0.8888888888888888,
        "support": 36
    },
    "f1_f1": 0.8178498985801217
}