{
    "boundary": {
        "precision": 0.9186046511627907,
        "recall": 0.8404255319148937,
        "num_correct": 79,
        "num_predicted": 86,
        "num_true": 94,
        "FP": 7,
        "FN": 15,
        "f1": 0.8777777777777779
    },
    "boundary_strict": {
        "precision": 0.9069767441860465,
        "recall": 0.8297872340425532,
        "num_correct": 78,
        "num_predicted": 86,
        "num_true": 94,
        "FP": 8,
        "FN": 16,
        "f1": 0.8666666666666666
    },
    "classification": {
        "TP": 38,
        "TN": 40,
        "FP": 1,
        "FN": 0,
        "spesificity": 0.975609756097561,
        "fp_rate": 0.024390243902439046,
        "fn_rate": 0.0,
        "g_mean": 0.9877295966495896,
        "precision": 0.9743589743589743,
        "recall": 1.0,
        "f1": 0.987012987012987,
        "f1_abs": 0.8663780663780665,
        "accuracy": 0.9873417721518988,
        "support": 79
    },
    "f1_f1": 0.8720406681190995
}