{
    "boundary": {
        "precision": 0.9967105263157895,
        "recall": 0.9409937888198758,
        "num_correct": 303,
        "num_predicted": 304,
        "num_true": 322,
        "FP": 1,
        "FN": 19,
        "f1": 0.9680511182108628
    },
    "boundary_strict": {
        "precision": 0.9539473684210527,
        "recall": 0.9006211180124224,
        "num_correct": 290,
        "num_predicted": 304,
        "num_true": 322,
        "FP": 14,
        "FN": 32,
        "f1": 0.9265175718849841
    },
    "classification": {
        "TP": 188,
        "TN": 102,
        "FP": 7,
        "FN": 6,
        "spesificity": 0.9357798165137615,
        "fp_rate": 0.06422018348623848,
        "fn_rate": 0.030927835051546393,
        "g_mean": 0.9522805115637185,
        "precision": 0.9641025641025641,
        "recall": 0.9690721649484536,
        "f1": 0.9665809768637532,
        "f1_abs": 0.9356997954943044,
        "accuracy": 0.9570957095709571,
        "support": 303
    },
    "f1_f1": 0.9516005763327696
}