{
    "boundary": {
        "precision": 0.9933333333333333,
        "recall": 0.9254658385093167,
        "num_correct": 298,
        "num_predicted": 300,
        "num_true": 322,
        "FP": 2,
        "FN": 24,
        "f1": 0.9581993569131833
    },
    "boundary_strict": {
        "precision": 0.9566666666666667,
        "recall": 0.8913043478260869,
        "num_correct": 287,
        "num_predicted": 300,
        "num_true": 322,
        "FP": 13,
        "FN": 35,
        "f1": 0.9228295819935691
    },
    "classification": {
        "TP": 189,
        "TN": 98,
        "FP": 7,
        "FN": 4,
        "spesificity": 0.9333333333333333,
        "fp_rate": 0.06666666666666665,
        "fn_rate": 0.020725388601036232,
        "g_mean": 0.9560280525725694,
        "precision": 0.9642857142857143,
        "recall": 0.9792746113989638,
        "f1": 0.9717223650385605,
        "f1_abs": 0.9311037452781061,
        "accuracy": 0.9630872483221476,
        "support": 298
    },
    "f1_f1": 0.9444572540109082
}