{
    "boundary": {
        "precision": 1.0,
        "recall": 0.9393939393939394,
        "num_correct": 31,
        "num_predicted": 31,
        "num_true": 33,
        "FP": 0,
        "FN": 2,
        "f1": 0.96875
    },
    "boundary_strict": {
        "precision": 0.9032258064516129,
        "recall": 0.8484848484848485,
        "num_correct": 28,
        "num_predicted": 31,
        "num_true": 33,
        "FP": 3,
        "FN": 5,
        "f1": 0.875
    },
    "classification": {
        "TP": 12,
        "TN": 16,
        "FP": 2,
        "FN": 1,
        "spesificity": 0.8888888888888888,
        "fp_rate": 0.11111111111111116,
        "fn_rate": 0.07692307692307687,
        "g_mean": 0.9058216273156766,
        "precision": 0.8571428571428571,
        "recall": 0.9230769230769231,
        "f1": 0.8888888888888888,
        "f1_abs": 0.861111111111111,
        "accuracy": 0.9032258064516129,
        "support": 31
    },
    "f1_f1": 0.9117647058823528
}