{
    "boundary": {
        "precision": 0.9047619047619048,
        "recall": 0.6031746031746031,
        "num_correct": 38,
        "num_predicted": 42,
        "num_true": 63,
        "FP": 4,
        "FN": 25,
        "f1": 0.7238095238095238
    },
    "boundary_strict": {
        "precision": 0.8809523809523809,
        "recall": 0.5873015873015873,
        "num_correct": 37,
        "num_predicted": 42,
        "num_true": 63,
        "FP": 5,
        "FN": 26,
        "f1": 0.7047619047619047
    },
    "classification": {
        "TP": 21,
        "TN": 16,
        "FP": 1,
        "FN": 0,
        "spesificity": 0.9411764705882353,
        "fp_rate": 0.05882352941176472,
        "fn_rate": 0.0,
        "g_mean": 0.9701425001453319,
        "precision": 0.9545454545454546,
        "recall": 1.0,
        "f1": 0.9767441860465116,
        "f1_abs": 0.7069767441860465,
        "accuracy": 0.9736842105263158,
        "support": 38
    },
    "f1_f1": 0.7152941176470589
}