{
    "boundary": {
        "precision": 0.8641975308641975,
        "recall": 0.7446808510638298,
        "num_correct": 70,
        "num_predicted": 81,
        "num_true": 94,
        "FP": 11,
        "FN": 24,
        "f1": 0.8
    },
    "boundary_strict": {
        "precision": 0.7901234567901234,
        "recall": 0.6808510638297872,
        "num_correct": 64,
        "num_predicted": 81,
        "num_true": 94,
        "FP": 17,
        "FN": 30,
        "f1": 0.7314285714285713
    },
    "classification": {
        "TP": 29,
        "TN": 35,
        "FP": 3,
        "FN": 3,
        "spesificity": 0.9210526315789473,
        "fp_rate": 0.07894736842105265,
        "fn_rate": 0.09375,
        "g_mean": 0.9136213369708596,
        "precision": 0.90625,
        "recall": 0.90625,
        "f1": 0.90625,
        "f1_abs": 0.7250000000000001,
        "accuracy": 0.9142857142857143,
        "support": 70
    },
    "f1_f1": 0.760655737704918
}