{
    "boundary": {
        "precision": 0.9743589743589743,
        "recall": 0.8260869565217391,
        "num_correct": 38,
        "num_predicted": 39,
        "num_true": 46,
        "FP": 1,
        "FN": 8,
        "f1": 0.8941176470588235
    },
    "boundary_strict": {
        "precision": 0.9230769230769231,
        "recall": 0.782608695652174,
        "num_correct": 36,
        "num_predicted": 39,
        "num_true": 46,
        "FP": 3,
        "FN": 10,
        "f1": 0.8470588235294118
    },
    "classification": {
        "TP": 30,
        "TN": 6,
        "FP": 1,
        "FN": 1,
        "spesificity": 0.8571428571428571,
        "fp_rate": 0.1428571428571429,
        "fn_rate": 0.032258064516129004,
        "g_mean": 0.9107651110783744,
        "precision": 0.967741935483871,
        "recall": 0.967741935483871,
        "f1": 0.967741935483871,
        "f1_abs": 0.8652751423149905,
        "accuracy": 0.9473684210526315,
        "support": 38
    },
    "f1_f1": 0.8794599807135969
}