{
    "boundary": {
        "precision": 0.6956521739130435,
        "recall": 0.1702127659574468,
        "num_correct": 16,
        "num_predicted": 23,
        "num_true": 94,
        "FP": 7,
        "FN": 78,
        "f1": 0.2735042735042735
    },
    "boundary_strict": {
        "precision": 0.6086956521739131,
        "recall": 0.14893617021276595,
        "num_correct": 14,
        "num_predicted": 23,
        "num_true": 94,
        "FP": 9,
        "FN": 80,
        "f1": 0.2393162393162393
    },
    "classification": {
        "TP": 13,
        "TN": 1,
        "FP": 1,
        "FN": 1,
        "spesificity": 0.5,
        "fp_rate": 0.5,
        "fn_rate": 0.0714285714285714,
        "g_mean": 0.6813851438692469,
        "precision": 0.9285714285714286,
        "recall": 0.9285714285714286,
        "f1": 0.9285714285714286,
        "f1_abs": 0.25396825396825395,
        "accuracy": 0.875,
        "support": 16
    },
    "f1_f1": 0.26337448559670784
}