{
    "boundary": {
        "precision": 0.7777777777777778,
        "recall": 0.21,
        "num_correct": 21,
        "num_predicted": 27,
        "num_true": 100,
        "FP": 6,
        "FN": 79,
        "f1": 0.33070866141732286
    },
    "boundary_strict": {
        "precision": 0.7407407407407407,
        "recall": 0.2,
        "num_correct": 20,
        "num_predicted": 27,
        "num_true": 100,
        "FP": 7,
        "FN": 80,
        "f1": 0.31496062992125984
    },
    "classification": {
        "TP": 18,
        "TN": 2,
        "FP": 0,
        "FN": 1,
        "spesificity": 1.0,
        "fp_rate": 0.0,
        "fn_rate": 0.052631578947368474,
        "g_mean": 0.9733285267845752,
        "precision": 1.0,
        "recall": 0.9473684210526315,
        "f1": 0.972972972972973,
        "f1_abs": 0.32177058948712495,
        "accuracy": 0.9523809523809523,
        "support": 21
    },
    "f1_f1": 0.3261784057814691
}