{
    "boundary": {
        "precision": 0.95,
        "recall": 0.95,
        "num_correct": 95,
        "num_predicted": 100,
        "num_true": 100,
        "FP": 5,
        "FN": 5,
        "f1": 0.9500000000000001
    },
    "classification": {
        "TP": 46.0,
        "TN": 45.0,
        "FP": 4.0,
        "FN": 0.0,
        "spesificity": 0.9183673469387755,
        "fp_rate": 0.08163265306122447,
        "fn_rate": 0.0,
        "g_mean": 0.9583148474999099,
        "precision": 0.92,
        "recall": 1.0,
        "f1": 0.9583333333333334,
        "f1_abs": 0.9104166666666668,
        "accuracy": 0.9578947368421052,
        "support": 95
    },
    "f1_f1": 0.9297872340425534
}