{
    "boundary": {
        "precision": 0.8481012658227848,
        "recall": 0.67,
        "num_correct": 67,
        "num_predicted": 79,
        "num_true": 100,
        "FP": 12,
        "FN": 33,
        "f1": 0.7486033519553073
    },
    "classification": {
        "TP": 33.0,
        "TN": 34.0,
        "FP": 0.0,
        "FN": 0.0,
        "spesificity": 1.0,
        "fp_rate": 0.0,
        "fn_rate": 0.0,
        "g_mean": 1.0,
        "precision": 1.0,
        "recall": 1.0,
        "f1": 1.0,
        "f1_abs": 0.7486033519553073,
        "accuracy": 1.0,
        "support": 67
    },
    "f1_f1": 0.7486033519553071
}