{
    "boundary": {
        "precision": 0.5172413793103449,
        "recall": 0.32608695652173914,
        "num_correct": 15,
        "num_predicted": 29,
        "num_true": 46,
        "FP": 14,
        "FN": 31,
        "f1": 0.4
    },
    "classification": {
        "TP": 13.0,
        "TN": 1.0,
        "FP": 1.0,
        "FN": 0.0,
        "spesificity": 0.5,
        "fp_rate": 0.5,
        "fn_rate": 0.0,
        "g_mean": 0.7071067811865476,
        "precision": 0.9285714285714286,
        "recall": 1.0,
        "f1": 0.962962962962963,
        "f1_abs": 0.38518518518518524,
        "accuracy": 0.9333333333333333,
        "support": 15
    },
    "f1_f1": 0.3924528301886793
}