{
    "boundary": {
        "precision": 0.7931034482758621,
        "recall": 0.23,
        "num_correct": 23,
        "num_predicted": 29,
        "num_true": 100,
        "FP": 6,
        "FN": 77,
        "f1": 0.35658914728682173
    },
    "classification": {
        "TP": 7.0,
        "TN": 15.0,
        "FP": 0.0,
        "FN": 1.0,
        "spesificity": 1.0,
        "fp_rate": 0.0,
        "fn_rate": 0.125,
        "g_mean": 0.9354143466934853,
        "precision": 1.0,
        "recall": 0.875,
        "f1": 0.9333333333333333,
        "f1_abs": 0.3328165374677003,
        "accuracy": 0.9565217391304348,
        "support": 23
    },
    "f1_f1": 0.34429296979417273
}