{
    "boundary": {
        "precision": 0.9215686274509803,
        "recall": 0.7833333333333333,
        "num_correct": 47,
        "num_predicted": 51,
        "num_true": 60,
        "FP": 4,
        "FN": 13,
        "f1": 0.8468468468468469
    },
    "boundary_strict": {
        "precision": 0.9019607843137255,
        "recall": 0.7666666666666667,
        "num_correct": 46,
        "num_predicted": 51,
        "num_true": 60,
        "FP": 5,
        "FN": 14,
        "f1": 0.8288288288288289
    },
    "classification": {
        "TP": 25,
        "TN": 21,
        "FP": 1,
        "FN": 0,
        "spesificity": 0.9545454545454546,
        "fp_rate": 0.045454545454545414,
        "fn_rate": 0.0,
        "g_mean": 0.9770084209183945,
        "precision": 0.9615384615384616,
        "recall": 1.0,
        "f1": 0.9803921568627451,
        "f1_abs": 0.830242006712595,
        "accuracy": 0.9787234042553191,
        "support": 47
    },
    "f1_f1": 0.8384622246008385
}