{
    "boundary": {
        "precision": 0.967741935483871,
        "recall": 0.9090909090909091,
        "num_correct": 30,
        "num_predicted": 31,
        "num_true": 33,
        "FP": 1,
        "FN": 3,
        "f1": 0.9374999999999999
    },
    "boundary_strict": {
        "precision": 0.9354838709677419,
        "recall": 0.8787878787878788,
        "num_correct": 29,
        "num_predicted": 31,
        "num_true": 33,
        "FP": 2,
        "FN": 4,
        "f1": 0.90625
    },
    "classification": {
        "TP": 13,
        "TN": 16,
        "FP": 0,
        "FN": 1,
        "spesificity": 1.0,
        "fp_rate": 0.0,
        "fn_rate": 0.0714285714285714,
        "g_mean": 0.9636241116594315,
        "precision": 1.0,
        "recall": 0.9285714285714286,
        "f1": 0.9629629629629629,
        "f1_abs": 0.9027777777777776,
        "accuracy": 0.9666666666666667,
        "support": 30
    },
    "f1_f1": 0.9198113207547168
}