{
    "boundary": {
        "precision": 0.978021978021978,
        "recall": 0.9468085106382979,
        "num_correct": 89,
        "num_predicted": 91,
        "num_true": 94,
        "FP": 2,
        "FN": 5,
        "f1": 0.9621621621621622
    },
    "boundary_strict": {
        "precision": 0.9230769230769231,
        "recall": 0.8936170212765957,
        "num_correct": 84,
        "num_predicted": 91,
        "num_true": 94,
        "FP": 7,
        "FN": 10,
        "f1": 0.908108108108108
    },
    "classification": {
        "TP": 43,
        "TN": 41,
        "FP": 2,
        "FN": 3,
        "spesificity": 0.9534883720930233,
        "fp_rate": 0.046511627906976716,
        "fn_rate": 0.06521739130434778,
        "g_mean": 0.9440891630699333,
        "precision": 0.9555555555555556,
        "recall": 0.9347826086956522,
        "f1": 0.945054945054945,
        "f1_abs": 0.9092961092961093,
        "accuracy": 0.9438202247191011,
        "support": 89
    },
    "f1_f1": 0.9349824400671859
}