{
    "boundary": {
        "precision": 0.9111111111111111,
        "recall": 0.8913043478260869,
        "num_correct": 41,
        "num_predicted": 45,
        "num_true": 46,
        "FP": 4,
        "FN": 5,
        "f1": 0.9010989010989011
    },
    "boundary_strict": {
        "precision": 0.8222222222222222,
        "recall": 0.8043478260869565,
        "num_correct": 37,
        "num_predicted": 45,
        "num_true": 46,
        "FP": 8,
        "FN": 9,
        "f1": 0.8131868131868132
    },
    "classification": {
        "TP": 30,
        "TN": 7,
        "FP": 3,
        "FN": 1,
        "spesificity": 0.7,
        "fp_rate": 0.30000000000000004,
        "fn_rate": 0.032258064516129004,
        "g_mean": 0.8230548917531015,
        "precision": 0.9090909090909091,
        "recall": 0.967741935483871,
        "f1": 0.9375,
        "f1_abs": 0.8447802197802198,
        "accuracy": 0.9024390243902439,
        "support": 41
    },
    "f1_f1": 0.8720311946118398
}