{
    "boundary": {
        "precision": 0.9154929577464789,
        "recall": 0.6914893617021277,
        "num_correct": 65,
        "num_predicted": 71,
        "num_true": 94,
        "FP": 6,
        "FN": 29,
        "f1": 0.787878787878788
    },
    "boundary_strict": {
        "precision": 0.9014084507042254,
        "recall": 0.6808510638297872,
        "num_correct": 64,
        "num_predicted": 71,
        "num_true": 94,
        "FP": 7,
        "FN": 30,
        "f1": 0.7757575757575758
    },
    "classification": {
        "TP": 30,
        "TN": 34,
        "FP": 1,
        "FN": 0,
        "spesificity": 0.9714285714285714,
        "fp_rate": 0.02857142857142858,
        "fn_rate": 0.0,
        "g_mean": 0.9856107606091623,
        "precision": 0.967741935483871,
        "recall": 1.0,
        "f1": 0.9836065573770492,
        "f1_abs": 0.774962742175857,
        "accuracy": 0.9846153846153847,
        "support": 65
    },
    "f1_f1": 0.7813673929376409
}