{
    "boundary": {
        "precision": 0.9573770491803278,
        "recall": 0.906832298136646,
        "num_correct": 292,
        "num_predicted": 305,
        "num_true": 322,
        "FP": 13,
        "FN": 30,
        "f1": 0.9314194577352473
    },
    "boundary_strict": {
        "precision": 0.940983606557377,
        "recall": 0.8913043478260869,
        "num_correct": 287,
        "num_predicted": 305,
        "num_true": 322,
        "FP": 18,
        "FN": 35,
        "f1": 0.9154704944178629
    },
    "classification": {
        "TP": 189,
        "TN": 98,
        "FP": 4,
        "FN": 1,
        "spesificity": 0.9607843137254902,
        "fp_rate": 0.039215686274509776,
        "fn_rate": 0.0052631578947368585,
        "g_mean": 0.9776131925151003,
        "precision": 0.9792746113989638,
        "recall": 0.9947368421052631,
        "f1": 0.9869451697127938,
        "f1_abs": 0.9192599347883119,
        "accuracy": 0.9828767123287672,
        "support": 292
    },
    "f1_f1": 0.9252997503913888
}