{
    "boundary": {
        "precision": 0.9775641025641025,
        "recall": 0.9472049689440993,
        "num_correct": 305,
        "num_predicted": 312,
        "num_true": 322,
        "FP": 7,
        "FN": 17,
        "f1": 0.9621451104100945
    },
    "boundary_strict": {
        "precision": 0.9391025641025641,
        "recall": 0.9099378881987578,
        "num_correct": 293,
        "num_predicted": 312,
        "num_true": 322,
        "FP": 19,
        "FN": 29,
        "f1": 0.9242902208201894
    },
    "classification": {
        "TP": 195,
        "TN": 98,
        "FP": 7,
        "FN": 5,
        "spesificity": 0.9333333333333333,
        "fp_rate": 0.06666666666666665,
        "fn_rate": 0.025000000000000022,
        "g_mean": 0.9539392014169457,
        "precision": 0.9653465346534653,
        "recall": 0.975,
        "f1": 0.9701492537313433,
        "f1_abs": 0.9334243608456141,
        "accuracy": 0.9606557377049181,
        "support": 305
    },
    "f1_f1": 0.9475671541917597
}