{
    "boundary": {
        "precision": 0.9741935483870968,
        "recall": 0.937888198757764,
        "num_correct": 302,
        "num_predicted": 310,
        "num_true": 322,
        "FP": 8,
        "FN": 20,
        "f1": 0.9556962025316457
    },
    "boundary_strict": {
        "precision": 0.9387096774193548,
        "recall": 0.9037267080745341,
        "num_correct": 291,
        "num_predicted": 310,
        "num_true": 322,
        "FP": 19,
        "FN": 31,
        "f1": 0.920886075949367
    },
    "classification": {
        "TP": 195,
        "TN": 96,
        "FP": 8,
        "FN": 3,
        "spesificity": 0.9230769230769231,
        "fp_rate": 0.07692307692307687,
        "fn_rate": 0.015151515151515138,
        "g_mean": 0.9534625892455924,
        "precision": 0.9605911330049262,
        "recall": 0.9848484848484849,
        "f1": 0.972568578553616,
        "f1_abs": 0.9294800972252913,
        "accuracy": 0.9635761589403974,
        "support": 302
    },
    "f1_f1": 0.9424058634319641
}