{
    "boundary": {
        "precision": 0.9166666666666666,
        "recall": 0.9565217391304348,
        "num_correct": 44,
        "num_predicted": 48,
        "num_true": 46,
        "FP": 4,
        "FN": 2,
        "f1": 0.9361702127659574
    },
    "boundary_strict": {
        "precision": 0.7916666666666666,
        "recall": 0.8260869565217391,
        "num_correct": 38,
        "num_predicted": 48,
        "num_true": 46,
        "FP": 10,
        "FN": 8,
        "f1": 0.8085106382978724
    },
    "classification": {
        "TP": 31,
        "TN": 7,
        "FP": 2,
        "FN": 4,
        "spesificity": 0.7777777777777778,
        "fp_rate": 0.2222222222222222,
        "fn_rate": 0.11428571428571432,
        "g_mean": 0.8299933065325822,
        "precision": 0.9393939393939394,
        "recall": 0.8857142857142857,
        "f1": 0.9117647058823529,
        "f1_abs": 0.8535669586983728,
        "accuracy": 0.8636363636363636,
        "support": 44
    },
    "f1_f1": 0.892962356792144
}