{
    "boundary": {
        "precision": 0.9775280898876404,
        "recall": 0.925531914893617,
        "num_correct": 87,
        "num_predicted": 89,
        "num_true": 94,
        "FP": 2,
        "FN": 7,
        "f1": 0.9508196721311475
    },
    "boundary_strict": {
        "precision": 0.9101123595505618,
        "recall": 0.8617021276595744,
        "num_correct": 81,
        "num_predicted": 89,
        "num_true": 94,
        "FP": 8,
        "FN": 13,
        "f1": 0.8852459016393442
    },
    "classification": {
        "TP": 43,
        "TN": 38,
        "FP": 4,
        "FN": 2,
        "spesificity": 0.9047619047619048,
        "fp_rate": 0.09523809523809523,
        "fn_rate": 0.0444444444444444,
        "g_mean": 0.9298119511762928,
        "precision": 0.9148936170212766,
        "recall": 0.9555555555555556,
        "f1": 0.9347826086956522,
        "f1_abs": 0.8888096935138988,
        "accuracy": 0.9310344827586207,
        "support": 87
    },
    "f1_f1": 0.9187695708233561
}