{
    "boundary": {
        "precision": 0.15384615384615385,
        "recall": 0.06,
        "num_correct": 6,
        "num_predicted": 39,
        "num_true": 100,
        "FP": 33,
        "FN": 94,
        "f1": 0.08633093525179857
    },
    "classification": {
        "TP": 3.0,
        "TN": 2.0,
        "FP": 0.0,
        "FN": 1.0,
        "spesificity": 1.0,
        "fp_rate": 0.0,
        "fn_rate": 0.25,
        "g_mean": 0.8660254037844386,
        "precision": 1.0,
        "recall": 0.75,
        "f1": 0.8571428571428571,
        "f1_abs": 0.07399794450154162,
        "accuracy": 0.8333333333333334,
        "support": 6
    },
    "f1_f1": 0.07969009407858328
}