{
    "boundary": {
        "precision": 0.9636363636363636,
        "recall": 0.8833333333333333,
        "num_correct": 53,
        "num_predicted": 55,
        "num_true": 60,
        "FP": 2,
        "FN": 7,
        "f1": 0.9217391304347826
    },
    "boundary_strict": {
        "precision": 0.9272727272727272,
        "recall": 0.85,
        "num_correct": 51,
        "num_predicted": 55,
        "num_true": 60,
        "FP": 4,
        "FN": 9,
        "f1": 0.8869565217391303
    },
    "classification": {
        "TP": 27,
        "TN": 24,
        "FP": 0,
        "FN": 2,
        "spesificity": 1.0,
        "fp_rate": 0.0,
        "fn_rate": 0.06896551724137934,
        "g_mean": 0.9649012813540153,
        "precision": 1.0,
        "recall": 0.9310344827586207,
        "f1": 0.9642857142857143,
        "f1_abs": 0.8888198757763975,
        "accuracy": 0.9622641509433962,
        "support": 53
    },
    "f1_f1": 0.9049802371541503
}