{
    "boundary": {
        "precision": 0.896551724137931,
        "recall": 0.7878787878787878,
        "num_correct": 26,
        "num_predicted": 29,
        "num_true": 33,
        "FP": 3,
        "FN": 7,
        "f1": 0.8387096774193549
    },
    "boundary_strict": {
        "precision": 0.8620689655172413,
        "recall": 0.7575757575757576,
        "num_correct": 25,
        "num_predicted": 29,
        "num_true": 33,
        "FP": 4,
        "FN": 8,
        "f1": 0.8064516129032258
    },
    "classification": {
        "TP": 13,
        "TN": 12,
        "FP": 0,
        "FN": 1,
        "spesificity": 1.0,
        "fp_rate": 0.0,
        "fn_rate": 0.0714285714285714,
        "g_mean": 0.9636241116594315,
        "precision": 1.0,
        "recall": 0.9285714285714286,
        "f1": 0.9629629629629629,
        "f1_abs": 0.8076463560334528,
        "accuracy": 0.9615384615384616,
        "support": 26
    },
    "f1_f1": 0.82288496652465
}