{
    "boundary": {
        "precision": 0.8846153846153846,
        "recall": 0.48936170212765956,
        "num_correct": 46,
        "num_predicted": 52,
        "num_true": 94,
        "FP": 6,
        "FN": 48,
        "f1": 0.6301369863013698
    },
    "boundary_strict": {
        "precision": 0.8653846153846154,
        "recall": 0.4787234042553192,
        "num_correct": 45,
        "num_predicted": 52,
        "num_true": 94,
        "FP": 7,
        "FN": 49,
        "f1": 0.6164383561643836
    },
    "classification": {
        "TP": 23,
        "TN": 22,
        "FP": 1,
        "FN": 0,
        "spesificity": 0.9565217391304348,
        "fp_rate": 0.04347826086956519,
        "fn_rate": 0.0,
        "g_mean": 0.9780192938436515,
        "precision": 0.9583333333333334,
        "recall": 1.0,
        "f1": 0.9787234042553191,
        "f1_abs": 0.6167298163800641,
        "accuracy": 0.9782608695652174,
        "support": 46
    },
    "f1_f1": 0.6233613197820003
}