{
    "boundary": {
        "precision": 0.6956521739130435,
        "recall": 0.26666666666666666,
        "num_correct": 16,
        "num_predicted": 23,
        "num_true": 60,
        "FP": 7,
        "FN": 44,
        "f1": 0.3855421686746988
    },
    "boundary_strict": {
        "precision": 0.6956521739130435,
        "recall": 0.26666666666666666,
        "num_correct": 16,
        "num_predicted": 23,
        "num_true": 60,
        "FP": 7,
        "FN": 44,
        "f1": 0.3855421686746988
    },
    "classification": {
        "TP": 11,
        "TN": 5,
        "FP": 0,
        "FN": 0,
        "spesificity": 1.0,
        "fp_rate": 0.0,
        "fn_rate": 0.0,
        "g_mean": 1.0,
        "precision": 1.0,
        "recall": 1.0,
        "f1": 1.0,
        "f1_abs": 0.3855421686746988,
        "accuracy": 1.0,
        "support": 16
    },
    "f1_f1": 0.3855421686746988
}