{
    "boundary": {
        "precision": 0.9775280898876404,
        "recall": 0.925531914893617,
        "num_correct": 87,
        "num_predicted": 89,
        "num_true": 94,
        "FP": 2,
        "FN": 7,
        "f1": 0.9508196721311475
    },
    "boundary_strict": {
        "precision": 0.9662921348314607,
        "recall": 0.9148936170212766,
        "num_correct": 86,
        "num_predicted": 89,
        "num_true": 94,
        "FP": 3,
        "FN": 8,
        "f1": 0.9398907103825136
    },
    "classification": {
        "TP": 44,
        "TN": 42,
        "FP": 1,
        "FN": 0,
        "spesificity": 0.9767441860465116,
        "fp_rate": 0.023255813953488413,
        "fn_rate": 0.0,
        "g_mean": 0.9883036912035246,
        "precision": 0.9777777777777777,
        "recall": 1.0,
        "f1": 0.9887640449438202,
        "f1_abs": 0.9401363050285503,
        "accuracy": 0.9885057471264368,
        "support": 87
    },
    "f1_f1": 0.9454478095767342
}