{
    "boundary": {
        "precision": 0.9678456591639871,
        "recall": 0.9347826086956522,
        "num_correct": 301,
        "num_predicted": 311,
        "num_true": 322,
        "FP": 10,
        "FN": 21,
        "f1": 0.9510268562401264
    },
    "boundary_strict": {
        "precision": 0.9485530546623794,
        "recall": 0.9161490683229814,
        "num_correct": 295,
        "num_predicted": 311,
        "num_true": 322,
        "FP": 16,
        "FN": 27,
        "f1": 0.9320695102685623
    },
    "classification": {
        "TP": 195,
        "TN": 100,
        "FP": 5,
        "FN": 1,
        "spesificity": 0.9523809523809523,
        "fp_rate": 0.04761904761904767,
        "fn_rate": 0.005102040816326481,
        "g_mean": 0.9734073483846384,
        "precision": 0.975,
        "recall": 0.9948979591836735,
        "f1": 0.9848484848484849,
        "f1_abs": 0.9366173584183063,
        "accuracy": 0.9800664451827242,
        "support": 301
    },
    "f1_f1": 0.9437671092459269
}