{
    "boundary": {
        "precision": 0.9101123595505618,
        "recall": 0.8617021276595744,
        "num_correct": 81,
        "num_predicted": 89,
        "num_true": 94,
        "FP": 8,
        "FN": 13,
        "f1": 0.8852459016393442
    },
    "boundary_strict": {
        "precision": 0.8426966292134831,
        "recall": 0.7978723404255319,
        "num_correct": 75,
        "num_predicted": 89,
        "num_true": 94,
        "FP": 14,
        "FN": 19,
        "f1": 0.8196721311475411
    },
    "classification": {
        "TP": 40,
        "TN": 35,
        "FP": 4,
        "FN": 2,
        "spesificity": 0.8974358974358975,
        "fp_rate": 0.10256410256410253,
        "fn_rate": 0.04761904761904767,
        "g_mean": 0.9245003270420485,
        "precision": 0.9090909090909091,
        "recall": 0.9523809523809523,
        "f1": 0.9302325581395349,
        "f1_abs": 0.8234845596645063,
        "accuracy": 0.9259259259259259,
        "support": 81
    },
    "f1_f1": 0.8532490618210546
}