{
    "boundary": {
        "precision": 1.0,
        "recall": 0.8936170212765957,
        "num_correct": 84,
        "num_predicted": 84,
        "num_true": 94,
        "FP": 0,
        "FN": 10,
        "f1": 0.9438202247191011
    },
    "boundary_strict": {
        "precision": 0.9880952380952381,
        "recall": 0.8829787234042553,
        "num_correct": 83,
        "num_predicted": 84,
        "num_true": 94,
        "FP": 1,
        "FN": 11,
        "f1": 0.9325842696629214
    },
    "classification": {
        "TP": 44,
        "TN": 39,
        "FP": 1,
        "FN": 0,
        "spesificity": 0.975,
        "fp_rate": 0.025000000000000022,
        "fn_rate": 0.0,
        "g_mean": 0.9874208829065749,
        "precision": 0.9777777777777777,
        "recall": 1.0,
        "f1": 0.9887640449438202,
        "f1_abs": 0.9332155030930438,
        "accuracy": 0.9880952380952381,
        "support": 84
    },
    "f1_f1": 0.9384879070653208
}