{
    "boundary": {
        "precision": 0.9166666666666666,
        "recall": 0.9565217391304348,
        "num_correct": 44,
        "num_predicted": 48,
        "num_true": 46,
        "FP": 4,
        "FN": 2,
        "f1": 0.9361702127659574
    },
    "boundary_strict": {
        "precision": 0.7708333333333334,
        "recall": 0.8043478260869565,
        "num_correct": 37,
        "num_predicted": 48,
        "num_true": 46,
        "FP": 11,
        "FN": 9,
        "f1": 0.7872340425531915
    },
    "classification": {
        "TP": 34,
        "TN": 3,
        "FP": 6,
        "FN": 1,
        "spesificity": 0.3333333333333333,
        "fp_rate": 0.6666666666666667,
        "fn_rate": 0.02857142857142858,
        "g_mean": 0.5690426379538917,
        "precision": 0.85,
        "recall": 0.9714285714285714,
        "f1": 0.9066666666666667,
        "f1_abs": 0.8487943262411347,
        "accuracy": 0.8409090909090909,
        "support": 44
    },
    "f1_f1": 0.8903436988543371
}