{
    "boundary": {
        "precision": 0.9968454258675079,
        "recall": 0.9813664596273292,
        "num_correct": 316,
        "num_predicted": 317,
        "num_true": 322,
        "FP": 1,
        "FN": 6,
        "f1": 0.9890453834115805
    },
    "boundary_strict": {
        "precision": 0.9495268138801262,
        "recall": 0.9347826086956522,
        "num_correct": 301,
        "num_predicted": 317,
        "num_true": 322,
        "FP": 16,
        "FN": 21,
        "f1": 0.9420970266040689
    },
    "classification": {
        "TP": 197,
        "TN": 104,
        "FP": 6,
        "FN": 9,
        "spesificity": 0.9454545454545454,
        "fp_rate": 0.054545454545454564,
        "fn_rate": 0.043689320388349495,
        "g_mean": 0.9508671194786159,
        "precision": 0.9704433497536946,
        "recall": 0.9563106796116505,
        "f1": 0.9633251833740831,
        "f1_abs": 0.9527723253402511,
        "accuracy": 0.9525316455696202,
        "support": 316
    },
    "f1_f1": 0.9705700649169682
}