{
    "boundary": {
        "precision": 1.0,
        "recall": 0.9720496894409938,
        "num_correct": 313,
        "num_predicted": 313,
        "num_true": 322,
        "FP": 0,
        "FN": 9,
        "f1": 0.9858267716535433
    },
    "boundary_strict": {
        "precision": 0.9712460063897763,
        "recall": 0.9440993788819876,
        "num_correct": 304,
        "num_predicted": 313,
        "num_true": 322,
        "FP": 9,
        "FN": 18,
        "f1": 0.9574803149606299
    },
    "classification": {
        "TP": 197,
        "TN": 107,
        "FP": 6,
        "FN": 3,
        "spesificity": 0.9469026548672567,
        "fp_rate": 0.053097345132743334,
        "fn_rate": 0.015000000000000013,
        "g_mean": 0.9657634881503069,
        "precision": 0.9704433497536946,
        "recall": 0.985,
        "f1": 0.9776674937965261,
        "f1_abs": 0.9638107891600398,
        "accuracy": 0.9712460063897763,
        "support": 313
    },
    "f1_f1": 0.974694474357581
}