{
    "boundary": {
        "precision": 0.9968253968253968,
        "recall": 0.9751552795031055,
        "num_correct": 314,
        "num_predicted": 315,
        "num_true": 322,
        "FP": 1,
        "FN": 8,
        "f1": 0.9858712715855573
    },
    "boundary_strict": {
        "precision": 0.9619047619047619,
        "recall": 0.9409937888198758,
        "num_correct": 303,
        "num_predicted": 315,
        "num_true": 322,
        "FP": 12,
        "FN": 19,
        "f1": 0.9513343799058085
    },
    "classification": {
        "TP": 198,
        "TN": 105,
        "FP": 5,
        "FN": 6,
        "spesificity": 0.9545454545454546,
        "fp_rate": 0.045454545454545414,
        "fn_rate": 0.02941176470588236,
        "g_mean": 0.9625334218796219,
        "precision": 0.9753694581280788,
        "recall": 0.9705882352941176,
        "f1": 0.972972972972973,
        "f1_abs": 0.959226102083245,
        "accuracy": 0.964968152866242,
        "support": 314
    },
    "f1_f1": 0.9723661856734265
}