{
    "boundary": {
        "precision": 0.9690721649484536,
        "recall": 0.94,
        "num_correct": 94,
        "num_predicted": 97,
        "num_true": 100,
        "FP": 3,
        "FN": 6,
        "f1": 0.9543147208121826
    },
    "classification": {
        "TP": 44.0,
        "TN": 47.0,
        "FP": 3.0,
        "FN": 0.0,
        "spesificity": 0.94,
        "fp_rate": 0.06000000000000005,
        "fn_rate": 0.0,
        "g_mean": 0.9695359714832658,
        "precision": 0.9361702127659575,
        "recall": 1.0,
        "f1": 0.967032967032967,
        "f1_abs": 0.9228537959502425,
        "accuracy": 0.9680851063829787,
        "support": 94
    },
    "f1_f1": 0.9383206193460567
}