{
    "boundary": {
        "precision": 0.84375,
        "recall": 0.8181818181818182,
        "num_correct": 27,
        "num_predicted": 32,
        "num_true": 33,
        "FP": 5,
        "FN": 6,
        "f1": 0.8307692307692308
    },
    "boundary_strict": {
        "precision": 0.75,
        "recall": 0.7272727272727273,
        "num_correct": 24,
        "num_predicted": 32,
        "num_true": 33,
        "FP": 8,
        "FN": 9,
        "f1": 0.7384615384615384
    },
    "classification": {
        "TP": 13,
        "TN": 11,
        "FP": 3,
        "FN": 0,
        "spesificity": 0.7857142857142857,
        "fp_rate": 0.2142857142857143,
        "fn_rate": 0.0,
        "g_mean": 0.8864052604279183,
        "precision": 0.8125,
        "recall": 1.0,
        "f1": 0.896551724137931,
        "f1_abs": 0.7448275862068966,
        "accuracy": 0.8888888888888888,
        "support": 27
    },
    "f1_f1": 0.7854545454545455
}