{
    "boundary": {
        "precision": 0.9318181818181818,
        "recall": 0.8723404255319149,
        "num_correct": 82,
        "num_predicted": 88,
        "num_true": 94,
        "FP": 6,
        "FN": 12,
        "f1": 0.9010989010989012
    },
    "boundary_strict": {
        "precision": 0.8409090909090909,
        "recall": 0.7872340425531915,
        "num_correct": 74,
        "num_predicted": 88,
        "num_true": 94,
        "FP": 14,
        "FN": 20,
        "f1": 0.8131868131868133
    },
    "classification": {
        "TP": 40,
        "TN": 34,
        "FP": 5,
        "FN": 3,
        "spesificity": 0.8717948717948718,
        "fp_rate": 0.1282051282051282,
        "fn_rate": 0.06976744186046513,
        "g_mean": 0.9005398235295713,
        "precision": 0.8888888888888888,
        "recall": 0.9302325581395349,
        "f1": 0.9090909090909092,
        "f1_abs": 0.8191808191808194,
        "accuracy": 0.9024390243902439,
        "support": 82
    },
    "f1_f1": 0.8581894296180012
}