{
    "boundary": {
        "precision": 0.9706840390879479,
        "recall": 0.9254658385093167,
        "num_correct": 298,
        "num_predicted": 307,
        "num_true": 322,
        "FP": 9,
        "FN": 24,
        "f1": 0.9475357710651828
    },
    "boundary_strict": {
        "precision": 0.9315960912052117,
        "recall": 0.8881987577639752,
        "num_correct": 286,
        "num_predicted": 307,
        "num_true": 322,
        "FP": 21,
        "FN": 36,
        "f1": 0.9093799682034975
    },
    "classification": {
        "TP": 187,
        "TN": 99,
        "FP": 7,
        "FN": 5,
        "spesificity": 0.9339622641509434,
        "fp_rate": 0.06603773584905659,
        "fn_rate": 0.02604166666666663,
        "g_mean": 0.9537506645809896,
        "precision": 0.9639175257731959,
        "recall": 0.9739583333333334,
        "f1": 0.9689119170984456,
        "f1_abs": 0.9180787004621201,
        "accuracy": 0.959731543624161,
        "support": 298
    },
    "f1_f1": 0.9325746799431011
}