{
    "boundary": {
        "precision": 0.9771241830065359,
        "recall": 0.9285714285714286,
        "num_correct": 299,
        "num_predicted": 306,
        "num_true": 322,
        "FP": 7,
        "FN": 23,
        "f1": 0.9522292993630573
    },
    "boundary_strict": {
        "precision": 0.9477124183006536,
        "recall": 0.9006211180124224,
        "num_correct": 290,
        "num_predicted": 306,
        "num_true": 322,
        "FP": 16,
        "FN": 32,
        "f1": 0.9235668789808917
    },
    "classification": {
        "TP": 191,
        "TN": 99,
        "FP": 6,
        "FN": 3,
        "spesificity": 0.9428571428571428,
        "fp_rate": 0.05714285714285716,
        "fn_rate": 0.015463917525773141,
        "g_mean": 0.9634712646267214,
        "precision": 0.9695431472081218,
        "recall": 0.9845360824742269,
        "f1": 0.9769820971867008,
        "f1_abs": 0.9303109778943425,
        "accuracy": 0.9698996655518395,
        "support": 299
    },
    "f1_f1": 0.9411425416731899
}