{
    "boundary": {
        "precision": 0.7714285714285715,
        "recall": 0.5869565217391305,
        "num_correct": 27,
        "num_predicted": 35,
        "num_true": 46,
        "FP": 8,
        "FN": 19,
        "f1": 0.6666666666666667
    },
    "boundary_strict": {
        "precision": 0.7428571428571429,
        "recall": 0.5652173913043478,
        "num_correct": 26,
        "num_predicted": 35,
        "num_true": 46,
        "FP": 9,
        "FN": 20,
        "f1": 0.6419753086419753
    },
    "classification": {
        "TP": 20,
        "TN": 6,
        "FP": 1,
        "FN": 0,
        "spesificity": 0.8571428571428571,
        "fp_rate": 0.1428571428571429,
        "fn_rate": 0.0,
        "g_mean": 0.9258200997725514,
        "precision": 0.9523809523809523,
        "recall": 1.0,
        "f1": 0.975609756097561,
        "f1_abs": 0.6504065040650407,
        "accuracy": 0.9629629629629629,
        "support": 27
    },
    "f1_f1": 0.6584362139917697
}