{
    "boundary": {
        "precision": 0.891566265060241,
        "recall": 0.7872340425531915,
        "num_correct": 74,
        "num_predicted": 83,
        "num_true": 94,
        "FP": 9,
        "FN": 20,
        "f1": 0.8361581920903955
    },
    "boundary_strict": {
        "precision": 0.8795180722891566,
        "recall": 0.776595744680851,
        "num_correct": 73,
        "num_predicted": 83,
        "num_true": 94,
        "FP": 10,
        "FN": 21,
        "f1": 0.8248587570621468
    },
    "classification": {
        "TP": 35,
        "TN": 38,
        "FP": 1,
        "FN": 0,
        "spesificity": 0.9743589743589743,
        "fp_rate": 0.02564102564102566,
        "fn_rate": 0.0,
        "g_mean": 0.9870962335856491,
        "precision": 0.9722222222222222,
        "recall": 1.0,
        "f1": 0.9859154929577465,
        "f1_abs": 0.8243813161454604,
        "accuracy": 0.9864864864864865,
        "support": 74
    },
    "f1_f1": 0.8302279921464919
}