{
    "boundary": {
        "precision": 0.9803921568627451,
        "recall": 0.8333333333333334,
        "num_correct": 50,
        "num_predicted": 51,
        "num_true": 60,
        "FP": 1,
        "FN": 10,
        "f1": 0.9009009009009009
    },
    "boundary_strict": {
        "precision": 0.9607843137254902,
        "recall": 0.8166666666666667,
        "num_correct": 49,
        "num_predicted": 51,
        "num_true": 60,
        "FP": 2,
        "FN": 11,
        "f1": 0.882882882882883
    },
    "classification": {
        "TP": 27,
        "TN": 22,
        "FP": 0,
        "FN": 1,
        "spesificity": 1.0,
        "fp_rate": 0.0,
        "fn_rate": 0.0357142857142857,
        "g_mean": 0.9819805060619657,
        "precision": 1.0,
        "recall": 0.9642857142857143,
        "f1": 0.9818181818181818,
        "f1_abs": 0.8845208845208845,
        "accuracy": 0.98,
        "support": 50
    },
    "f1_f1": 0.8926357550210763
}