{
    "boundary": {
        "precision": 0.9837662337662337,
        "recall": 0.9409937888198758,
        "num_correct": 303,
        "num_predicted": 308,
        "num_true": 322,
        "FP": 5,
        "FN": 19,
        "f1": 0.9619047619047619
    },
    "boundary_strict": {
        "precision": 0.9577922077922078,
        "recall": 0.9161490683229814,
        "num_correct": 295,
        "num_predicted": 308,
        "num_true": 322,
        "FP": 13,
        "FN": 27,
        "f1": 0.9365079365079364
    },
    "classification": {
        "TP": 196,
        "TN": 99,
        "FP": 5,
        "FN": 3,
        "spesificity": 0.9519230769230769,
        "fp_rate": 0.04807692307692313,
        "fn_rate": 0.015075376884422065,
        "g_mean": 0.9682832631897975,
        "precision": 0.9751243781094527,
        "recall": 0.9849246231155779,
        "f1": 0.98,
        "f1_abs": 0.9426666666666667,
        "accuracy": 0.9735973597359736,
        "support": 303
    },
    "f1_f1": 0.9521885521885521
}