{
    "boundary": {
        "precision": 0.7428571428571429,
        "recall": 0.5652173913043478,
        "num_correct": 26,
        "num_predicted": 35,
        "num_true": 46,
        "FP": 9,
        "FN": 20,
        "f1": 0.6419753086419753
    },
    "boundary_strict": {
        "precision": 0.6571428571428571,
        "recall": 0.5,
        "num_correct": 23,
        "num_predicted": 35,
        "num_true": 46,
        "FP": 12,
        "FN": 23,
        "f1": 0.5679012345679013
    },
    "classification": {
        "TP": 18,
        "TN": 5,
        "FP": 1,
        "FN": 2,
        "spesificity": 0.8333333333333334,
        "fp_rate": 0.16666666666666663,
        "fn_rate": 0.09999999999999998,
        "g_mean": 0.8660254037844386,
        "precision": 0.9473684210526315,
        "recall": 0.9,
        "f1": 0.9230769230769231,
        "f1_abs": 0.5925925925925926,
        "accuracy": 0.8846153846153846,
        "support": 26
    },
    "f1_f1": 0.6162962962962963
}