{
    "boundary": {
        "precision": 0.9836065573770492,
        "recall": 0.9523809523809523,
        "num_correct": 60,
        "num_predicted": 61,
        "num_true": 63,
        "FP": 1,
        "FN": 3,
        "f1": 0.9677419354838709
    },
    "classification": {
        "TP": 31.0,
        "TN": 24.0,
        "FP": 4.0,
        "FN": 1.0,
        "spesificity": 0.8571428571428571,
        "fp_rate": 0.1428571428571429,
        "fn_rate": 0.03125,
        "g_mean": 0.9112393444409338,
        "precision": 0.8857142857142857,
        "recall": 0.96875,
        "f1": 0.9253731343283582,
        "f1_abs": 0.8955223880597014,
        "accuracy": 0.9166666666666666,
        "support": 60
    },
    "f1_f1": 0.9302325581395348
}