{
    "boundary": {
        "precision": 0.8305084745762712,
        "recall": 0.5212765957446809,
        "num_correct": 49,
        "num_predicted": 59,
        "num_true": 94,
        "FP": 10,
        "FN": 45,
        "f1": 0.6405228758169934
    },
    "boundary_strict": {
        "precision": 0.8305084745762712,
        "recall": 0.5212765957446809,
        "num_correct": 49,
        "num_predicted": 59,
        "num_true": 94,
        "FP": 10,
        "FN": 45,
        "f1": 0.6405228758169934
    },
    "classification": {
        "TP": 21,
        "TN": 28,
        "FP": 0,
        "FN": 0,
        "spesificity": 1.0,
        "fp_rate": 0.0,
        "fn_rate": 0.0,
        "g_mean": 1.0,
        "precision": 1.0,
        "recall": 1.0,
        "f1": 1.0,
        "f1_abs": 0.6405228758169934,
        "accuracy": 1.0,
        "support": 49
    },
    "f1_f1": 0.6405228758169934
}