{
    "boundary": {
        "precision": 0.9166666666666666,
        "recall": 0.9565217391304348,
        "num_correct": 44,
        "num_predicted": 48,
        "num_true": 46,
        "FP": 4,
        "FN": 2,
        "f1": 0.9361702127659574
    },
    "boundary_strict": {
        "precision": 0.7916666666666666,
        "recall": 0.8260869565217391,
        "num_correct": 38,
        "num_predicted": 48,
        "num_true": 46,
        "FP": 10,
        "FN": 8,
        "f1": 0.8085106382978724
    },
    "classification": {
        "TP": 33,
        "TN": 5,
        "FP": 4,
        "FN": 2,
        "spesificity": 0.5555555555555556,
        "fp_rate": 0.4444444444444444,
        "fn_rate": 0.05714285714285716,
        "g_mean": 0.7237468644557459,
        "precision": 0.8918918918918919,
        "recall": 0.9428571428571428,
        "f1": 0.9166666666666667,
        "f1_abs": 0.8581560283687943,
        "accuracy": 0.8636363636363636,
        "support": 44
    },
    "f1_f1": 0.8954671600370028
}