{
    "boundary": {
        "precision": 0.9523809523809523,
        "recall": 0.851063829787234,
        "num_correct": 80,
        "num_predicted": 84,
        "num_true": 94,
        "FP": 4,
        "FN": 14,
        "f1": 0.898876404494382
    },
    "boundary_strict": {
        "precision": 0.9166666666666666,
        "recall": 0.8191489361702128,
        "num_correct": 77,
        "num_predicted": 84,
        "num_true": 94,
        "FP": 7,
        "FN": 17,
        "f1": 0.8651685393258427
    },
    "classification": {
        "TP": 38,
        "TN": 39,
        "FP": 2,
        "FN": 1,
        "spesificity": 0.9512195121951219,
        "fp_rate": 0.04878048780487809,
        "fn_rate": 0.02564102564102566,
        "g_mean": 0.9627197246824658,
        "precision": 0.95,
        "recall": 0.9743589743589743,
        "f1": 0.9620253164556962,
        "f1_abs": 0.8647418574882663,
        "accuracy": 0.9625,
        "support": 80
    },
    "f1_f1": 0.8814787966654586
}