{
    "boundary": {
        "precision": 0.775,
        "recall": 0.49206349206349204,
        "num_correct": 31,
        "num_predicted": 40,
        "num_true": 63,
        "FP": 9,
        "FN": 32,
        "f1": 0.6019417475728155
    },
    "boundary_strict": {
        "precision": 0.75,
        "recall": 0.47619047619047616,
        "num_correct": 30,
        "num_predicted": 40,
        "num_true": 63,
        "FP": 10,
        "FN": 33,
        "f1": 0.58252427184466
    },
    "classification": {
        "TP": 18,
        "TN": 12,
        "FP": 1,
        "FN": 0,
        "spesificity": 0.9230769230769231,
        "fp_rate": 0.07692307692307687,
        "fn_rate": 0.0,
        "g_mean": 0.9607689228305228,
        "precision": 0.9473684210526315,
        "recall": 1.0,
        "f1": 0.972972972972973,
        "f1_abs": 0.5856730516924692,
        "accuracy": 0.967741935483871,
        "support": 31
    },
    "f1_f1": 0.5936959702088045
}