{
    "boundary": {
        "precision": 1.0,
        "recall": 0.9893617021276596,
        "num_correct": 93,
        "num_predicted": 93,
        "num_true": 94,
        "FP": 0,
        "FN": 1,
        "f1": 0.9946524064171123
    },
    "boundary_strict": {
        "precision": 0.967741935483871,
        "recall": 0.9574468085106383,
        "num_correct": 90,
        "num_predicted": 93,
        "num_true": 94,
        "FP": 3,
        "FN": 4,
        "f1": 0.9625668449197862
    },
    "classification": {
        "TP": 47,
        "TN": 43,
        "FP": 3,
        "FN": 0,
        "spesificity": 0.9347826086956522,
        "fp_rate": 0.06521739130434778,
        "fn_rate": 0.0,
        "g_mean": 0.966841563388569,
        "precision": 0.94,
        "recall": 1.0,
        "f1": 0.9690721649484536,
        "f1_abs": 0.9638899608578202,
        "accuracy": 0.967741935483871,
        "support": 93
    },
    "f1_f1": 0.979029593750875
}