{
    "boundary": {
        "precision": 0.8714285714285714,
        "recall": 0.61,
        "num_correct": 61,
        "num_predicted": 70,
        "num_true": 100,
        "FP": 9,
        "FN": 39,
        "f1": 0.7176470588235295
    },
    "boundary_strict": {
        "precision": 0.8571428571428571,
        "recall": 0.6,
        "num_correct": 60,
        "num_predicted": 70,
        "num_true": 100,
        "FP": 10,
        "FN": 40,
        "f1": 0.7058823529411764
    },
    "classification": {
        "TP": 25,
        "TN": 35,
        "FP": 0,
        "FN": 1,
        "spesificity": 1.0,
        "fp_rate": 0.0,
        "fn_rate": 0.038461538461538436,
        "g_mean": 0.9805806756909202,
        "precision": 1.0,
        "recall": 0.9615384615384616,
        "f1": 0.9803921568627451,
        "f1_abs": 0.7035755478662054,
        "accuracy": 0.9836065573770492,
        "support": 61
    },
    "f1_f1": 0.7105416423995341
}