{
    "boundary": {
        "precision": 0.9830508474576272,
        "recall": 0.9666666666666667,
        "num_correct": 58,
        "num_predicted": 59,
        "num_true": 60,
        "FP": 1,
        "FN": 2,
        "f1": 0.9747899159663865
    },
    "boundary_strict": {
        "precision": 0.9830508474576272,
        "recall": 0.9666666666666667,
        "num_correct": 58,
        "num_predicted": 59,
        "num_true": 60,
        "FP": 1,
        "FN": 2,
        "f1": 0.9747899159663865
    },
    "classification": {
        "TP": 33,
        "TN": 25,
        "FP": 0,
        "FN": 0,
        "spesificity": 1.0,
        "fp_rate": 0.0,
        "fn_rate": 0.0,
        "g_mean": 1.0,
        "precision": 1.0,
        "recall": 1.0,
        "f1": 1.0,
        "f1_abs": 0.9747899159663865,
        "accuracy": 1.0,
        "support": 58
    },
    "f1_f1": 0.9747899159663865
}