{
    "boundary": {
        "precision": 0.978494623655914,
        "recall": 0.9680851063829787,
        "num_correct": 91,
        "num_predicted": 93,
        "num_true": 94,
        "FP": 2,
        "FN": 3,
        "f1": 0.9732620320855615
    },
    "boundary_strict": {
        "precision": 0.9247311827956989,
        "recall": 0.9148936170212766,
        "num_correct": 86,
        "num_predicted": 93,
        "num_true": 94,
        "FP": 7,
        "FN": 8,
        "f1": 0.9197860962566845
    },
    "classification": {
        "TP": 45,
        "TN": 41,
        "FP": 2,
        "FN": 3,
        "spesificity": 0.9534883720930233,
        "fp_rate": 0.046511627906976716,
        "fn_rate": 0.0625,
        "g_mean": 0.945460389882733,
        "precision": 0.9574468085106383,
        "recall": 0.9375,
        "f1": 0.9473684210526315,
        "f1_abs": 0.922037714607374,
        "accuracy": 0.945054945054945,
        "support": 91
    },
    "f1_f1": 0.9469576528400058
}