{
    "boundary": {
        "precision": 0.9047619047619048,
        "recall": 0.8260869565217391,
        "num_correct": 38,
        "num_predicted": 42,
        "num_true": 46,
        "FP": 4,
        "FN": 8,
        "f1": 0.8636363636363636
    },
    "boundary_strict": {
        "precision": 0.8333333333333334,
        "recall": 0.7608695652173914,
        "num_correct": 35,
        "num_predicted": 42,
        "num_true": 46,
        "FP": 7,
        "FN": 11,
        "f1": 0.7954545454545455
    },
    "classification": {
        "TP": 30,
        "TN": 5,
        "FP": 2,
        "FN": 1,
        "spesificity": 0.7142857142857143,
        "fp_rate": 0.2857142857142857,
        "fn_rate": 0.032258064516129004,
        "g_mean": 0.8314109932105399,
        "precision": 0.9375,
        "recall": 0.967741935483871,
        "f1": 0.9523809523809523,
        "f1_abs": 0.8225108225108225,
        "accuracy": 0.9210526315789473,
        "support": 38
    },
    "f1_f1": 0.8425720620842572
}