{
    "boundary": {
        "precision": 0.7096774193548387,
        "recall": 0.4782608695652174,
        "num_correct": 22,
        "num_predicted": 31,
        "num_true": 46,
        "FP": 9,
        "FN": 24,
        "f1": 0.5714285714285714
    },
    "boundary_strict": {
        "precision": 0.7096774193548387,
        "recall": 0.4782608695652174,
        "num_correct": 22,
        "num_predicted": 31,
        "num_true": 46,
        "FP": 9,
        "FN": 24,
        "f1": 0.5714285714285714
    },
    "classification": {
        "TP": 22,
        "TN": 0,
        "FP": 0,
        "FN": 0,
        "spesificity": 0,
        "fp_rate": 1,
        "fn_rate": 0.0,
        "g_mean": 0.0,
        "precision": 1.0,
        "recall": 1.0,
        "f1": 1.0,
        "f1_abs": 0.5714285714285714,
        "accuracy": 1.0,
        "support": 22
    },
    "f1_f1": 0.5714285714285714
}