{
    "boundary": {
        "precision": 0.7692307692307693,
        "recall": 0.6060606060606061,
        "num_correct": 20,
        "num_predicted": 26,
        "num_true": 33,
        "FP": 6,
        "FN": 13,
        "f1": 0.6779661016949152
    },
    "boundary_strict": {
        "precision": 0.7692307692307693,
        "recall": 0.6060606060606061,
        "num_correct": 20,
        "num_predicted": 26,
        "num_true": 33,
        "FP": 6,
        "FN": 13,
        "f1": 0.6779661016949152
    },
    "classification": {
        "TP": 9,
        "TN": 11,
        "FP": 0,
        "FN": 0,
        "spesificity": 1.0,
        "fp_rate": 0.0,
        "fn_rate": 0.0,
        "g_mean": 1.0,
        "precision": 1.0,
        "recall": 1.0,
        "f1": 1.0,
        "f1_abs": 0.6779661016949152,
        "accuracy": 1.0,
        "support": 20
    },
    "f1_f1": 0.6779661016949152
}