{
    "boundary": {
        "precision": 0.9891304347826086,
        "recall": 0.9680851063829787,
        "num_correct": 91,
        "num_predicted": 92,
        "num_true": 94,
        "FP": 1,
        "FN": 3,
        "f1": 0.9784946236559139
    },
    "boundary_strict": {
        "precision": 0.9565217391304348,
        "recall": 0.9361702127659575,
        "num_correct": 88,
        "num_predicted": 92,
        "num_true": 94,
        "FP": 4,
        "FN": 6,
        "f1": 0.9462365591397849
    },
    "classification": {
        "TP": 45,
        "TN": 43,
        "FP": 2,
        "FN": 1,
        "spesificity": 0.9555555555555556,
        "fp_rate": 0.0444444444444444,
        "fn_rate": 0.021739130434782594,
        "g_mean": 0.966841563388569,
        "precision": 0.9574468085106383,
        "recall": 0.9782608695652174,
        "f1": 0.967741935483871,
        "f1_abs": 0.946930280957336,
        "accuracy": 0.967032967032967,
        "support": 91
    },
    "f1_f1": 0.9624537281861448
}