{
    "boundary": {
        "precision": 0.8461538461538461,
        "recall": 0.9166666666666666,
        "num_correct": 11,
        "num_predicted": 13,
        "num_true": 12,
        "FP": 2,
        "FN": 1,
        "f1": 0.8799999999999999
    },
    "boundary_strict": {
        "precision": 0.7692307692307693,
        "recall": 0.8333333333333334,
        "num_correct": 10,
        "num_predicted": 13,
        "num_true": 12,
        "FP": 3,
        "FN": 2,
        "f1": 0.8
    },
    "classification": {
        "TP": 8,
        "TN": 2,
        "FP": 0,
        "FN": 1,
        "spesificity": 1.0,
        "fp_rate": 0.0,
        "fn_rate": 0.11111111111111116,
        "g_mean": 0.9428090415820634,
        "precision": 1.0,
        "recall": 0.8888888888888888,
        "f1": 0.9411764705882353,
        "f1_abs": 0.828235294117647,
        "accuracy": 0.9090909090909091,
        "support": 11
    },
    "f1_f1": 0.8533333333333332
}