{
    "boundary": {
        "precision": 0.9411764705882353,
        "recall": 0.851063829787234,
        "num_correct": 80,
        "num_predicted": 85,
        "num_true": 94,
        "FP": 5,
        "FN": 14,
        "f1": 0.8938547486033519
    },
    "boundary_strict": {
        "precision": 0.9176470588235294,
        "recall": 0.8297872340425532,
        "num_correct": 78,
        "num_predicted": 85,
        "num_true": 94,
        "FP": 7,
        "FN": 16,
        "f1": 0.871508379888268
    },
    "classification": {
        "TP": 41,
        "TN": 37,
        "FP": 2,
        "FN": 0,
        "spesificity": 0.9487179487179487,
        "fp_rate": 0.05128205128205132,
        "fn_rate": 0.0,
        "g_mean": 0.9740215340114143,
        "precision": 0.9534883720930233,
        "recall": 1.0,
        "f1": 0.9761904761904762,
        "f1_abs": 0.8725724926842244,
        "accuracy": 0.975,
        "support": 80
    },
    "f1_f1": 0.8830854142828296
}