{
    "boundary": {
        "precision": 0.9782608695652174,
        "recall": 0.9574468085106383,
        "num_correct": 90,
        "num_predicted": 92,
        "num_true": 94,
        "FP": 2,
        "FN": 4,
        "f1": 0.967741935483871
    },
    "boundary_strict": {
        "precision": 0.9456521739130435,
        "recall": 0.925531914893617,
        "num_correct": 87,
        "num_predicted": 92,
        "num_true": 94,
        "FP": 5,
        "FN": 7,
        "f1": 0.935483870967742
    },
    "classification": {
        "TP": 45,
        "TN": 42,
        "FP": 1,
        "FN": 2,
        "spesificity": 0.9767441860465116,
        "fp_rate": 0.023255813953488413,
        "fn_rate": 0.04255319148936165,
        "g_mean": 0.967047363711599,
        "precision": 0.9782608695652174,
        "recall": 0.9574468085106383,
        "f1": 0.967741935483871,
        "f1_abs": 0.9365244536940688,
        "accuracy": 0.9666666666666667,
        "support": 90
    },
    "f1_f1": 0.9518773135906927
}