{
    "boundary": {
        "precision": 0.7777777777777778,
        "recall": 0.21212121212121213,
        "num_correct": 7,
        "num_predicted": 9,
        "num_true": 33,
        "FP": 2,
        "FN": 26,
        "f1": 0.3333333333333333
    },
    "boundary_strict": {
        "precision": 0.5555555555555556,
        "recall": 0.15151515151515152,
        "num_correct": 5,
        "num_predicted": 9,
        "num_true": 33,
        "FP": 4,
        "FN": 28,
        "f1": 0.2380952380952381
    },
    "classification": {
        "TP": 4,
        "TN": 1,
        "FP": 2,
        "FN": 0,
        "spesificity": 0.3333333333333333,
        "fp_rate": 0.6666666666666667,
        "fn_rate": 0.0,
        "g_mean": 0.5773502691896257,
        "precision": 0.6666666666666666,
        "recall": 1.0,
        "f1": 0.8,
        "f1_abs": 0.26666666666666666,
        "accuracy": 0.7142857142857143,
        "support": 7
    },
    "f1_f1": 0.2962962962962963
}