{
    "boundary": {
        "precision": 0.9512195121951219,
        "recall": 0.8478260869565217,
        "num_correct": 39,
        "num_predicted": 41,
        "num_true": 46,
        "FP": 2,
        "FN": 7,
        "f1": 0.8965517241379309
    },
    "boundary_strict": {
        "precision": 0.8780487804878049,
        "recall": 0.782608695652174,
        "num_correct": 36,
        "num_predicted": 41,
        "num_true": 46,
        "FP": 5,
        "FN": 10,
        "f1": 0.8275862068965518
    },
    "classification": {
        "TP": 30,
        "TN": 6,
        "FP": 1,
        "FN": 2,
        "spesificity": 0.8571428571428571,
        "fp_rate": 0.1428571428571429,
        "fn_rate": 0.0625,
        "g_mean": 0.8964214570007952,
        "precision": 0.967741935483871,
        "recall": 0.9375,
        "f1": 0.9523809523809523,
        "f1_abs": 0.8538587848932675,
        "accuracy": 0.9230769230769231,
        "support": 39
    },
    "f1_f1": 0.8746846089150544
}