{
    "boundary": {
        "precision": 0.9,
        "recall": 0.75,
        "num_correct": 9,
        "num_predicted": 10,
        "num_true": 12,
        "FP": 1,
        "FN": 3,
        "f1": 0.8181818181818182
    },
    "boundary_strict": {
        "precision": 0.8,
        "recall": 0.6666666666666666,
        "num_correct": 8,
        "num_predicted": 10,
        "num_true": 12,
        "FP": 2,
        "FN": 4,
        "f1": 0.7272727272727272
    },
    "classification": {
        "TP": 6,
        "TN": 2,
        "FP": 0,
        "FN": 1,
        "spesificity": 1.0,
        "fp_rate": 0.0,
        "fn_rate": 0.1428571428571429,
        "g_mean": 0.9258200997725514,
        "precision": 1.0,
        "recall": 0.8571428571428571,
        "f1": 0.9230769230769231,
        "f1_abs": 0.7552447552447553,
        "accuracy": 0.8888888888888888,
        "support": 9
    },
    "f1_f1": 0.7854545454545455
}