{
    "boundary": {
        "precision": 0.9867109634551495,
        "recall": 0.922360248447205,
        "num_correct": 297,
        "num_predicted": 301,
        "num_true": 322,
        "FP": 4,
        "FN": 25,
        "f1": 0.9534510433386838
    },
    "boundary_strict": {
        "precision": 0.9568106312292359,
        "recall": 0.8944099378881988,
        "num_correct": 288,
        "num_predicted": 301,
        "num_true": 322,
        "FP": 13,
        "FN": 34,
        "f1": 0.9245585874799359
    },
    "classification": {
        "TP": 189,
        "TN": 99,
        "FP": 6,
        "FN": 3,
        "spesificity": 0.9428571428571428,
        "fp_rate": 0.05714285714285716,
        "fn_rate": 0.015625,
        "g_mean": 0.9633924433998846,
        "precision": 0.9692307692307692,
        "recall": 0.984375,
        "f1": 0.9767441860465116,
        "f1_abs": 0.93127776326104,
        "accuracy": 0.9696969696969697,
        "support": 297
    },
    "f1_f1": 0.9422339722405815
}