{
    "boundary": {
        "precision": 0.23809523809523808,
        "recall": 0.10869565217391304,
        "num_correct": 5,
        "num_predicted": 21,
        "num_true": 46,
        "FP": 16,
        "FN": 41,
        "f1": 0.1492537313432836
    },
    "boundary_strict": {
        "precision": 0.19047619047619047,
        "recall": 0.08695652173913043,
        "num_correct": 4,
        "num_predicted": 21,
        "num_true": 46,
        "FP": 17,
        "FN": 42,
        "f1": 0.11940298507462685
    },
    "classification": {
        "TP": 3,
        "TN": 1,
        "FP": 1,
        "FN": 0,
        "spesificity": 0.5,
        "fp_rate": 0.5,
        "fn_rate": 0.0,
        "g_mean": 0.7071067811865476,
        "precision": 0.75,
        "recall": 1.0,
        "f1": 0.8571428571428571,
        "f1_abs": 0.1279317697228145,
        "accuracy": 0.8,
        "support": 5
    },
    "f1_f1": 0.13777267508610794
}