{
    "boundary": {
        "precision": 0.8367346938775511,
        "recall": 0.6833333333333333,
        "num_correct": 41,
        "num_predicted": 49,
        "num_true": 60,
        "FP": 8,
        "FN": 19,
        "f1": 0.7522935779816514
    },
    "boundary_strict": {
        "precision": 0.8367346938775511,
        "recall": 0.6833333333333333,
        "num_correct": 41,
        "num_predicted": 49,
        "num_true": 60,
        "FP": 8,
        "FN": 19,
        "f1": 0.7522935779816514
    },
    "classification": {
        "TP": 25,
        "TN": 16,
        "FP": 0,
        "FN": 0,
        "spesificity": 1.0,
        "fp_rate": 0.0,
        "fn_rate": 0.0,
        "g_mean": 1.0,
        "precision": 1.0,
        "recall": 1.0,
        "f1": 1.0,
        "f1_abs": 0.7522935779816514,
        "accuracy": 1.0,
        "support": 41
    },
    "f1_f1": 0.7522935779816514
}