{
    "boundary": {
        "precision": 0.9534883720930233,
        "recall": 0.8913043478260869,
        "num_correct": 41,
        "num_predicted": 43,
        "num_true": 46,
        "FP": 2,
        "FN": 5,
        "f1": 0.9213483146067417
    },
    "boundary_strict": {
        "precision": 0.9069767441860465,
        "recall": 0.8478260869565217,
        "num_correct": 39,
        "num_predicted": 43,
        "num_true": 46,
        "FP": 4,
        "FN": 7,
        "f1": 0.8764044943820224
    },
    "classification": {
        "TP": 32,
        "TN": 7,
        "FP": 2,
        "FN": 0,
        "spesificity": 0.7777777777777778,
        "fp_rate": 0.2222222222222222,
        "fn_rate": 0.0,
        "g_mean": 0.8819171036881969,
        "precision": 0.9411764705882353,
        "recall": 1.0,
        "f1": 0.9696969696969697,
        "f1_abs": 0.8934286687095677,
        "accuracy": 0.9512195121951219,
        "support": 41
    },
    "f1_f1": 0.9071737251512534
}