{
    "boundary": {
        "precision": 0.9878048780487805,
        "recall": 0.8617021276595744,
        "num_correct": 81,
        "num_predicted": 82,
        "num_true": 94,
        "FP": 1,
        "FN": 13,
        "f1": 0.9204545454545454
    },
    "boundary_strict": {
        "precision": 0.975609756097561,
        "recall": 0.851063829787234,
        "num_correct": 80,
        "num_predicted": 82,
        "num_true": 94,
        "FP": 2,
        "FN": 14,
        "f1": 0.9090909090909092
    },
    "classification": {
        "TP": 42,
        "TN": 38,
        "FP": 1,
        "FN": 0,
        "spesificity": 0.9743589743589743,
        "fp_rate": 0.02564102564102566,
        "fn_rate": 0.0,
        "g_mean": 0.9870962335856491,
        "precision": 0.9767441860465116,
        "recall": 1.0,
        "f1": 0.9882352941176471,
        "f1_abs": 0.9096256684491979,
        "accuracy": 0.9876543209876543,
        "support": 81
    },
    "f1_f1": 0.9150080688542227
}