{
    "boundary": {
        "precision": 0.7567567567567568,
        "recall": 0.6086956521739131,
        "num_correct": 28,
        "num_predicted": 37,
        "num_true": 46,
        "FP": 9,
        "FN": 18,
        "f1": 0.674698795180723
    },
    "boundary_strict": {
        "precision": 0.6756756756756757,
        "recall": 0.5434782608695652,
        "num_correct": 25,
        "num_predicted": 37,
        "num_true": 46,
        "FP": 12,
        "FN": 21,
        "f1": 0.6024096385542168
    },
    "classification": {
        "TP": 22,
        "TN": 3,
        "FP": 2,
        "FN": 1,
        "spesificity": 0.6,
        "fp_rate": 0.4,
        "fn_rate": 0.04347826086956519,
        "g_mean": 0.7575704874652001,
        "precision": 0.9166666666666666,
        "recall": 0.9565217391304348,
        "f1": 0.9361702127659575,
        "f1_abs": 0.6316329146372726,
        "accuracy": 0.8928571428571429,
        "support": 28
    },
    "f1_f1": 0.6524559777571826
}