{
    "boundary": {
        "precision": 0.8181818181818182,
        "recall": 0.6,
        "num_correct": 36,
        "num_predicted": 44,
        "num_true": 60,
        "FP": 8,
        "FN": 24,
        "f1": 0.6923076923076923
    },
    "boundary_strict": {
        "precision": 0.8181818181818182,
        "recall": 0.6,
        "num_correct": 36,
        "num_predicted": 44,
        "num_true": 60,
        "FP": 8,
        "FN": 24,
        "f1": 0.6923076923076923
    },
    "classification": {
        "TP": 19,
        "TN": 17,
        "FP": 0,
        "FN": 0,
        "spesificity": 1.0,
        "fp_rate": 0.0,
        "fn_rate": 0.0,
        "g_mean": 1.0,
        "precision": 1.0,
        "recall": 1.0,
        "f1": 1.0,
        "f1_abs": 0.6923076923076923,
        "accuracy": 1.0,
        "support": 36
    },
    "f1_f1": 0.6923076923076923
}