{
    "boundary": {
        "precision": 0.6764705882352942,
        "recall": 0.38333333333333336,
        "num_correct": 23,
        "num_predicted": 34,
        "num_true": 60,
        "FP": 11,
        "FN": 37,
        "f1": 0.4893617021276596
    },
    "boundary_strict": {
        "precision": 0.6470588235294118,
        "recall": 0.36666666666666664,
        "num_correct": 22,
        "num_predicted": 34,
        "num_true": 60,
        "FP": 12,
        "FN": 38,
        "f1": 0.46808510638297873
    },
    "classification": {
        "TP": 12,
        "TN": 10,
        "FP": 1,
        "FN": 0,
        "spesificity": 0.9090909090909091,
        "fp_rate": 0.09090909090909094,
        "fn_rate": 0.0,
        "g_mean": 0.9534625892455924,
        "precision": 0.9230769230769231,
        "recall": 1.0,
        "f1": 0.96,
        "f1_abs": 0.46978723404255324,
        "accuracy": 0.9565217391304348,
        "support": 23
    },
    "f1_f1": 0.47937472861485025
}