{
    "boundary": {
        "precision": 0.9285714285714286,
        "recall": 0.8478260869565217,
        "num_correct": 39,
        "num_predicted": 42,
        "num_true": 46,
        "FP": 3,
        "FN": 7,
        "f1": 0.8863636363636365
    },
    "boundary_strict": {
        "precision": 0.8809523809523809,
        "recall": 0.8043478260869565,
        "num_correct": 37,
        "num_predicted": 42,
        "num_true": 46,
        "FP": 5,
        "FN": 9,
        "f1": 0.8409090909090908
    },
    "classification": {
        "TP": 31,
        "TN": 6,
        "FP": 2,
        "FN": 0,
        "spesificity": 0.75,
        "fp_rate": 0.25,
        "fn_rate": 0.0,
        "g_mean": 0.8660254037844386,
        "precision": 0.9393939393939394,
        "recall": 1.0,
        "f1": 0.96875,
        "f1_abs": 0.8586647727272728,
        "accuracy": 0.9487179487179487,
        "support": 39
    },
    "f1_f1": 0.8722943722943725
}