{
    "boundary": {
        "precision": 0.4642857142857143,
        "recall": 0.2826086956521739,
        "num_correct": 13,
        "num_predicted": 28,
        "num_true": 46,
        "FP": 15,
        "FN": 33,
        "f1": 0.35135135135135126
    },
    "boundary_strict": {
        "precision": 0.4642857142857143,
        "recall": 0.2826086956521739,
        "num_correct": 13,
        "num_predicted": 28,
        "num_true": 46,
        "FP": 15,
        "FN": 33,
        "f1": 0.35135135135135126
    },
    "classification": {
        "TP": 12,
        "TN": 1,
        "FP": 0,
        "FN": 0,
        "spesificity": 1.0,
        "fp_rate": 0.0,
        "fn_rate": 0.0,
        "g_mean": 1.0,
        "precision": 1.0,
        "recall": 1.0,
        "f1": 1.0,
        "f1_abs": 0.35135135135135126,
        "accuracy": 1.0,
        "support": 13
    },
    "f1_f1": 0.35135135135135126
}