{
    "boundary": {
        "precision": 1.0,
        "recall": 0.9782608695652174,
        "num_correct": 45,
        "num_predicted": 45,
        "num_true": 46,
        "FP": 0,
        "FN": 1,
        "f1": 0.989010989010989
    },
    "classification": {
        "TP": 39.0,
        "TN": 3.0,
        "FP": 1.0,
        "FN": 2.0,
        "spesificity": 0.75,
        "fp_rate": 0.25,
        "fn_rate": 0.04878048780487809,
        "g_mean": 0.8446387595572095,
        "precision": 0.975,
        "recall": 0.9512195121951219,
        "f1": 0.9629629629629629,
        "f1_abs": 0.9523809523809523,
        "accuracy": 0.9333333333333333,
        "support": 45
    },
    "f1_f1": 0.9703504043126684
}