{
    "boundary": {
        "precision": 0.625,
        "recall": 0.32608695652173914,
        "num_correct": 15,
        "num_predicted": 24,
        "num_true": 46,
        "FP": 9,
        "FN": 31,
        "f1": 0.4285714285714286
    },
    "boundary_strict": {
        "precision": 0.625,
        "recall": 0.32608695652173914,
        "num_correct": 15,
        "num_predicted": 24,
        "num_true": 46,
        "FP": 9,
        "FN": 31,
        "f1": 0.4285714285714286
    },
    "classification": {
        "TP": 15,
        "TN": 0,
        "FP": 0,
        "FN": 0,
        "spesificity": 0,
        "fp_rate": 1,
        "fn_rate": 0.0,
        "g_mean": 0.0,
        "precision": 1.0,
        "recall": 1.0,
        "f1": 1.0,
        "f1_abs": 0.4285714285714286,
        "accuracy": 1.0,
        "support": 15
    },
    "f1_f1": 0.4285714285714286
}