{
    "boundary": {
        "precision": 0.6666666666666666,
        "recall": 0.12121212121212122,
        "num_correct": 4,
        "num_predicted": 6,
        "num_true": 33,
        "FP": 2,
        "FN": 29,
        "f1": 0.20512820512820512
    },
    "boundary_strict": {
        "precision": 0.6666666666666666,
        "recall": 0.12121212121212122,
        "num_correct": 4,
        "num_predicted": 6,
        "num_true": 33,
        "FP": 2,
        "FN": 29,
        "f1": 0.20512820512820512
    },
    "classification": {
        "TP": 3,
        "TN": 1,
        "FP": 0,
        "FN": 0,
        "spesificity": 1.0,
        "fp_rate": 0.0,
        "fn_rate": 0.0,
        "g_mean": 1.0,
        "precision": 1.0,
        "recall": 1.0,
        "f1": 1.0,
        "f1_abs": 0.20512820512820512,
        "accuracy": 1.0,
        "support": 4
    },
    "f1_f1": 0.20512820512820512
}