{
    "boundary": {
        "precision": 0.6666666666666666,
        "recall": 0.0851063829787234,
        "num_correct": 8,
        "num_predicted": 12,
        "num_true": 94,
        "FP": 4,
        "FN": 86,
        "f1": 0.1509433962264151
    },
    "boundary_strict": {
        "precision": 0.6666666666666666,
        "recall": 0.0851063829787234,
        "num_correct": 8,
        "num_predicted": 12,
        "num_true": 94,
        "FP": 4,
        "FN": 86,
        "f1": 0.1509433962264151
    },
    "classification": {
        "TP": 3,
        "TN": 5,
        "FP": 0,
        "FN": 0,
        "spesificity": 1.0,
        "fp_rate": 0.0,
        "fn_rate": 0.0,
        "g_mean": 1.0,
        "precision": 1.0,
        "recall": 1.0,
        "f1": 1.0,
        "f1_abs": 0.1509433962264151,
        "accuracy": 1.0,
        "support": 8
    },
    "f1_f1": 0.1509433962264151
}