{
    "boundary": {
        "precision": 0.9310344827586207,
        "recall": 0.9,
        "num_correct": 54,
        "num_predicted": 58,
        "num_true": 60,
        "FP": 4,
        "FN": 6,
        "f1": 0.9152542372881356
    },
    "boundary_strict": {
        "precision": 0.9310344827586207,
        "recall": 0.9,
        "num_correct": 54,
        "num_predicted": 58,
        "num_true": 60,
        "FP": 4,
        "FN": 6,
        "f1": 0.9152542372881356
    },
    "classification": {
        "TP": 28,
        "TN": 26,
        "FP": 0,
        "FN": 0,
        "spesificity": 1.0,
        "fp_rate": 0.0,
        "fn_rate": 0.0,
        "g_mean": 1.0,
        "precision": 1.0,
        "recall": 1.0,
        "f1": 1.0,
        "f1_abs": 0.9152542372881356,
        "accuracy": 1.0,
        "support": 54
    },
    "f1_f1": 0.9152542372881356
}