{
    "boundary": {
        "precision": 0.8974358974358975,
        "recall": 0.7,
        "num_correct": 70,
        "num_predicted": 78,
        "num_true": 100,
        "FP": 8,
        "FN": 30,
        "f1": 0.7865168539325842
    },
    "boundary_strict": {
        "precision": 0.8717948717948718,
        "recall": 0.68,
        "num_correct": 68,
        "num_predicted": 78,
        "num_true": 100,
        "FP": 10,
        "FN": 32,
        "f1": 0.7640449438202247
    },
    "classification": {
        "TP": 33,
        "TN": 35,
        "FP": 2,
        "FN": 0,
        "spesificity": 0.9459459459459459,
        "fp_rate": 0.05405405405405406,
        "fn_rate": 0.0,
        "g_mean": 0.9725975251592747,
        "precision": 0.9428571428571428,
        "recall": 1.0,
        "f1": 0.9705882352941176,
        "f1_abs": 0.7633840052875082,
        "accuracy": 0.9714285714285714,
        "support": 70
    },
    "f1_f1": 0.7747777964112023
}