{
    "boundary": {
        "precision": 0.9512195121951219,
        "recall": 0.8478260869565217,
        "num_correct": 39,
        "num_predicted": 41,
        "num_true": 46,
        "FP": 2,
        "FN": 7,
        "f1": 0.8965517241379309
    },
    "boundary_strict": {
        "precision": 0.9024390243902439,
        "recall": 0.8043478260869565,
        "num_correct": 37,
        "num_predicted": 41,
        "num_true": 46,
        "FP": 4,
        "FN": 9,
        "f1": 0.8505747126436782
    },
    "classification": {
        "TP": 29,
        "TN": 8,
        "FP": 2,
        "FN": 0,
        "spesificity": 0.8,
        "fp_rate": 0.19999999999999996,
        "fn_rate": 0.0,
        "g_mean": 0.8944271909999159,
        "precision": 0.9354838709677419,
        "recall": 1.0,
        "f1": 0.9666666666666666,
        "f1_abs": 0.8666666666666665,
        "accuracy": 0.9487179487179487,
        "support": 39
    },
    "f1_f1": 0.8813559322033897
}