{
    "boundary": {
        "precision": 0.9655172413793104,
        "recall": 0.8936170212765957,
        "num_correct": 84,
        "num_predicted": 87,
        "num_true": 94,
        "FP": 3,
        "FN": 10,
        "f1": 0.9281767955801106
    },
    "boundary_strict": {
        "precision": 0.9540229885057471,
        "recall": 0.8829787234042553,
        "num_correct": 83,
        "num_predicted": 87,
        "num_true": 94,
        "FP": 4,
        "FN": 11,
        "f1": 0.9171270718232043
    },
    "classification": {
        "TP": 43,
        "TN": 40,
        "FP": 1,
        "FN": 0,
        "spesificity": 0.975609756097561,
        "fp_rate": 0.024390243902439046,
        "fn_rate": 0.0,
        "g_mean": 0.9877295966495896,
        "precision": 0.9772727272727273,
        "recall": 1.0,
        "f1": 0.9885057471264368,
        "f1_abs": 0.9175080967803392,
        "accuracy": 0.9880952380952381,
        "support": 84
    },
    "f1_f1": 0.9228116117906301
}