{
    "boundary": {
        "precision": 0.9814814814814815,
        "recall": 0.8833333333333333,
        "num_correct": 53,
        "num_predicted": 54,
        "num_true": 60,
        "FP": 1,
        "FN": 7,
        "f1": 0.9298245614035088
    },
    "boundary_strict": {
        "precision": 0.9629629629629629,
        "recall": 0.8666666666666667,
        "num_correct": 52,
        "num_predicted": 54,
        "num_true": 60,
        "FP": 2,
        "FN": 8,
        "f1": 0.912280701754386
    },
    "classification": {
        "TP": 28,
        "TN": 24,
        "FP": 1,
        "FN": 0,
        "spesificity": 0.96,
        "fp_rate": 0.040000000000000036,
        "fn_rate": 0.0,
        "g_mean": 0.9797958971132712,
        "precision": 0.9655172413793104,
        "recall": 1.0,
        "f1": 0.9824561403508771,
        "f1_abs": 0.9135118497999384,
        "accuracy": 0.9811320754716981,
        "support": 53
    },
    "f1_f1": 0.9215960254618848
}