{
    "boundary": {
        "precision": 0.23076923076923078,
        "recall": 0.09090909090909091,
        "num_correct": 3,
        "num_predicted": 13,
        "num_true": 33,
        "FP": 10,
        "FN": 30,
        "f1": 0.13043478260869568
    },
    "boundary_strict": {
        "precision": 0.23076923076923078,
        "recall": 0.09090909090909091,
        "num_correct": 3,
        "num_predicted": 13,
        "num_true": 33,
        "FP": 10,
        "FN": 30,
        "f1": 0.13043478260869568
    },
    "classification": {
        "TP": 2,
        "TN": 1,
        "FP": 0,
        "FN": 0,
        "spesificity": 1.0,
        "fp_rate": 0.0,
        "fn_rate": 0.0,
        "g_mean": 1.0,
        "precision": 1.0,
        "recall": 1.0,
        "f1": 1.0,
        "f1_abs": 0.13043478260869568,
        "accuracy": 1.0,
        "support": 3
    },
    "f1_f1": 0.13043478260869568
}