{
    "boundary": {
        "precision": 0.8620689655172413,
        "recall": 0.5319148936170213,
        "num_correct": 50,
        "num_predicted": 58,
        "num_true": 94,
        "FP": 8,
        "FN": 44,
        "f1": 0.6578947368421053
    },
    "boundary_strict": {
        "precision": 0.8620689655172413,
        "recall": 0.5319148936170213,
        "num_correct": 50,
        "num_predicted": 58,
        "num_true": 94,
        "FP": 8,
        "FN": 44,
        "f1": 0.6578947368421053
    },
    "classification": {
        "TP": 27,
        "TN": 23,
        "FP": 0,
        "FN": 0,
        "spesificity": 1.0,
        "fp_rate": 0.0,
        "fn_rate": 0.0,
        "g_mean": 1.0,
        "precision": 1.0,
        "recall": 1.0,
        "f1": 1.0,
        "f1_abs": 0.6578947368421053,
        "accuracy": 1.0,
        "support": 50
    },
    "f1_f1": 0.6578947368421053
}