{
    "boundary": {
        "precision": 0.9464285714285714,
        "recall": 0.53,
        "num_correct": 53,
        "num_predicted": 56,
        "num_true": 100,
        "FP": 3,
        "FN": 47,
        "f1": 0.6794871794871796
    },
    "boundary_strict": {
        "precision": 0.9464285714285714,
        "recall": 0.53,
        "num_correct": 53,
        "num_predicted": 56,
        "num_true": 100,
        "FP": 3,
        "FN": 47,
        "f1": 0.6794871794871796
    },
    "classification": {
        "TP": 24,
        "TN": 29,
        "FP": 0,
        "FN": 0,
        "spesificity": 1.0,
        "fp_rate": 0.0,
        "fn_rate": 0.0,
        "g_mean": 1.0,
        "precision": 1.0,
        "recall": 1.0,
        "f1": 1.0,
        "f1_abs": 0.6794871794871796,
        "accuracy": 1.0,
        "support": 53
    },
    "f1_f1": 0.6794871794871796
}