{
    "boundary": {
        "precision": 0.8947368421052632,
        "recall": 0.7391304347826086,
        "num_correct": 34,
        "num_predicted": 38,
        "num_true": 46,
        "FP": 4,
        "FN": 12,
        "f1": 0.8095238095238095
    },
    "boundary_strict": {
        "precision": 0.7631578947368421,
        "recall": 0.6304347826086957,
        "num_correct": 29,
        "num_predicted": 38,
        "num_true": 46,
        "FP": 9,
        "FN": 17,
        "f1": 0.6904761904761905
    },
    "classification": {
        "TP": 26,
        "TN": 3,
        "FP": 4,
        "FN": 1,
        "spesificity": 0.42857142857142855,
        "fp_rate": 0.5714285714285714,
        "fn_rate": 0.03703703703703709,
        "g_mean": 0.642416074439621,
        "precision": 0.8666666666666667,
        "recall": 0.9629629629629629,
        "f1": 0.9122807017543859,
        "f1_abs": 0.7385129490392648,
        "accuracy": 0.8529411764705882,
        "support": 34
    },
    "f1_f1": 0.7723896898208825
}