{
    "boundary": {
        "precision": 0.9204545454545454,
        "recall": 0.8617021276595744,
        "num_correct": 81,
        "num_predicted": 88,
        "num_true": 94,
        "FP": 7,
        "FN": 13,
        "f1": 0.8901098901098901
    },
    "boundary_strict": {
        "precision": 0.8863636363636364,
        "recall": 0.8297872340425532,
        "num_correct": 78,
        "num_predicted": 88,
        "num_true": 94,
        "FP": 10,
        "FN": 16,
        "f1": 0.8571428571428571
    },
    "classification": {
        "TP": 40,
        "TN": 38,
        "FP": 2,
        "FN": 1,
        "spesificity": 0.95,
        "fp_rate": 0.050000000000000044,
        "fn_rate": 0.024390243902439046,
        "g_mean": 0.9627197246824658,
        "precision": 0.9523809523809523,
        "recall": 0.975609756097561,
        "f1": 0.963855421686747,
        "f1_abs": 0.8579372434794121,
        "accuracy": 0.9629629629629629,
        "support": 81
    },
    "f1_f1": 0.8737274994943707
}