{
    "boundary": {
        "precision": 0.8108108108108109,
        "recall": 0.6521739130434783,
        "num_correct": 30,
        "num_predicted": 37,
        "num_true": 46,
        "FP": 7,
        "FN": 16,
        "f1": 0.7228915662650603
    },
    "boundary_strict": {
        "precision": 0.8108108108108109,
        "recall": 0.6521739130434783,
        "num_correct": 30,
        "num_predicted": 37,
        "num_true": 46,
        "FP": 7,
        "FN": 16,
        "f1": 0.7228915662650603
    },
    "classification": {
        "TP": 24,
        "TN": 6,
        "FP": 0,
        "FN": 0,
        "spesificity": 1.0,
        "fp_rate": 0.0,
        "fn_rate": 0.0,
        "g_mean": 1.0,
        "precision": 1.0,
        "recall": 1.0,
        "f1": 1.0,
        "f1_abs": 0.7228915662650603,
        "accuracy": 1.0,
        "support": 30
    },
    "f1_f1": 0.7228915662650603
}