{
    "boundary": {
        "precision": 0.9302325581395349,
        "recall": 0.8695652173913043,
        "num_correct": 40,
        "num_predicted": 43,
        "num_true": 46,
        "FP": 3,
        "FN": 6,
        "f1": 0.898876404494382
    },
    "boundary_strict": {
        "precision": 0.8604651162790697,
        "recall": 0.8043478260869565,
        "num_correct": 37,
        "num_predicted": 43,
        "num_true": 46,
        "FP": 6,
        "FN": 9,
        "f1": 0.8314606741573034
    },
    "classification": {
        "TP": 30,
        "TN": 7,
        "FP": 3,
        "FN": 0,
        "spesificity": 0.7,
        "fp_rate": 0.30000000000000004,
        "fn_rate": 0.0,
        "g_mean": 0.8366600265340756,
        "precision": 0.9090909090909091,
        "recall": 1.0,
        "f1": 0.9523809523809523,
        "f1_abs": 0.8560727661851256,
        "accuracy": 0.925,
        "support": 40
    },
    "f1_f1": 0.8769525897506164
}