{
    "boundary": {
        "precision": 0.9444444444444444,
        "recall": 0.85,
        "num_correct": 51,
        "num_predicted": 54,
        "num_true": 60,
        "FP": 3,
        "FN": 9,
        "f1": 0.8947368421052632
    },
    "boundary_strict": {
        "precision": 0.9259259259259259,
        "recall": 0.8333333333333334,
        "num_correct": 50,
        "num_predicted": 54,
        "num_true": 60,
        "FP": 4,
        "FN": 10,
        "f1": 0.8771929824561403
    },
    "classification": {
        "TP": 26,
        "TN": 24,
        "FP": 0,
        "FN": 1,
        "spesificity": 1.0,
        "fp_rate": 0.0,
        "fn_rate": 0.03703703703703709,
        "g_mean": 0.9813067629253163,
        "precision": 1.0,
        "recall": 0.9629629629629629,
        "f1": 0.9811320754716981,
        "f1_abs": 0.8778550148957299,
        "accuracy": 0.9803921568627451,
        "support": 51
    },
    "f1_f1": 0.8862155388471178
}