{
    "boundary": {
        "precision": 0.9830508474576272,
        "recall": 0.9206349206349206,
        "num_correct": 58,
        "num_predicted": 59,
        "num_true": 63,
        "FP": 1,
        "FN": 5,
        "f1": 0.9508196721311476
    },
    "classification": {
        "TP": 30.0,
        "TN": 22.0,
        "FP": 5.0,
        "FN": 1.0,
        "spesificity": 0.8148148148148148,
        "fp_rate": 0.18518518518518523,
        "fn_rate": 0.032258064516129004,
        "g_mean": 0.8879923794435518,
        "precision": 0.8571428571428571,
        "recall": 0.967741935483871,
        "f1": 0.909090909090909,
        "f1_abs": 0.864381520119225,
        "accuracy": 0.896551724137931,
        "support": 58
    },
    "f1_f1": 0.9055425448868072
}