{
    "boundary": {
        "precision": 0.9425287356321839,
        "recall": 0.8723404255319149,
        "num_correct": 82,
        "num_predicted": 87,
        "num_true": 94,
        "FP": 5,
        "FN": 12,
        "f1": 0.9060773480662984
    },
    "boundary_strict": {
        "precision": 0.9195402298850575,
        "recall": 0.851063829787234,
        "num_correct": 80,
        "num_predicted": 87,
        "num_true": 94,
        "FP": 7,
        "FN": 14,
        "f1": 0.8839779005524862
    },
    "classification": {
        "TP": 42,
        "TN": 38,
        "FP": 2,
        "FN": 0,
        "spesificity": 0.95,
        "fp_rate": 0.050000000000000044,
        "fn_rate": 0.0,
        "g_mean": 0.9746794344808963,
        "precision": 0.9545454545454546,
        "recall": 1.0,
        "f1": 0.9767441860465116,
        "f1_abs": 0.8850057818321984,
        "accuracy": 0.975609756097561,
        "support": 82
    },
    "f1_f1": 0.895417614559636
}