{
    "boundary": {
        "precision": 0.7142857142857143,
        "recall": 0.25,
        "num_correct": 15,
        "num_predicted": 21,
        "num_true": 60,
        "FP": 6,
        "FN": 45,
        "f1": 0.37037037037037035
    },
    "boundary_strict": {
        "precision": 0.6666666666666666,
        "recall": 0.23333333333333334,
        "num_correct": 14,
        "num_predicted": 21,
        "num_true": 60,
        "FP": 7,
        "FN": 46,
        "f1": 0.34567901234567905
    },
    "classification": {
        "TP": 1,
        "TN": 13,
        "FP": 1,
        "FN": 0,
        "spesificity": 0.9285714285714286,
        "fp_rate": 0.0714285714285714,
        "fn_rate": 0.0,
        "g_mean": 0.9636241116594315,
        "precision": 0.5,
        "recall": 1.0,
        "f1": 0.6666666666666666,
        "f1_abs": 0.24691358024691357,
        "accuracy": 0.9333333333333333,
        "support": 15
    },
    "f1_f1": 0.2962962962962963
}