{
    "boundary": {
        "precision": 0.9555555555555556,
        "recall": 0.9347826086956522,
        "num_correct": 43,
        "num_predicted": 45,
        "num_true": 46,
        "FP": 2,
        "FN": 3,
        "f1": 0.945054945054945
    },
    "boundary_strict": {
        "precision": 0.9111111111111111,
        "recall": 0.8913043478260869,
        "num_correct": 41,
        "num_predicted": 45,
        "num_true": 46,
        "FP": 4,
        "FN": 5,
        "f1": 0.9010989010989011
    },
    "classification": {
        "TP": 34,
        "TN": 7,
        "FP": 2,
        "FN": 0,
        "spesificity": 0.7777777777777778,
        "fp_rate": 0.2222222222222222,
        "fn_rate": 0.0,
        "g_mean": 0.8819171036881969,
        "precision": 0.9444444444444444,
        "recall": 1.0,
        "f1": 0.9714285714285714,
        "f1_abs": 0.9180533751962323,
        "accuracy": 0.9534883720930233,
        "support": 43
    },
    "f1_f1": 0.9313584965758879
}