{
    "boundary": {
        "precision": 0.1,
        "recall": 0.02,
        "num_correct": 2,
        "num_predicted": 20,
        "num_true": 100,
        "FP": 18,
        "FN": 98,
        "f1": 0.03333333333333333
    },
    "boundary_strict": {
        "precision": 0.1,
        "recall": 0.02,
        "num_correct": 2,
        "num_predicted": 20,
        "num_true": 100,
        "FP": 18,
        "FN": 98,
        "f1": 0.03333333333333333
    },
    "classification": {
        "TP": 1,
        "TN": 1,
        "FP": 0,
        "FN": 0,
        "spesificity": 1.0,
        "fp_rate": 0.0,
        "fn_rate": 0.0,
        "g_mean": 1.0,
        "precision": 1.0,
        "recall": 1.0,
        "f1": 1.0,
        "f1_abs": 0.03333333333333333,
        "accuracy": 1.0,
        "support": 2
    },
    "f1_f1": 0.03333333333333333
}