{
    "boundary": {
        "precision": 0.9621451104100947,
        "recall": 0.9472049689440993,
        "num_correct": 305,
        "num_predicted": 317,
        "num_true": 322,
        "FP": 12,
        "FN": 17,
        "f1": 0.9546165884194053
    },
    "boundary_strict": {
        "precision": 0.8990536277602523,
        "recall": 0.8850931677018633,
        "num_correct": 285,
        "num_predicted": 317,
        "num_true": 322,
        "FP": 32,
        "FN": 37,
        "f1": 0.892018779342723
    },
    "classification": {
        "TP": 190,
        "TN": 95,
        "FP": 11,
        "FN": 9,
        "spesificity": 0.8962264150943396,
        "fp_rate": 0.10377358490566035,
        "fn_rate": 0.045226130653266305,
        "g_mean": 0.925037059879427,
        "precision": 0.945273631840796,
        "recall": 0.9547738693467337,
        "f1": 0.95,
        "f1_abs": 0.906885758998435,
        "accuracy": 0.9344262295081968,
        "support": 305
    },
    "f1_f1": 0.9301392399983949
}