{
    "boundary": {
        "precision": 0.9561128526645768,
        "recall": 0.9472049689440993,
        "num_correct": 305,
        "num_predicted": 319,
        "num_true": 322,
        "FP": 14,
        "FN": 17,
        "f1": 0.951638065522621
    },
    "boundary_strict": {
        "precision": 0.9059561128526645,
        "recall": 0.8975155279503105,
        "num_correct": 289,
        "num_predicted": 319,
        "num_true": 322,
        "FP": 30,
        "FN": 33,
        "f1": 0.9017160686427457
    },
    "classification": {
        "TP": 192,
        "TN": 97,
        "FP": 10,
        "FN": 6,
        "spesificity": 0.9065420560747663,
        "fp_rate": 0.09345794392523366,
        "fn_rate": 0.030303030303030276,
        "g_mean": 0.9375879077070914,
        "precision": 0.9504950495049505,
        "recall": 0.9696969696969697,
        "f1": 0.96,
        "f1_abs": 0.9135725429017161,
        "accuracy": 0.9475409836065574,
        "support": 305
    },
    "f1_f1": 0.9322168805119552
}