{
    "boundary": {
        "precision": 0.4375,
        "recall": 0.11666666666666667,
        "num_correct": 7,
        "num_predicted": 16,
        "num_true": 60,
        "FP": 9,
        "FN": 53,
        "f1": 0.18421052631578946
    },
    "boundary_strict": {
        "precision": 0.375,
        "recall": 0.1,
        "num_correct": 6,
        "num_predicted": 16,
        "num_true": 60,
        "FP": 10,
        "FN": 54,
        "f1": 0.15789473684210528
    },
    "classification": {
        "TP": 1,
        "TN": 5,
        "FP": 0,
        "FN": 1,
        "spesificity": 1.0,
        "fp_rate": 0.0,
        "fn_rate": 0.5,
        "g_mean": 0.7071067811865476,
        "precision": 1.0,
        "recall": 0.5,
        "f1": 0.6666666666666666,
        "f1_abs": 0.12280701754385964,
        "accuracy": 0.8571428571428571,
        "support": 7
    },
    "f1_f1": 0.1473684210526316
}