{
    "boundary": {
        "precision": 0.043478260869565216,
        "recall": 0.010638297872340425,
        "num_correct": 1,
        "num_predicted": 23,
        "num_true": 94,
        "FP": 22,
        "FN": 93,
        "f1": 0.017094017094017092
    },
    "boundary_strict": {
        "precision": 0.043478260869565216,
        "recall": 0.010638297872340425,
        "num_correct": 1,
        "num_predicted": 23,
        "num_true": 94,
        "FP": 22,
        "FN": 93,
        "f1": 0.017094017094017092
    },
    "classification": {
        "TP": 1,
        "TN": 0,
        "FP": 0,
        "FN": 0,
        "spesificity": 0,
        "fp_rate": 1,
        "fn_rate": 0.0,
        "g_mean": 0.0,
        "precision": 1.0,
        "recall": 1.0,
        "f1": 1.0,
        "f1_abs": 0.017094017094017092,
        "accuracy": 1.0,
        "support": 1
    },
    "f1_f1": 0.017094017094017092
}