{
    "boundary": {
        "precision": 0.9152542372881356,
        "recall": 0.8571428571428571,
        "num_correct": 54,
        "num_predicted": 59,
        "num_true": 63,
        "FP": 5,
        "FN": 9,
        "f1": 0.8852459016393444
    },
    "classification": {
        "TP": 27.0,
        "TN": 22.0,
        "FP": 3.0,
        "FN": 2.0,
        "spesificity": 0.88,
        "fp_rate": 0.12,
        "fn_rate": 0.06896551724137934,
        "g_mean": 0.905157635347339,
        "precision": 0.9,
        "recall": 0.9310344827586207,
        "f1": 0.9152542372881356,
        "f1_abs": 0.810225062517366,
        "accuracy": 0.9074074074074074,
        "support": 54
    },
    "f1_f1": 0.8460757290004354
}