{
    "boundary": {
        "precision": 0.9361702127659575,
        "recall": 0.7333333333333333,
        "num_correct": 44,
        "num_predicted": 47,
        "num_true": 60,
        "FP": 3,
        "FN": 16,
        "f1": 0.822429906542056
    },
    "boundary_strict": {
        "precision": 0.9361702127659575,
        "recall": 0.7333333333333333,
        "num_correct": 44,
        "num_predicted": 47,
        "num_true": 60,
        "FP": 3,
        "FN": 16,
        "f1": 0.822429906542056
    },
    "classification": {
        "TP": 23,
        "TN": 21,
        "FP": 0,
        "FN": 0,
        "spesificity": 1.0,
        "fp_rate": 0.0,
        "fn_rate": 0.0,
        "g_mean": 1.0,
        "precision": 1.0,
        "recall": 1.0,
        "f1": 1.0,
        "f1_abs": 0.822429906542056,
        "accuracy": 1.0,
        "support": 44
    },
    "f1_f1": 0.822429906542056
}