{
    "boundary": {
        "precision": 0.9183673469387755,
        "recall": 0.9,
        "num_correct": 90,
        "num_predicted": 98,
        "num_true": 100,
        "FP": 8,
        "FN": 10,
        "f1": 0.9090909090909091
    },
    "classification": {
        "TP": 43.0,
        "TN": 36.0,
        "FP": 11.0,
        "FN": 0.0,
        "spesificity": 0.7659574468085106,
        "fp_rate": 0.23404255319148937,
        "fn_rate": 0.0,
        "g_mean": 0.8751899489873673,
        "precision": 0.7962962962962963,
        "recall": 1.0,
        "f1": 0.8865979381443299,
        "f1_abs": 0.8059981255857543,
        "accuracy": 0.8777777777777778,
        "support": 90
    },
    "f1_f1": 0.8544461003477397
}