{
    "boundary": {
        "precision": 0.9298245614035088,
        "recall": 0.8833333333333333,
        "num_correct": 53,
        "num_predicted": 57,
        "num_true": 60,
        "FP": 4,
        "FN": 7,
        "f1": 0.905982905982906
    },
    "boundary_strict": {
        "precision": 0.8771929824561403,
        "recall": 0.8333333333333334,
        "num_correct": 50,
        "num_predicted": 57,
        "num_true": 60,
        "FP": 7,
        "FN": 10,
        "f1": 0.8547008547008548
    },
    "classification": {
        "TP": 29,
        "TN": 21,
        "FP": 2,
        "FN": 1,
        "spesificity": 0.9130434782608695,
        "fp_rate": 0.08695652173913049,
        "fn_rate": 0.033333333333333326,
        "g_mean": 0.9394725624797,
        "precision": 0.9354838709677419,
        "recall": 0.9666666666666667,
        "f1": 0.9508196721311475,
        "f1_abs": 0.8614263696230909,
        "accuracy": 0.9433962264150944,
        "support": 53
    },
    "f1_f1": 0.8831430007900597
}