{
    "boundary": {
        "precision": 1.0,
        "recall": 0.9393939393939394,
        "num_correct": 31,
        "num_predicted": 31,
        "num_true": 33,
        "FP": 0,
        "FN": 2,
        "f1": 0.96875
    },
    "boundary_strict": {
        "precision": 0.9032258064516129,
        "recall": 0.8484848484848485,
        "num_correct": 28,
        "num_predicted": 31,
        "num_true": 33,
        "FP": 3,
        "FN": 5,
        "f1": 0.875
    },
    "classification": {
        "TP": 13,
        "TN": 15,
        "FP": 3,
        "FN": 0,
        "spesificity": 0.8333333333333334,
        "fp_rate": 0.16666666666666663,
        "fn_rate": 0.0,
        "g_mean": 0.9128709291752769,
        "precision": 0.8125,
        "recall": 1.0,
        "f1": 0.896551724137931,
        "f1_abs": 0.8685344827586207,
        "accuracy": 0.9032258064516129,
        "support": 31
    },
    "f1_f1": 0.915909090909091
}