{
    "boundary": {
        "precision": 0.9157894736842105,
        "recall": 0.87,
        "num_correct": 87,
        "num_predicted": 95,
        "num_true": 100,
        "FP": 8,
        "FN": 13,
        "f1": 0.8923076923076922
    },
    "classification": {
        "TP": 43.0,
        "TN": 39.0,
        "FP": 5.0,
        "FN": 0.0,
        "spesificity": 0.8863636363636364,
        "fp_rate": 0.11363636363636365,
        "fn_rate": 0.0,
        "g_mean": 0.9414688716912718,
        "precision": 0.8958333333333334,
        "recall": 1.0,
        "f1": 0.945054945054945,
        "f1_abs": 0.8432797971259509,
        "accuracy": 0.9425287356321839,
        "support": 87
    },
    "f1_f1": 0.8671012603215993
}