{
    "boundary": {
        "precision": 0.9444444444444444,
        "recall": 0.85,
        "num_correct": 51,
        "num_predicted": 54,
        "num_true": 60,
        "FP": 3,
        "FN": 9,
        "f1": 0.8947368421052632
    },
    "boundary_strict": {
        "precision": 0.9074074074074074,
        "recall": 0.8166666666666667,
        "num_correct": 49,
        "num_predicted": 54,
        "num_true": 60,
        "FP": 5,
        "FN": 11,
        "f1": 0.8596491228070176
    },
    "classification": {
        "TP": 28,
        "TN": 21,
        "FP": 1,
        "FN": 1,
        "spesificity": 0.9545454545454546,
        "fp_rate": 0.045454545454545414,
        "fn_rate": 0.03448275862068961,
        "g_mean": 0.9600156738532383,
        "precision": 0.9655172413793104,
        "recall": 0.9655172413793104,
        "f1": 0.9655172413793104,
        "f1_abs": 0.8638838475499093,
        "accuracy": 0.9607843137254902,
        "support": 51
    },
    "f1_f1": 0.8790397045244691
}