{
    "boundary": {
        "precision": 0.8947368421052632,
        "recall": 0.7391304347826086,
        "num_correct": 34,
        "num_predicted": 38,
        "num_true": 46,
        "FP": 4,
        "FN": 12,
        "f1": 0.8095238095238095
    },
    "boundary_strict": {
        "precision": 0.8421052631578947,
        "recall": 0.6956521739130435,
        "num_correct": 32,
        "num_predicted": 38,
        "num_true": 46,
        "FP": 6,
        "FN": 14,
        "f1": 0.761904761904762
    },
    "classification": {
        "TP": 26,
        "TN": 6,
        "FP": 2,
        "FN": 0,
        "spesificity": 0.75,
        "fp_rate": 0.25,
        "fn_rate": 0.0,
        "g_mean": 0.8660254037844386,
        "precision": 0.9285714285714286,
        "recall": 1.0,
        "f1": 0.9629629629629629,
        "f1_abs": 0.7795414462081128,
        "accuracy": 0.9411764705882353,
        "support": 34
    },
    "f1_f1": 0.7942497753818508
}