{
    "boundary": {
        "precision": 0.7894736842105263,
        "recall": 0.25,
        "num_correct": 15,
        "num_predicted": 19,
        "num_true": 60,
        "FP": 4,
        "FN": 45,
        "f1": 0.379746835443038
    },
    "boundary_strict": {
        "precision": 0.7368421052631579,
        "recall": 0.23333333333333334,
        "num_correct": 14,
        "num_predicted": 19,
        "num_true": 60,
        "FP": 5,
        "FN": 46,
        "f1": 0.35443037974683544
    },
    "classification": {
        "TP": 8,
        "TN": 6,
        "FP": 1,
        "FN": 0,
        "spesificity": 0.8571428571428571,
        "fp_rate": 0.1428571428571429,
        "fn_rate": 0.0,
        "g_mean": 0.9258200997725514,
        "precision": 0.8888888888888888,
        "recall": 1.0,
        "f1": 0.9411764705882353,
        "f1_abs": 0.3574087862993299,
        "accuracy": 0.9333333333333333,
        "support": 15
    },
    "f1_f1": 0.36823935558112775
}