{
    "boundary": {
        "precision": 0.08333333333333333,
        "recall": 0.01,
        "num_correct": 1,
        "num_predicted": 12,
        "num_true": 100,
        "FP": 11,
        "FN": 99,
        "f1": 0.017857142857142856
    },
    "boundary_strict": {
        "precision": 0.08333333333333333,
        "recall": 0.01,
        "num_correct": 1,
        "num_predicted": 12,
        "num_true": 100,
        "FP": 11,
        "FN": 99,
        "f1": 0.017857142857142856
    },
    "classification": {
        "TP": 1,
        "TN": 0,
        "FP": 0,
        "FN": 0,
        "spesificity": 0,
        "fp_rate": 1,
        "fn_rate": 0.0,
        "g_mean": 0.0,
        "precision": 1.0,
        "recall": 1.0,
        "f1": 1.0,
        "f1_abs": 0.017857142857142856,
        "accuracy": 1.0,
        "support": 1
    },
    "f1_f1": 0.017857142857142856
}