{
    "boundary": {
        "precision": 0.9673202614379085,
        "recall": 0.9517684887459807,
        "num_correct": 296,
        "num_predicted": 306,
        "num_true": 311,
        "f1": 0.9594813614262561
    },
    "classification": {
        "precision": 0.9411764705882353,
        "recall": 0.9746192893401016,
        "f1": 0.9576059850374065,
        "accuracy": 0.9425675675675675,
        "support": 296
    }
}