{
    "boundary": {
        "precision": 0.9673202614379085,
        "recall": 0.9517684887459807,
        "num_correct": 296,
        "num_predicted": 306,
        "num_true": 311,
        "FP": 10,
        "FN": 15,
        "f1": 0.9594813614262561
    },
    "classification": {
        "TP": 192.0,
        "TN": 87.0,
        "FP": 12.0,
        "FN": 5.0,
        "spesificity": 0.8787878787878788,
        "fp_rate": 0.12121212121212122,
        "fn_rate": 0.025380710659898442,
        "g_mean": 0.9254640014095296,
        "precision": 0.9411764705882353,
        "recall": 0.9746192893401016,
        "f1": 0.9576059850374065,
        "f1_abs": 0.9188050942336218,
        "accuracy": 0.9425675675675675,
        "support": 296
    },
    "f1_f1": 0.9387027841724389
}