{
    "boundary": {
        "precision": 0.9642857142857143,
        "recall": 0.9,
        "num_correct": 54,
        "num_predicted": 56,
        "num_true": 60,
        "FP": 2,
        "FN": 6,
        "f1": 0.9310344827586207
    },
    "boundary_strict": {
        "precision": 0.9464285714285714,
        "recall": 0.8833333333333333,
        "num_correct": 53,
        "num_predicted": 56,
        "num_true": 60,
        "FP": 3,
        "FN": 7,
        "f1": 0.9137931034482758
    },
    "classification": {
        "TP": 29,
        "TN": 24,
        "FP": 0,
        "FN": 1,
        "spesificity": 1.0,
        "fp_rate": 0.0,
        "fn_rate": 0.033333333333333326,
        "g_mean": 0.983192080250175,
        "precision": 1.0,
        "recall": 0.9666666666666667,
        "f1": 0.9830508474576272,
        "f1_abs": 0.9152542372881356,
        "accuracy": 0.9814814814814815,
        "support": 54
    },
    "f1_f1": 0.923076923076923
}