{
    "boundary": {
        "precision": 0.9587301587301588,
        "recall": 0.937888198757764,
        "num_correct": 302,
        "num_predicted": 315,
        "num_true": 322,
        "FP": 13,
        "FN": 20,
        "f1": 0.9481946624803768
    },
    "boundary_strict": {
        "precision": 0.9015873015873016,
        "recall": 0.8819875776397516,
        "num_correct": 284,
        "num_predicted": 315,
        "num_true": 322,
        "FP": 31,
        "FN": 38,
        "f1": 0.891679748822606
    },
    "classification": {
        "TP": 191,
        "TN": 93,
        "FP": 10,
        "FN": 8,
        "spesificity": 0.9029126213592233,
        "fp_rate": 0.09708737864077666,
        "fn_rate": 0.04020100502512558,
        "g_mean": 0.9309213857951228,
        "precision": 0.9502487562189055,
        "recall": 0.9597989949748744,
        "f1": 0.955,
        "f1_abs": 0.9055259026687598,
        "accuracy": 0.9403973509933775,
        "support": 302
    },
    "f1_f1": 0.9263692098913144
}