{
    "boundary": {
        "precision": 0.9597523219814241,
        "recall": 0.9627329192546584,
        "num_correct": 310,
        "num_predicted": 323,
        "num_true": 322,
        "FP": 13,
        "FN": 12,
        "f1": 0.9612403100775193
    },
    "boundary_strict": {
        "precision": 0.9009287925696594,
        "recall": 0.9037267080745341,
        "num_correct": 291,
        "num_predicted": 323,
        "num_true": 322,
        "FP": 32,
        "FN": 31,
        "f1": 0.9023255813953488
    },
    "classification": {
        "TP": 190,
        "TN": 101,
        "FP": 8,
        "FN": 11,
        "spesificity": 0.926605504587156,
        "fp_rate": 0.07339449541284404,
        "fn_rate": 0.05472636815920395,
        "g_mean": 0.9358930230559336,
        "precision": 0.9595959595959596,
        "recall": 0.945273631840796,
        "f1": 0.9523809523809523,
        "f1_abs": 0.9154669619785898,
        "accuracy": 0.9387096774193548,
        "support": 310
    },
    "f1_f1": 0.9377954244658725
}