{
    "boundary": {
        "precision": 0.8297872340425532,
        "recall": 0.39,
        "num_correct": 39,
        "num_predicted": 47,
        "num_true": 100,
        "FP": 8,
        "FN": 61,
        "f1": 0.5306122448979592
    },
    "boundary_strict": {
        "precision": 0.8297872340425532,
        "recall": 0.39,
        "num_correct": 39,
        "num_predicted": 47,
        "num_true": 100,
        "FP": 8,
        "FN": 61,
        "f1": 0.5306122448979592
    },
    "classification": {
        "TP": 20,
        "TN": 19,
        "FP": 0,
        "FN": 0,
        "spesificity": 1.0,
        "fp_rate": 0.0,
        "fn_rate": 0.0,
        "g_mean": 1.0,
        "precision": 1.0,
        "recall": 1.0,
        "f1": 1.0,
        "f1_abs": 0.5306122448979592,
        "accuracy": 1.0,
        "support": 39
    },
    "f1_f1": 0.5306122448979592
}