{
    "boundary": {
        "precision": 0.9838709677419355,
        "recall": 0.9682539682539683,
        "num_correct": 61,
        "num_predicted": 62,
        "num_true": 63,
        "FP": 1,
        "FN": 2,
        "f1": 0.976
    },
    "classification": {
        "TP": 31.0,
        "TN": 24.0,
        "FP": 3.0,
        "FN": 3.0,
        "spesificity": 0.8888888888888888,
        "fp_rate": 0.11111111111111116,
        "fn_rate": 0.08823529411764708,
        "g_mean": 0.9002541398626663,
        "precision": 0.9117647058823529,
        "recall": 0.9117647058823529,
        "f1": 0.9117647058823528,
        "f1_abs": 0.8898823529411763,
        "accuracy": 0.9016393442622951,
        "support": 61
    },
    "f1_f1": 0.9309538461538461
}