{
    "boundary": {
        "precision": 0.7222222222222222,
        "recall": 0.4148936170212766,
        "num_correct": 39,
        "num_predicted": 54,
        "num_true": 94,
        "FP": 15,
        "FN": 55,
        "f1": 0.527027027027027
    },
    "boundary_strict": {
        "precision": 0.6666666666666666,
        "recall": 0.3829787234042553,
        "num_correct": 36,
        "num_predicted": 54,
        "num_true": 94,
        "FP": 18,
        "FN": 58,
        "f1": 0.48648648648648646
    },
    "classification": {
        "TP": 16,
        "TN": 20,
        "FP": 3,
        "FN": 0,
        "spesificity": 0.8695652173913043,
        "fp_rate": 0.13043478260869568,
        "fn_rate": 0.0,
        "g_mean": 0.9325048082403138,
        "precision": 0.8421052631578947,
        "recall": 1.0,
        "f1": 0.9142857142857143,
        "f1_abs": 0.4818532818532818,
        "accuracy": 0.9230769230769231,
        "support": 39
    },
    "f1_f1": 0.5034288019362645
}