{
    "boundary": {
        "precision": 0.8518518518518519,
        "recall": 0.7666666666666667,
        "num_correct": 46,
        "num_predicted": 54,
        "num_true": 60,
        "FP": 8,
        "FN": 14,
        "f1": 0.8070175438596491
    },
    "boundary_strict": {
        "precision": 0.8333333333333334,
        "recall": 0.75,
        "num_correct": 45,
        "num_predicted": 54,
        "num_true": 60,
        "FP": 9,
        "FN": 15,
        "f1": 0.7894736842105262
    },
    "classification": {
        "TP": 28,
        "TN": 17,
        "FP": 0,
        "FN": 1,
        "spesificity": 1.0,
        "fp_rate": 0.0,
        "fn_rate": 0.03448275862068961,
        "g_mean": 0.982607368881035,
        "precision": 1.0,
        "recall": 0.9655172413793104,
        "f1": 0.9824561403508771,
        "f1_abs": 0.7928593413357955,
        "accuracy": 0.9782608695652174,
        "support": 46
    },
    "f1_f1": 0.7998757956838999
}