{
    "boundary": {
        "precision": 0.125,
        "recall": 0.06521739130434782,
        "num_correct": 3,
        "num_predicted": 24,
        "num_true": 46,
        "FP": 21,
        "FN": 43,
        "f1": 0.0857142857142857
    },
    "classification": {
        "TP": 1.0,
        "TN": 1.0,
        "FP": 1.0,
        "FN": 0.0,
        "spesificity": 0.5,
        "fp_rate": 0.5,
        "fn_rate": 0.0,
        "g_mean": 0.7071067811865476,
        "precision": 0.5,
        "recall": 1.0,
        "f1": 0.6666666666666666,
        "f1_abs": 0.057142857142857134,
        "accuracy": 0.6666666666666666,
        "support": 3
    },
    "f1_f1": 0.06857142857142856
}