{
    "boundary": {
        "precision": 0.9805825242718447,
        "recall": 0.9409937888198758,
        "num_correct": 303,
        "num_predicted": 309,
        "num_true": 322,
        "FP": 6,
        "FN": 19,
        "f1": 0.9603803486529319
    },
    "boundary_strict": {
        "precision": 0.9514563106796117,
        "recall": 0.9130434782608695,
        "num_correct": 294,
        "num_predicted": 309,
        "num_true": 322,
        "FP": 15,
        "FN": 28,
        "f1": 0.9318541996830427
    },
    "classification": {
        "TP": 195,
        "TN": 99,
        "FP": 6,
        "FN": 3,
        "spesificity": 0.9428571428571428,
        "fp_rate": 0.05714285714285716,
        "fn_rate": 0.015151515151515138,
        "g_mean": 0.9636241116594315,
        "precision": 0.9701492537313433,
        "recall": 0.9848484848484849,
        "f1": 0.9774436090225564,
        "f1_abs": 0.9387176340216628,
        "accuracy": 0.9702970297029703,
        "support": 303
    },
    "f1_f1": 0.9494254397329365
}