{
    "boundary": {
        "precision": 0.9841772151898734,
        "recall": 0.9658385093167702,
        "num_correct": 311,
        "num_predicted": 316,
        "num_true": 322,
        "FP": 5,
        "FN": 11,
        "f1": 0.974921630094044
    },
    "boundary_strict": {
        "precision": 0.9525316455696202,
        "recall": 0.9347826086956522,
        "num_correct": 301,
        "num_predicted": 316,
        "num_true": 322,
        "FP": 15,
        "FN": 21,
        "f1": 0.9435736677115989
    },
    "classification": {
        "TP": 195,
        "TN": 106,
        "FP": 6,
        "FN": 4,
        "spesificity": 0.9464285714285714,
        "fp_rate": 0.0535714285714286,
        "fn_rate": 0.02010050251256279,
        "g_mean": 0.9630186299083784,
        "precision": 0.9701492537313433,
        "recall": 0.9798994974874372,
        "f1": 0.975,
        "f1_abs": 0.9505485893416928,
        "accuracy": 0.9678456591639871,
        "support": 311
    },
    "f1_f1": 0.9625808499662711
}