{
    "boundary": {
        "precision": 0.9836601307189542,
        "recall": 0.9347826086956522,
        "num_correct": 301,
        "num_predicted": 306,
        "num_true": 322,
        "FP": 5,
        "FN": 21,
        "f1": 0.9585987261146497
    },
    "boundary_strict": {
        "precision": 0.9444444444444444,
        "recall": 0.8975155279503105,
        "num_correct": 289,
        "num_predicted": 306,
        "num_true": 322,
        "FP": 17,
        "FN": 33,
        "f1": 0.9203821656050956
    },
    "classification": {
        "TP": 190,
        "TN": 99,
        "FP": 8,
        "FN": 4,
        "spesificity": 0.9252336448598131,
        "fp_rate": 0.07476635514018692,
        "fn_rate": 0.020618556701030966,
        "g_mean": 0.9519226137095228,
        "precision": 0.9595959595959596,
        "recall": 0.979381443298969,
        "f1": 0.9693877551020408,
        "f1_abs": 0.9292538671519563,
        "accuracy": 0.9601328903654485,
        "support": 301
    },
    "f1_f1": 0.9436982277812612
}