{
    "boundary": {
        "precision": 0.9776357827476039,
        "recall": 0.9503105590062112,
        "num_correct": 306,
        "num_predicted": 313,
        "num_true": 322,
        "FP": 7,
        "FN": 16,
        "f1": 0.9637795275590553
    },
    "boundary_strict": {
        "precision": 0.9424920127795527,
        "recall": 0.9161490683229814,
        "num_correct": 295,
        "num_predicted": 313,
        "num_true": 322,
        "FP": 18,
        "FN": 27,
        "f1": 0.9291338582677167
    },
    "classification": {
        "TP": 198,
        "TN": 97,
        "FP": 7,
        "FN": 4,
        "spesificity": 0.9326923076923077,
        "fp_rate": 0.06730769230769229,
        "fn_rate": 0.01980198019801982,
        "g_mean": 0.9561501728727236,
        "precision": 0.9658536585365853,
        "recall": 0.9801980198019802,
        "f1": 0.972972972972973,
        "f1_abs": 0.9377314322196214,
        "accuracy": 0.9640522875816994,
        "support": 306
    },
    "f1_f1": 0.9505770682774245
}