{
    "boundary": {
        "precision": 0.9361702127659575,
        "recall": 0.9565217391304348,
        "num_correct": 44,
        "num_predicted": 47,
        "num_true": 46,
        "FP": 3,
        "FN": 2,
        "f1": 0.9462365591397849
    },
    "boundary_strict": {
        "precision": 0.851063829787234,
        "recall": 0.8695652173913043,
        "num_correct": 40,
        "num_predicted": 47,
        "num_true": 46,
        "FP": 7,
        "FN": 6,
        "f1": 0.8602150537634409
    },
    "classification": {
        "TP": 32,
        "TN": 8,
        "FP": 2,
        "FN": 2,
        "spesificity": 0.8,
        "fp_rate": 0.19999999999999996,
        "fn_rate": 0.05882352941176472,
        "g_mean": 0.8677218312746247,
        "precision": 0.9411764705882353,
        "recall": 0.9411764705882353,
        "f1": 0.9411764705882353,
        "f1_abs": 0.8905755850727387,
        "accuracy": 0.9090909090909091,
        "support": 44
    },
    "f1_f1": 0.9175627240143368
}