{
    "boundary": {
        "precision": 0.9,
        "recall": 0.42857142857142855,
        "num_correct": 27,
        "num_predicted": 30,
        "num_true": 63,
        "FP": 3,
        "FN": 36,
        "f1": 0.5806451612903225
    },
    "boundary_strict": {
        "precision": 0.8666666666666667,
        "recall": 0.4126984126984127,
        "num_correct": 26,
        "num_predicted": 30,
        "num_true": 63,
        "FP": 4,
        "FN": 37,
        "f1": 0.5591397849462365
    },
    "classification": {
        "TP": 14,
        "TN": 12,
        "FP": 1,
        "FN": 0,
        "spesificity": 0.9230769230769231,
        "fp_rate": 0.07692307692307687,
        "fn_rate": 0.0,
        "g_mean": 0.9607689228305228,
        "precision": 0.9333333333333333,
        "recall": 1.0,
        "f1": 0.9655172413793104,
        "f1_abs": 0.5606229143492769,
        "accuracy": 0.9629629629629629,
        "support": 27
    },
    "f1_f1": 0.5704584040747028
}