{
    "boundary": {
        "precision": 0.9642857142857143,
        "recall": 0.8181818181818182,
        "num_correct": 27,
        "num_predicted": 28,
        "num_true": 33,
        "FP": 1,
        "FN": 6,
        "f1": 0.8852459016393442
    },
    "boundary_strict": {
        "precision": 0.9285714285714286,
        "recall": 0.7878787878787878,
        "num_correct": 26,
        "num_predicted": 28,
        "num_true": 33,
        "FP": 2,
        "FN": 7,
        "f1": 0.8524590163934426
    },
    "classification": {
        "TP": 12,
        "TN": 14,
        "FP": 0,
        "FN": 1,
        "spesificity": 1.0,
        "fp_rate": 0.0,
        "fn_rate": 0.07692307692307687,
        "g_mean": 0.9607689228305228,
        "precision": 1.0,
        "recall": 0.9230769230769231,
        "f1": 0.96,
        "f1_abs": 0.8498360655737704,
        "accuracy": 0.9629629629629629,
        "support": 27
    },
    "f1_f1": 0.8671796587487455
}