{
    "boundary": {
        "precision": 0.9770114942528736,
        "recall": 0.9042553191489362,
        "num_correct": 85,
        "num_predicted": 87,
        "num_true": 94,
        "FP": 2,
        "FN": 9,
        "f1": 0.9392265193370166
    },
    "boundary_strict": {
        "precision": 0.9195402298850575,
        "recall": 0.851063829787234,
        "num_correct": 80,
        "num_predicted": 87,
        "num_true": 94,
        "FP": 7,
        "FN": 14,
        "f1": 0.8839779005524862
    },
    "classification": {
        "TP": 45,
        "TN": 35,
        "FP": 4,
        "FN": 1,
        "spesificity": 0.8974358974358975,
        "fp_rate": 0.10256410256410253,
        "fn_rate": 0.021739130434782594,
        "g_mean": 0.9369772790226465,
        "precision": 0.9183673469387755,
        "recall": 0.9782608695652174,
        "f1": 0.9473684210526315,
        "f1_abs": 0.8897935446350683,
        "accuracy": 0.9411764705882353,
        "support": 85
    },
    "f1_f1": 0.9138420188143946
}