{
    "boundary": {
        "precision": 0.5,
        "recall": 0.32608695652173914,
        "num_correct": 15,
        "num_predicted": 30,
        "num_true": 46,
        "FP": 15,
        "FN": 31,
        "f1": 0.39473684210526316
    },
    "boundary_strict": {
        "precision": 0.43333333333333335,
        "recall": 0.2826086956521739,
        "num_correct": 13,
        "num_predicted": 30,
        "num_true": 46,
        "FP": 17,
        "FN": 33,
        "f1": 0.34210526315789475
    },
    "classification": {
        "TP": 11,
        "TN": 2,
        "FP": 2,
        "FN": 0,
        "spesificity": 0.5,
        "fp_rate": 0.5,
        "fn_rate": 0.0,
        "g_mean": 0.7071067811865476,
        "precision": 0.8461538461538461,
        "recall": 1.0,
        "f1": 0.9166666666666666,
        "f1_abs": 0.3618421052631579,
        "accuracy": 0.8666666666666667,
        "support": 15
    },
    "f1_f1": 0.3775743707093822
}