{
    "boundary": {
        "precision": 0.9397590361445783,
        "recall": 0.8297872340425532,
        "num_correct": 78,
        "num_predicted": 83,
        "num_true": 94,
        "FP": 5,
        "FN": 16,
        "f1": 0.8813559322033898
    },
    "boundary_strict": {
        "precision": 0.9397590361445783,
        "recall": 0.8297872340425532,
        "num_correct": 78,
        "num_predicted": 83,
        "num_true": 94,
        "FP": 5,
        "FN": 16,
        "f1": 0.8813559322033898
    },
    "classification": {
        "TP": 39,
        "TN": 39,
        "FP": 0,
        "FN": 0,
        "spesificity": 1.0,
        "fp_rate": 0.0,
        "fn_rate": 0.0,
        "g_mean": 1.0,
        "precision": 1.0,
        "recall": 1.0,
        "f1": 1.0,
        "f1_abs": 0.8813559322033898,
        "accuracy": 1.0,
        "support": 78
    },
    "f1_f1": 0.8813559322033898
}