{
    "boundary": {
        "precision": 0.8571428571428571,
        "recall": 0.19148936170212766,
        "num_correct": 18,
        "num_predicted": 21,
        "num_true": 94,
        "FP": 3,
        "FN": 76,
        "f1": 0.31304347826086953
    },
    "boundary_strict": {
        "precision": 0.8095238095238095,
        "recall": 0.18085106382978725,
        "num_correct": 17,
        "num_predicted": 21,
        "num_true": 94,
        "FP": 4,
        "FN": 77,
        "f1": 0.2956521739130435
    },
    "classification": {
        "TP": 8,
        "TN": 9,
        "FP": 1,
        "FN": 0,
        "spesificity": 0.9,
        "fp_rate": 0.09999999999999998,
        "fn_rate": 0.0,
        "g_mean": 0.9486832980505138,
        "precision": 0.8888888888888888,
        "recall": 1.0,
        "f1": 0.9411764705882353,
        "f1_abs": 0.29462915601023015,
        "accuracy": 0.9444444444444444,
        "support": 18
    },
    "f1_f1": 0.3035573122529644
}