{
    "boundary": {
        "precision": 0.8666666666666667,
        "recall": 0.8478260869565217,
        "num_correct": 39,
        "num_predicted": 45,
        "num_true": 46,
        "FP": 6,
        "FN": 7,
        "f1": 0.8571428571428571
    },
    "boundary_strict": {
        "precision": 0.8444444444444444,
        "recall": 0.8260869565217391,
        "num_correct": 38,
        "num_predicted": 45,
        "num_true": 46,
        "FP": 7,
        "FN": 8,
        "f1": 0.8351648351648352
    },
    "classification": {
        "TP": 34,
        "TN": 4,
        "FP": 1,
        "FN": 0,
        "spesificity": 0.8,
        "fp_rate": 0.19999999999999996,
        "fn_rate": 0.0,
        "g_mean": 0.8944271909999159,
        "precision": 0.9714285714285714,
        "recall": 1.0,
        "f1": 0.9855072463768116,
        "f1_abs": 0.84472049689441,
        "accuracy": 0.9743589743589743,
        "support": 39
    },
    "f1_f1": 0.8508863399374349
}