{
    "boundary": {
        "precision": 0.9841772151898734,
        "recall": 0.9658385093167702,
        "num_correct": 311,
        "num_predicted": 316,
        "num_true": 322,
        "FP": 5,
        "FN": 11,
        "f1": 0.974921630094044
    },
    "boundary_strict": {
        "precision": 0.9493670886075949,
        "recall": 0.9316770186335404,
        "num_correct": 300,
        "num_predicted": 316,
        "num_true": 322,
        "FP": 16,
        "FN": 22,
        "f1": 0.9404388714733543
    },
    "classification": {
        "TP": 199,
        "TN": 101,
        "FP": 8,
        "FN": 3,
        "spesificity": 0.926605504587156,
        "fp_rate": 0.07339449541284404,
        "fn_rate": 0.014851485148514865,
        "g_mean": 0.9554287187944728,
        "precision": 0.961352657004831,
        "recall": 0.9851485148514851,
        "f1": 0.9731051344743277,
        "f1_abs": 0.9487012439545954,
        "accuracy": 0.9646302250803859,
        "support": 311
    },
    "f1_f1": 0.9616327355078799
}