{
    "boundary": {
        "precision": 0.8636363636363636,
        "recall": 0.8260869565217391,
        "num_correct": 38,
        "num_predicted": 44,
        "num_true": 46,
        "FP": 6,
        "FN": 8,
        "f1": 0.8444444444444444
    },
    "boundary_strict": {
        "precision": 0.7954545454545454,
        "recall": 0.7608695652173914,
        "num_correct": 35,
        "num_predicted": 44,
        "num_true": 46,
        "FP": 9,
        "FN": 11,
        "f1": 0.7777777777777778
    },
    "classification": {
        "TP": 28,
        "TN": 7,
        "FP": 1,
        "FN": 2,
        "spesificity": 0.875,
        "fp_rate": 0.125,
        "fn_rate": 0.06666666666666665,
        "g_mean": 0.9036961141150639,
        "precision": 0.9655172413793104,
        "recall": 0.9333333333333333,
        "f1": 0.9491525423728815,
        "f1_abs": 0.8015065913370999,
        "accuracy": 0.9210526315789473,
        "support": 38
    },
    "f1_f1": 0.8224154589371981
}