{
    "boundary": {
        "precision": 0.75,
        "recall": 0.4,
        "num_correct": 24,
        "num_predicted": 32,
        "num_true": 60,
        "FP": 8,
        "FN": 36,
        "f1": 0.5217391304347827
    },
    "boundary_strict": {
        "precision": 0.75,
        "recall": 0.4,
        "num_correct": 24,
        "num_predicted": 32,
        "num_true": 60,
        "FP": 8,
        "FN": 36,
        "f1": 0.5217391304347827
    },
    "classification": {
        "TP": 10,
        "TN": 14,
        "FP": 0,
        "FN": 0,
        "spesificity": 1.0,
        "fp_rate": 0.0,
        "fn_rate": 0.0,
        "g_mean": 1.0,
        "precision": 1.0,
        "recall": 1.0,
        "f1": 1.0,
        "f1_abs": 0.5217391304347827,
        "accuracy": 1.0,
        "support": 24
    },
    "f1_f1": 0.5217391304347827
}