{
    "boundary": {
        "precision": 1.0,
        "recall": 0.9833333333333333,
        "num_correct": 59,
        "num_predicted": 59,
        "num_true": 60,
        "FP": 0,
        "FN": 1,
        "f1": 0.9915966386554621
    },
    "boundary_strict": {
        "precision": 0.8983050847457628,
        "recall": 0.8833333333333333,
        "num_correct": 53,
        "num_predicted": 59,
        "num_true": 60,
        "FP": 6,
        "FN": 7,
        "f1": 0.8907563025210085
    },
    "classification": {
        "TP": 27,
        "TN": 26,
        "FP": 1,
        "FN": 5,
        "spesificity": 0.9629629629629629,
        "fp_rate": 0.03703703703703709,
        "fn_rate": 0.15625,
        "g_mean": 0.9013878188659973,
        "precision": 0.9642857142857143,
        "recall": 0.84375,
        "f1": 0.8999999999999999,
        "f1_abs": 0.8924369747899158,
        "accuracy": 0.8983050847457628,
        "support": 59
    },
    "f1_f1": 0.939407341884122
}