{
    "boundary": {
        "precision": 0.8780487804878049,
        "recall": 0.7659574468085106,
        "num_correct": 72,
        "num_predicted": 82,
        "num_true": 94,
        "FP": 10,
        "FN": 22,
        "f1": 0.8181818181818182
    },
    "boundary_strict": {
        "precision": 0.8658536585365854,
        "recall": 0.7553191489361702,
        "num_correct": 71,
        "num_predicted": 82,
        "num_true": 94,
        "FP": 11,
        "FN": 23,
        "f1": 0.8068181818181819
    },
    "classification": {
        "TP": 36,
        "TN": 35,
        "FP": 0,
        "FN": 1,
        "spesificity": 1.0,
        "fp_rate": 0.0,
        "fn_rate": 0.027027027027026973,
        "g_mean": 0.9863939238321437,
        "precision": 1.0,
        "recall": 0.972972972972973,
        "f1": 0.9863013698630136,
        "f1_abs": 0.8069738480697385,
        "accuracy": 0.9861111111111112,
        "support": 72
    },
    "f1_f1": 0.812539184952978
}