{
    "boundary": {
        "precision": 0.9607843137254902,
        "recall": 0.9130434782608695,
        "num_correct": 294,
        "num_predicted": 306,
        "num_true": 322,
        "FP": 12,
        "FN": 28,
        "f1": 0.9363057324840764
    },
    "boundary_strict": {
        "precision": 0.934640522875817,
        "recall": 0.8881987577639752,
        "num_correct": 286,
        "num_predicted": 306,
        "num_true": 322,
        "FP": 20,
        "FN": 36,
        "f1": 0.910828025477707
    },
    "classification": {
        "TP": 186,
        "TN": 100,
        "FP": 5,
        "FN": 3,
        "spesificity": 0.9523809523809523,
        "fp_rate": 0.04761904761904767,
        "fn_rate": 0.015873015873015928,
        "g_mean": 0.9681238528239305,
        "precision": 0.9738219895287958,
        "recall": 0.9841269841269841,
        "f1": 0.9789473684210527,
        "f1_abs": 0.9165940328528328,
        "accuracy": 0.9727891156462585,
        "support": 294
    },
    "f1_f1": 0.926345033202331
}