{
    "boundary": {
        "precision": 0.8888888888888888,
        "recall": 0.7272727272727273,
        "num_correct": 24,
        "num_predicted": 27,
        "num_true": 33,
        "FP": 3,
        "FN": 9,
        "f1": 0.7999999999999999
    },
    "boundary_strict": {
        "precision": 0.8888888888888888,
        "recall": 0.7272727272727273,
        "num_correct": 24,
        "num_predicted": 27,
        "num_true": 33,
        "FP": 3,
        "FN": 9,
        "f1": 0.7999999999999999
    },
    "classification": {
        "TP": 12,
        "TN": 12,
        "FP": 0,
        "FN": 0,
        "spesificity": 1.0,
        "fp_rate": 0.0,
        "fn_rate": 0.0,
        "g_mean": 1.0,
        "precision": 1.0,
        "recall": 1.0,
        "f1": 1.0,
        "f1_abs": 0.7999999999999999,
        "accuracy": 1.0,
        "support": 24
    },
    "f1_f1": 0.7999999999999999
}