{
    "boundary": {
        "precision": 0.6,
        "recall": 0.3,
        "num_correct": 18,
        "num_predicted": 30,
        "num_true": 60,
        "FP": 12,
        "FN": 42,
        "f1": 0.4
    },
    "boundary_strict": {
        "precision": 0.5666666666666667,
        "recall": 0.2833333333333333,
        "num_correct": 17,
        "num_predicted": 30,
        "num_true": 60,
        "FP": 13,
        "FN": 43,
        "f1": 0.3777777777777777
    },
    "classification": {
        "TP": 4,
        "TN": 13,
        "FP": 1,
        "FN": 0,
        "spesificity": 0.9285714285714286,
        "fp_rate": 0.0714285714285714,
        "fn_rate": 0.0,
        "g_mean": 0.9636241116594315,
        "precision": 0.8,
        "recall": 1.0,
        "f1": 0.8888888888888888,
        "f1_abs": 0.35555555555555557,
        "accuracy": 0.9444444444444444,
        "support": 18
    },
    "f1_f1": 0.3764705882352941
}