{
    "boundary": {
        "precision": 0.8285714285714286,
        "recall": 0.30851063829787234,
        "num_correct": 29,
        "num_predicted": 35,
        "num_true": 94,
        "FP": 6,
        "FN": 65,
        "f1": 0.44961240310077527
    },
    "boundary_strict": {
        "precision": 0.8,
        "recall": 0.2978723404255319,
        "num_correct": 28,
        "num_predicted": 35,
        "num_true": 94,
        "FP": 7,
        "FN": 66,
        "f1": 0.43410852713178294
    },
    "classification": {
        "TP": 0,
        "TN": 28,
        "FP": 1,
        "FN": 0,
        "spesificity": 0.9655172413793104,
        "fp_rate": 0.03448275862068961,
        "fn_rate": 1.0,
        "g_mean": 0.0,
        "precision": 0.0,
        "recall": 0.0,
        "f1": 0.0,
        "f1_abs": 0.0,
        "accuracy": 0.9655172413793104,
        "support": 29
    },
    "f1_f1": 0.0
}