{
    "boundary": {
        "precision": 0.8857142857142857,
        "recall": 0.6739130434782609,
        "num_correct": 31,
        "num_predicted": 35,
        "num_true": 46,
        "FP": 4,
        "FN": 15,
        "f1": 0.7654320987654321
    },
    "boundary_strict": {
        "precision": 0.8285714285714286,
        "recall": 0.6304347826086957,
        "num_correct": 29,
        "num_predicted": 35,
        "num_true": 46,
        "FP": 6,
        "FN": 17,
        "f1": 0.7160493827160495
    },
    "classification": {
        "TP": 25,
        "TN": 4,
        "FP": 2,
        "FN": 0,
        "spesificity": 0.6666666666666666,
        "fp_rate": 0.33333333333333337,
        "fn_rate": 0.0,
        "g_mean": 0.816496580927726,
        "precision": 0.9259259259259259,
        "recall": 1.0,
        "f1": 0.9615384615384616,
        "f1_abs": 0.7359924026590693,
        "accuracy": 0.9354838709677419,
        "support": 31
    },
    "f1_f1": 0.7504236262406196
}