{
    "boundary": {
        "precision": 0.75,
        "recall": 0.5217391304347826,
        "num_correct": 24,
        "num_predicted": 32,
        "num_true": 46,
        "FP": 8,
        "FN": 22,
        "f1": 0.6153846153846153
    },
    "boundary_strict": {
        "precision": 0.71875,
        "recall": 0.5,
        "num_correct": 23,
        "num_predicted": 32,
        "num_true": 46,
        "FP": 9,
        "FN": 23,
        "f1": 0.5897435897435898
    },
    "classification": {
        "TP": 20,
        "TN": 3,
        "FP": 1,
        "FN": 0,
        "spesificity": 0.75,
        "fp_rate": 0.25,
        "fn_rate": 0.0,
        "g_mean": 0.8660254037844386,
        "precision": 0.9523809523809523,
        "recall": 1.0,
        "f1": 0.975609756097561,
        "f1_abs": 0.6003752345215759,
        "accuracy": 0.9583333333333334,
        "support": 24
    },
    "f1_f1": 0.6077872744539411
}