{
    "boundary": {
        "precision": 0.9775280898876404,
        "recall": 0.925531914893617,
        "num_correct": 87,
        "num_predicted": 89,
        "num_true": 94,
        "FP": 2,
        "FN": 7,
        "f1": 0.9508196721311475
    },
    "boundary_strict": {
        "precision": 0.9325842696629213,
        "recall": 0.8829787234042553,
        "num_correct": 83,
        "num_predicted": 89,
        "num_true": 94,
        "FP": 6,
        "FN": 11,
        "f1": 0.907103825136612
    },
    "classification": {
        "TP": 41,
        "TN": 42,
        "FP": 2,
        "FN": 2,
        "spesificity": 0.9545454545454546,
        "fp_rate": 0.045454545454545414,
        "fn_rate": 0.046511627906976716,
        "g_mean": 0.9540167669089158,
        "precision": 0.9534883720930233,
        "recall": 0.9534883720930233,
        "f1": 0.9534883720930233,
        "f1_abs": 0.90659550133435,
        "accuracy": 0.9540229885057471,
        "support": 87
    },
    "f1_f1": 0.9281811085089773
}