{
    "boundary": {
        "precision": 0.9835526315789473,
        "recall": 0.9285714285714286,
        "num_correct": 299,
        "num_predicted": 304,
        "num_true": 322,
        "FP": 5,
        "FN": 23,
        "f1": 0.9552715654952076
    },
    "boundary_strict": {
        "precision": 0.9375,
        "recall": 0.8850931677018633,
        "num_correct": 285,
        "num_predicted": 304,
        "num_true": 322,
        "FP": 19,
        "FN": 37,
        "f1": 0.9105431309904153
    },
    "classification": {
        "TP": 193,
        "TN": 92,
        "FP": 11,
        "FN": 3,
        "spesificity": 0.8932038834951457,
        "fp_rate": 0.10679611650485432,
        "fn_rate": 0.015306122448979553,
        "g_mean": 0.9378338848018155,
        "precision": 0.946078431372549,
        "recall": 0.9846938775510204,
        "f1": 0.965,
        "f1_abs": 0.9218370607028753,
        "accuracy": 0.9531772575250836,
        "support": 299
    },
    "f1_f1": 0.9382565503337154
}