{
    "boundary": {
        "precision": 0.9803921568627451,
        "recall": 0.9316770186335404,
        "num_correct": 300,
        "num_predicted": 306,
        "num_true": 322,
        "FP": 6,
        "FN": 22,
        "f1": 0.9554140127388535
    },
    "boundary_strict": {
        "precision": 0.9444444444444444,
        "recall": 0.8975155279503105,
        "num_correct": 289,
        "num_predicted": 306,
        "num_true": 322,
        "FP": 17,
        "FN": 33,
        "f1": 0.9203821656050956
    },
    "classification": {
        "TP": 191,
        "TN": 98,
        "FP": 6,
        "FN": 5,
        "spesificity": 0.9423076923076923,
        "fp_rate": 0.05769230769230771,
        "fn_rate": 0.025510204081632626,
        "g_mean": 0.9582636541000763,
        "precision": 0.9695431472081218,
        "recall": 0.9744897959183674,
        "f1": 0.9720101781170484,
        "f1_abs": 0.9286721446978169,
        "accuracy": 0.9633333333333334,
        "support": 300
    },
    "f1_f1": 0.9418532977193343
}