{
    "boundary": {
        "precision": 0.6944444444444444,
        "recall": 0.5434782608695652,
        "num_correct": 25,
        "num_predicted": 36,
        "num_true": 46,
        "FP": 11,
        "FN": 21,
        "f1": 0.6097560975609756
    },
    "boundary_strict": {
        "precision": 0.6666666666666666,
        "recall": 0.5217391304347826,
        "num_correct": 24,
        "num_predicted": 36,
        "num_true": 46,
        "FP": 12,
        "FN": 22,
        "f1": 0.5853658536585366
    },
    "classification": {
        "TP": 19,
        "TN": 5,
        "FP": 1,
        "FN": 0,
        "spesificity": 0.8333333333333334,
        "fp_rate": 0.16666666666666663,
        "fn_rate": 0.0,
        "g_mean": 0.9128709291752769,
        "precision": 0.95,
        "recall": 1.0,
        "f1": 0.9743589743589743,
        "f1_abs": 0.5941213258286429,
        "accuracy": 0.96,
        "support": 25
    },
    "f1_f1": 0.6018371872030409
}