{
    "boundary": {
        "precision": 0.9838187702265372,
        "recall": 0.977491961414791,
        "num_correct": 304,
        "num_predicted": 309,
        "num_true": 311,
        "FP": 5,
        "FN": 7,
        "f1": 0.9806451612903226
    },
    "boundary_strict": {
        "precision": 0.9288025889967637,
        "recall": 0.9228295819935691,
        "num_correct": 287,
        "num_predicted": 309,
        "num_true": 311,
        "FP": 22,
        "FN": 24,
        "f1": 0.9258064516129031
    },
    "classification": {
        "TP": 196,
        "TN": 91,
        "FP": 12,
        "FN": 5,
        "spesificity": 0.883495145631068,
        "fp_rate": 0.11650485436893199,
        "fn_rate": 0.02487562189054726,
        "g_mean": 0.9281797533054766,
        "precision": 0.9423076923076923,
        "recall": 0.9751243781094527,
        "f1": 0.9584352078239609,
        "f1_abs": 0.939884848962852,
        "accuracy": 0.944078947368421,
        "support": 304
    },
    "f1_f1": 0.9598324674801659
}