{
    "boundary": {
        "precision": 0.9675324675324676,
        "recall": 0.952076677316294,
        "num_correct": 298,
        "num_predicted": 308,
        "num_true": 313,
        "FP": 10,
        "FN": 15,
        "f1": 0.9597423510466989
    },
    "boundary_strict": {
        "precision": 0.9188311688311688,
        "recall": 0.9041533546325878,
        "num_correct": 283,
        "num_predicted": 308,
        "num_true": 313,
        "FP": 25,
        "FN": 30,
        "f1": 0.9114331723027375
    },
    "classification": {
        "TP": 195,
        "TN": 88,
        "FP": 11,
        "FN": 4,
        "spesificity": 0.8888888888888888,
        "fp_rate": 0.11111111111111116,
        "fn_rate": 0.02010050251256279,
        "g_mean": 0.9332854737669437,
        "precision": 0.9466019417475728,
        "recall": 0.9798994974874372,
        "f1": 0.9629629629629629,
        "f1_abs": 0.9241963380449693,
        "accuracy": 0.9496644295302014,
        "support": 298
    },
    "f1_f1": 0.9416340048005347
}