{
    "boundary": {
        "precision": 0.9767441860465116,
        "recall": 0.9130434782608695,
        "num_correct": 42,
        "num_predicted": 43,
        "num_true": 46,
        "FP": 1,
        "FN": 4,
        "f1": 0.9438202247191011
    },
    "boundary_strict": {
        "precision": 0.8837209302325582,
        "recall": 0.8260869565217391,
        "num_correct": 38,
        "num_predicted": 43,
        "num_true": 46,
        "FP": 5,
        "FN": 8,
        "f1": 0.853932584269663
    },
    "classification": {
        "TP": 35,
        "TN": 3,
        "FP": 4,
        "FN": 0,
        "spesificity": 0.42857142857142855,
        "fp_rate": 0.5714285714285714,
        "fn_rate": 0.0,
        "g_mean": 0.6546536707079771,
        "precision": 0.8974358974358975,
        "recall": 1.0,
        "f1": 0.9459459459459459,
        "f1_abs": 0.8928029152748254,
        "accuracy": 0.9047619047619048,
        "support": 42
    },
    "f1_f1": 0.9176029962546816
}