{
    "boundary": {
        "precision": 0.9454545454545454,
        "recall": 0.8666666666666667,
        "num_correct": 52,
        "num_predicted": 55,
        "num_true": 60,
        "FP": 3,
        "FN": 8,
        "f1": 0.9043478260869566
    },
    "boundary_strict": {
        "precision": 0.9454545454545454,
        "recall": 0.8666666666666667,
        "num_correct": 52,
        "num_predicted": 55,
        "num_true": 60,
        "FP": 3,
        "FN": 8,
        "f1": 0.9043478260869566
    },
    "classification": {
        "TP": 27,
        "TN": 25,
        "FP": 0,
        "FN": 0,
        "spesificity": 1.0,
        "fp_rate": 0.0,
        "fn_rate": 0.0,
        "g_mean": 1.0,
        "precision": 1.0,
        "recall": 1.0,
        "f1": 1.0,
        "f1_abs": 0.9043478260869566,
        "accuracy": 1.0,
        "support": 52
    },
    "f1_f1": 0.9043478260869566
}