{
    "boundary": {
        "precision": 0.8157894736842105,
        "recall": 0.6739130434782609,
        "num_correct": 31,
        "num_predicted": 38,
        "num_true": 46,
        "FP": 7,
        "FN": 15,
        "f1": 0.7380952380952381
    },
    "boundary_strict": {
        "precision": 0.7631578947368421,
        "recall": 0.6304347826086957,
        "num_correct": 29,
        "num_predicted": 38,
        "num_true": 46,
        "FP": 9,
        "FN": 17,
        "f1": 0.6904761904761905
    },
    "classification": {
        "TP": 22,
        "TN": 7,
        "FP": 2,
        "FN": 0,
        "spesificity": 0.7777777777777778,
        "fp_rate": 0.2222222222222222,
        "fn_rate": 0.0,
        "g_mean": 0.8819171036881969,
        "precision": 0.9166666666666666,
        "recall": 1.0,
        "f1": 0.9565217391304348,
        "f1_abs": 0.7060041407867496,
        "accuracy": 0.9354838709677419,
        "support": 31
    },
    "f1_f1": 0.7216931216931218
}