{
    "boundary": {
        "precision": 0.9347826086956522,
        "recall": 0.9347826086956522,
        "num_correct": 43,
        "num_predicted": 46,
        "num_true": 46,
        "FP": 3,
        "FN": 3,
        "f1": 0.9347826086956522
    },
    "classification": {
        "TP": 36.0,
        "TN": 2.0,
        "FP": 1.0,
        "FN": 4.0,
        "spesificity": 0.6666666666666666,
        "fp_rate": 0.33333333333333337,
        "fn_rate": 0.09999999999999998,
        "g_mean": 0.7745966692414834,
        "precision": 0.972972972972973,
        "recall": 0.9,
        "f1": 0.935064935064935,
        "f1_abs": 0.8740824392998306,
        "accuracy": 0.8837209302325582,
        "support": 43
    },
    "f1_f1": 0.9034140647796908
}