{
    "boundary": {
        "precision": 1.0,
        "recall": 1.0,
        "num_correct": 33,
        "num_predicted": 33,
        "num_true": 33,
        "FP": 0,
        "FN": 0,
        "f1": 1.0
    },
    "boundary_strict": {
        "precision": 0.9393939393939394,
        "recall": 0.9393939393939394,
        "num_correct": 31,
        "num_predicted": 33,
        "num_true": 33,
        "FP": 2,
        "FN": 2,
        "f1": 0.9393939393939394
    },
    "classification": {
        "TP": 13,
        "TN": 18,
        "FP": 1,
        "FN": 1,
        "spesificity": 0.9473684210526315,
        "fp_rate": 0.052631578947368474,
        "fn_rate": 0.0714285714285714,
        "g_mean": 0.9379228369755696,
        "precision": 0.9285714285714286,
        "recall": 0.9285714285714286,
        "f1": 0.9285714285714286,
        "f1_abs": 0.9285714285714286,
        "accuracy": 0.9393939393939394,
        "support": 33
    },
    "f1_f1": 0.962962962962963
}