{
    "boundary": {
        "precision": 0.9655172413793104,
        "recall": 0.8484848484848485,
        "num_correct": 28,
        "num_predicted": 29,
        "num_true": 33,
        "FP": 1,
        "FN": 5,
        "f1": 0.9032258064516129
    },
    "boundary_strict": {
        "precision": 0.896551724137931,
        "recall": 0.7878787878787878,
        "num_correct": 26,
        "num_predicted": 29,
        "num_true": 33,
        "FP": 3,
        "FN": 7,
        "f1": 0.8387096774193549
    },
    "classification": {
        "TP": 10,
        "TN": 16,
        "FP": 1,
        "FN": 1,
        "spesificity": 0.9411764705882353,
        "fp_rate": 0.05882352941176472,
        "fn_rate": 0.09090909090909094,
        "g_mean": 0.9249945801257605,
        "precision": 0.9090909090909091,
        "recall": 0.9090909090909091,
        "f1": 0.9090909090909091,
        "f1_abs": 0.8211143695014662,
        "accuracy": 0.9285714285714286,
        "support": 28
    },
    "f1_f1": 0.8602150537634409
}