{
    "boundary": {
        "precision": 0.3076923076923077,
        "recall": 0.17391304347826086,
        "num_correct": 8,
        "num_predicted": 26,
        "num_true": 46,
        "FP": 18,
        "FN": 38,
        "f1": 0.2222222222222222
    },
    "boundary_strict": {
        "precision": 0.3076923076923077,
        "recall": 0.17391304347826086,
        "num_correct": 8,
        "num_predicted": 26,
        "num_true": 46,
        "FP": 18,
        "FN": 38,
        "f1": 0.2222222222222222
    },
    "classification": {
        "TP": 6,
        "TN": 2,
        "FP": 0,
        "FN": 0,
        "spesificity": 1.0,
        "fp_rate": 0.0,
        "fn_rate": 0.0,
        "g_mean": 1.0,
        "precision": 1.0,
        "recall": 1.0,
        "f1": 1.0,
        "f1_abs": 0.2222222222222222,
        "accuracy": 1.0,
        "support": 8
    },
    "f1_f1": 0.2222222222222222
}