{
    "boundary": {
        "precision": 0.9872611464968153,
        "recall": 0.9627329192546584,
        "num_correct": 310,
        "num_predicted": 314,
        "num_true": 322,
        "FP": 4,
        "FN": 12,
        "f1": 0.9748427672955974
    },
    "boundary_strict": {
        "precision": 0.9490445859872612,
        "recall": 0.9254658385093167,
        "num_correct": 298,
        "num_predicted": 314,
        "num_true": 322,
        "FP": 16,
        "FN": 24,
        "f1": 0.9371069182389937
    },
    "classification": {
        "TP": 194,
        "TN": 104,
        "FP": 7,
        "FN": 5,
        "spesificity": 0.9369369369369369,
        "fp_rate": 0.06306306306306309,
        "fn_rate": 0.025125628140703515,
        "g_mean": 0.9557174309743282,
        "precision": 0.9651741293532339,
        "recall": 0.9748743718592965,
        "f1": 0.97,
        "f1_abs": 0.9455974842767294,
        "accuracy": 0.9612903225806452,
        "support": 310
    },
    "f1_f1": 0.9599974459662228
}