{
    "boundary": {
        "precision": 0.9838187702265372,
        "recall": 0.9440993788819876,
        "num_correct": 304,
        "num_predicted": 309,
        "num_true": 322,
        "FP": 5,
        "FN": 18,
        "f1": 0.9635499207606973
    },
    "boundary_strict": {
        "precision": 0.9514563106796117,
        "recall": 0.9130434782608695,
        "num_correct": 294,
        "num_predicted": 309,
        "num_true": 322,
        "FP": 15,
        "FN": 28,
        "f1": 0.9318541996830427
    },
    "classification": {
        "TP": 193,
        "TN": 101,
        "FP": 6,
        "FN": 4,
        "spesificity": 0.9439252336448598,
        "fp_rate": 0.05607476635514019,
        "fn_rate": 0.02030456852791873,
        "g_mean": 0.9616440292816704,
        "precision": 0.9698492462311558,
        "recall": 0.9796954314720813,
        "f1": 0.9747474747474748,
        "f1_abs": 0.9392178520546192,
        "accuracy": 0.9671052631578947,
        "support": 304
    },
    "f1_f1": 0.9512283105207907
}