{
    "boundary": {
        "precision": 0.9838709677419355,
        "recall": 0.9472049689440993,
        "num_correct": 305,
        "num_predicted": 310,
        "num_true": 322,
        "FP": 5,
        "FN": 17,
        "f1": 0.9651898734177214
    },
    "boundary_strict": {
        "precision": 0.9516129032258065,
        "recall": 0.9161490683229814,
        "num_correct": 295,
        "num_predicted": 310,
        "num_true": 322,
        "FP": 15,
        "FN": 27,
        "f1": 0.9335443037974684
    },
    "classification": {
        "TP": 195,
        "TN": 100,
        "FP": 7,
        "FN": 3,
        "spesificity": 0.9345794392523364,
        "fp_rate": 0.06542056074766356,
        "fn_rate": 0.015151515151515138,
        "g_mean": 0.959384774070451,
        "precision": 0.9653465346534653,
        "recall": 0.9848484848484849,
        "f1": 0.975,
        "f1_abs": 0.9410601265822783,
        "accuracy": 0.9672131147540983,
        "support": 305
    },
    "f1_f1": 0.9529722800833199
}