{
    "boundary": {
        "precision": 0.9837662337662337,
        "recall": 0.9409937888198758,
        "num_correct": 303,
        "num_predicted": 308,
        "num_true": 322,
        "FP": 5,
        "FN": 19,
        "f1": 0.9619047619047619
    },
    "boundary_strict": {
        "precision": 0.9448051948051948,
        "recall": 0.9037267080745341,
        "num_correct": 291,
        "num_predicted": 308,
        "num_true": 322,
        "FP": 17,
        "FN": 31,
        "f1": 0.9238095238095237
    },
    "classification": {
        "TP": 193,
        "TN": 98,
        "FP": 8,
        "FN": 4,
        "spesificity": 0.9245283018867925,
        "fp_rate": 0.07547169811320753,
        "fn_rate": 0.02030456852791873,
        "g_mean": 0.9517122220635457,
        "precision": 0.9601990049751243,
        "recall": 0.9796954314720813,
        "f1": 0.9698492462311556,
        "f1_abs": 0.9329026082794926,
        "accuracy": 0.9603960396039604,
        "support": 303
    },
    "f1_f1": 0.9471817298347911
}