{
    "boundary": {
        "precision": 0.3333333333333333,
        "recall": 0.16666666666666666,
        "num_correct": 1,
        "num_predicted": 3,
        "num_true": 6,
        "FP": 2,
        "FN": 5,
        "f1": 0.2222222222222222
    },
    "classification": {
        "TP": 1.0,
        "TN": 0.0,
        "FP": 0.0,
        "FN": 0.0,
        "spesificity": NaN,
        "fp_rate": NaN,
        "fn_rate": 0.0,
        "g_mean": NaN,
        "precision": 1.0,
        "recall": 1.0,
        "f1": 1.0,
        "f1_abs": 0.2222222222222222,
        "accuracy": 1.0,
        "support": 1
    },
    "f1_f1": 0.2222222222222222
}