{
    "boundary": {
        "precision": 0.967032967032967,
        "recall": 0.9361702127659575,
        "num_correct": 88,
        "num_predicted": 91,
        "num_true": 94,
        "FP": 3,
        "FN": 6,
        "f1": 0.9513513513513513
    },
    "boundary_strict": {
        "precision": 0.945054945054945,
        "recall": 0.9148936170212766,
        "num_correct": 86,
        "num_predicted": 91,
        "num_true": 94,
        "FP": 5,
        "FN": 8,
        "f1": 0.9297297297297297
    },
    "classification": {
        "TP": 43,
        "TN": 43,
        "FP": 1,
        "FN": 1,
        "spesificity": 0.9772727272727273,
        "fp_rate": 0.022727272727272707,
        "fn_rate": 0.022727272727272707,
        "g_mean": 0.9772727272727273,
        "precision": 0.9772727272727273,
        "recall": 0.9772727272727273,
        "f1": 0.9772727272727273,
        "f1_abs": 0.9297297297297297,
        "accuracy": 0.9772727272727273,
        "support": 88
    },
    "f1_f1": 0.9404162783473128
}