{
    "boundary": {
        "precision": 0.6363636363636364,
        "recall": 0.45652173913043476,
        "num_correct": 21,
        "num_predicted": 33,
        "num_true": 46,
        "FP": 12,
        "FN": 25,
        "f1": 0.5316455696202532
    },
    "boundary_strict": {
        "precision": 0.6060606060606061,
        "recall": 0.43478260869565216,
        "num_correct": 20,
        "num_predicted": 33,
        "num_true": 46,
        "FP": 13,
        "FN": 26,
        "f1": 0.5063291139240507
    },
    "classification": {
        "TP": 18,
        "TN": 2,
        "FP": 1,
        "FN": 0,
        "spesificity": 0.6666666666666666,
        "fp_rate": 0.33333333333333337,
        "fn_rate": 0.0,
        "g_mean": 0.816496580927726,
        "precision": 0.9473684210526315,
        "recall": 1.0,
        "f1": 0.972972972972973,
        "f1_abs": 0.5172767704413275,
        "accuracy": 0.9523809523809523,
        "support": 21
    },
    "f1_f1": 0.5243627535980578
}