{
    "boundary": {
        "precision": 0.9285714285714286,
        "recall": 0.91,
        "num_correct": 91,
        "num_predicted": 98,
        "num_true": 100,
        "FP": 7,
        "FN": 9,
        "f1": 0.9191919191919193
    },
    "classification": {
        "TP": 45.0,
        "TN": 41.0,
        "FP": 5.0,
        "FN": 0.0,
        "spesificity": 0.8913043478260869,
        "fp_rate": 0.10869565217391308,
        "fn_rate": 0.0,
        "g_mean": 0.9440891630699332,
        "precision": 0.9,
        "recall": 1.0,
        "f1": 0.9473684210526316,
        "f1_abs": 0.8708133971291868,
        "accuracy": 0.945054945054945,
        "support": 91
    },
    "f1_f1": 0.8943488943488945
}