{
    "boundary": {
        "precision": 1.0,
        "recall": 0.9468085106382979,
        "num_correct": 89,
        "num_predicted": 89,
        "num_true": 94,
        "FP": 0,
        "FN": 5,
        "f1": 0.9726775956284154
    },
    "boundary_strict": {
        "precision": 0.9662921348314607,
        "recall": 0.9148936170212766,
        "num_correct": 86,
        "num_predicted": 89,
        "num_true": 94,
        "FP": 3,
        "FN": 8,
        "f1": 0.9398907103825136
    },
    "classification": {
        "TP": 47,
        "TN": 39,
        "FP": 3,
        "FN": 0,
        "spesificity": 0.9285714285714286,
        "fp_rate": 0.0714285714285714,
        "fn_rate": 0.0,
        "g_mean": 0.9636241116594315,
        "precision": 0.94,
        "recall": 1.0,
        "f1": 0.9690721649484536,
        "f1_abs": 0.942594783392485,
        "accuracy": 0.9662921348314607,
        "support": 89
    },
    "f1_f1": 0.9573999370583357
}