{
    "boundary": {
        "precision": 0.9885057471264368,
        "recall": 0.9148936170212766,
        "num_correct": 86,
        "num_predicted": 87,
        "num_true": 94,
        "FP": 1,
        "FN": 8,
        "f1": 0.9502762430939227
    },
    "boundary_strict": {
        "precision": 0.9770114942528736,
        "recall": 0.9042553191489362,
        "num_correct": 85,
        "num_predicted": 87,
        "num_true": 94,
        "FP": 2,
        "FN": 9,
        "f1": 0.9392265193370166
    },
    "classification": {
        "TP": 44,
        "TN": 41,
        "FP": 1,
        "FN": 0,
        "spesificity": 0.9761904761904762,
        "fp_rate": 0.023809523809523836,
        "fn_rate": 0.0,
        "g_mean": 0.9880235200593537,
        "precision": 0.9777777777777777,
        "recall": 1.0,
        "f1": 0.9887640449438202,
        "f1_abs": 0.939598981935564,
        "accuracy": 0.9883720930232558,
        "support": 86
    },
    "f1_f1": 0.9449074507600588
}