{
    "boundary": {
        "precision": 0.5454545454545454,
        "recall": 0.06382978723404255,
        "num_correct": 6,
        "num_predicted": 11,
        "num_true": 94,
        "FP": 5,
        "FN": 88,
        "f1": 0.11428571428571427
    },
    "boundary_strict": {
        "precision": 0.45454545454545453,
        "recall": 0.05319148936170213,
        "num_correct": 5,
        "num_predicted": 11,
        "num_true": 94,
        "FP": 6,
        "FN": 89,
        "f1": 0.09523809523809525
    },
    "classification": {
        "TP": 4,
        "TN": 1,
        "FP": 1,
        "FN": 0,
        "spesificity": 0.5,
        "fp_rate": 0.5,
        "fn_rate": 0.0,
        "g_mean": 0.7071067811865476,
        "precision": 0.8,
        "recall": 1.0,
        "f1": 0.8888888888888888,
        "f1_abs": 0.10158730158730156,
        "accuracy": 0.8333333333333334,
        "support": 6
    },
    "f1_f1": 0.10756302521008401
}