{
    "boundary": {
        "precision": 0.9770114942528736,
        "recall": 0.9042553191489362,
        "num_correct": 85,
        "num_predicted": 87,
        "num_true": 94,
        "FP": 2,
        "FN": 9,
        "f1": 0.9392265193370166
    },
    "boundary_strict": {
        "precision": 0.9425287356321839,
        "recall": 0.8723404255319149,
        "num_correct": 82,
        "num_predicted": 87,
        "num_true": 94,
        "FP": 5,
        "FN": 12,
        "f1": 0.9060773480662984
    },
    "classification": {
        "TP": 42,
        "TN": 40,
        "FP": 3,
        "FN": 0,
        "spesificity": 0.9302325581395349,
        "fp_rate": 0.06976744186046513,
        "fn_rate": 0.0,
        "g_mean": 0.9644856443408242,
        "precision": 0.9333333333333333,
        "recall": 1.0,
        "f1": 0.9655172413793104,
        "f1_abs": 0.9068393979805678,
        "accuracy": 0.9647058823529412,
        "support": 85
    },
    "f1_f1": 0.9227488611030339
}