{
    "boundary": {
        "precision": 0.9795918367346939,
        "recall": 0.96,
        "num_correct": 96,
        "num_predicted": 98,
        "num_true": 100,
        "FP": 2,
        "FN": 4,
        "f1": 0.9696969696969697
    },
    "classification": {
        "TP": 46.0,
        "TN": 47.0,
        "FP": 3.0,
        "FN": 0.0,
        "spesificity": 0.94,
        "fp_rate": 0.06000000000000005,
        "fn_rate": 0.0,
        "g_mean": 0.9695359714832658,
        "precision": 0.9387755102040817,
        "recall": 1.0,
        "f1": 0.968421052631579,
        "f1_abs": 0.9390749601275917,
        "accuracy": 0.96875,
        "support": 96
    },
    "f1_f1": 0.9541403338194782
}