{
    "boundary": {
        "precision": 0.9615384615384616,
        "recall": 0.7575757575757576,
        "num_correct": 25,
        "num_predicted": 26,
        "num_true": 33,
        "FP": 1,
        "FN": 8,
        "f1": 0.8474576271186441
    },
    "boundary_strict": {
        "precision": 0.9615384615384616,
        "recall": 0.7575757575757576,
        "num_correct": 25,
        "num_predicted": 26,
        "num_true": 33,
        "FP": 1,
        "FN": 8,
        "f1": 0.8474576271186441
    },
    "classification": {
        "TP": 13,
        "TN": 12,
        "FP": 0,
        "FN": 0,
        "spesificity": 1.0,
        "fp_rate": 0.0,
        "fn_rate": 0.0,
        "g_mean": 1.0,
        "precision": 1.0,
        "recall": 1.0,
        "f1": 1.0,
        "f1_abs": 0.8474576271186441,
        "accuracy": 1.0,
        "support": 25
    },
    "f1_f1": 0.8474576271186441
}