{
    "boundary": {
        "precision": 0.9891304347826086,
        "recall": 0.9680851063829787,
        "num_correct": 91,
        "num_predicted": 92,
        "num_true": 94,
        "FP": 1,
        "FN": 3,
        "f1": 0.9784946236559139
    },
    "boundary_strict": {
        "precision": 0.9456521739130435,
        "recall": 0.925531914893617,
        "num_correct": 87,
        "num_predicted": 92,
        "num_true": 94,
        "FP": 5,
        "FN": 7,
        "f1": 0.935483870967742
    },
    "classification": {
        "TP": 47,
        "TN": 40,
        "FP": 3,
        "FN": 1,
        "spesificity": 0.9302325581395349,
        "fp_rate": 0.06976744186046513,
        "fn_rate": 0.02083333333333337,
        "g_mean": 0.9543860399116777,
        "precision": 0.94,
        "recall": 0.9791666666666666,
        "f1": 0.9591836734693877,
        "f1_abs": 0.9385560675883255,
        "accuracy": 0.9560439560439561,
        "support": 91
    },
    "f1_f1": 0.9581093189964157
}