{
    "boundary": {
        "precision": 0.8125,
        "recall": 0.4148936170212766,
        "num_correct": 39,
        "num_predicted": 48,
        "num_true": 94,
        "FP": 9,
        "FN": 55,
        "f1": 0.5492957746478874
    },
    "boundary_strict": {
        "precision": 0.75,
        "recall": 0.3829787234042553,
        "num_correct": 36,
        "num_predicted": 48,
        "num_true": 94,
        "FP": 12,
        "FN": 58,
        "f1": 0.5070422535211269
    },
    "classification": {
        "TP": 18,
        "TN": 18,
        "FP": 3,
        "FN": 0,
        "spesificity": 0.8571428571428571,
        "fp_rate": 0.1428571428571429,
        "fn_rate": 0.0,
        "g_mean": 0.9258200997725514,
        "precision": 0.8571428571428571,
        "recall": 1.0,
        "f1": 0.9230769230769231,
        "f1_abs": 0.5070422535211269,
        "accuracy": 0.9230769230769231,
        "support": 39
    },
    "f1_f1": 0.5273239436619719
}