{
    "boundary": {
        "precision": 0.8,
        "recall": 0.36,
        "num_correct": 36,
        "num_predicted": 45,
        "num_true": 100,
        "FP": 9,
        "FN": 64,
        "f1": 0.4965517241379309
    },
    "boundary_strict": {
        "precision": 0.7555555555555555,
        "recall": 0.34,
        "num_correct": 34,
        "num_predicted": 45,
        "num_true": 100,
        "FP": 11,
        "FN": 66,
        "f1": 0.4689655172413793
    },
    "classification": {
        "TP": 15,
        "TN": 19,
        "FP": 2,
        "FN": 0,
        "spesificity": 0.9047619047619048,
        "fp_rate": 0.09523809523809523,
        "fn_rate": 0.0,
        "g_mean": 0.9511897312113419,
        "precision": 0.8823529411764706,
        "recall": 1.0,
        "f1": 0.9375,
        "f1_abs": 0.4655172413793102,
        "accuracy": 0.9444444444444444,
        "support": 36
    },
    "f1_f1": 0.4805339265850944
}