{
    "boundary": {
        "precision": 0.631578947368421,
        "recall": 0.2553191489361702,
        "num_correct": 24,
        "num_predicted": 38,
        "num_true": 94,
        "FP": 14,
        "FN": 70,
        "f1": 0.3636363636363636
    },
    "boundary_strict": {
        "precision": 0.5526315789473685,
        "recall": 0.22340425531914893,
        "num_correct": 21,
        "num_predicted": 38,
        "num_true": 94,
        "FP": 17,
        "FN": 73,
        "f1": 0.3181818181818182
    },
    "classification": {
        "TP": 8,
        "TN": 13,
        "FP": 3,
        "FN": 0,
        "spesificity": 0.8125,
        "fp_rate": 0.1875,
        "fn_rate": 0.0,
        "g_mean": 0.9013878188659973,
        "precision": 0.7272727272727273,
        "recall": 1.0,
        "f1": 0.8421052631578947,
        "f1_abs": 0.30622009569377984,
        "accuracy": 0.875,
        "support": 24
    },
    "f1_f1": 0.33246753246753236
}