{
    "boundary": {
        "precision": 0.6764705882352942,
        "recall": 0.5,
        "num_correct": 23,
        "num_predicted": 34,
        "num_true": 46,
        "FP": 11,
        "FN": 23,
        "f1": 0.5750000000000001
    },
    "boundary_strict": {
        "precision": 0.5882352941176471,
        "recall": 0.43478260869565216,
        "num_correct": 20,
        "num_predicted": 34,
        "num_true": 46,
        "FP": 14,
        "FN": 26,
        "f1": 0.5
    },
    "classification": {
        "TP": 16,
        "TN": 4,
        "FP": 1,
        "FN": 2,
        "spesificity": 0.8,
        "fp_rate": 0.19999999999999996,
        "fn_rate": 0.11111111111111116,
        "g_mean": 0.8432740427115678,
        "precision": 0.9411764705882353,
        "recall": 0.8888888888888888,
        "f1": 0.9142857142857143,
        "f1_abs": 0.5257142857142858,
        "accuracy": 0.8695652173913043,
        "support": 23
    },
    "f1_f1": 0.5492537313432836
}