{
    "boundary": {
        "precision": 0.8305084745762712,
        "recall": 0.5212765957446809,
        "num_correct": 49,
        "num_predicted": 59,
        "num_true": 94,
        "FP": 10,
        "FN": 45,
        "f1": 0.6405228758169934
    },
    "boundary_strict": {
        "precision": 0.7627118644067796,
        "recall": 0.4787234042553192,
        "num_correct": 45,
        "num_predicted": 59,
        "num_true": 94,
        "FP": 14,
        "FN": 49,
        "f1": 0.5882352941176471
    },
    "classification": {
        "TP": 23,
        "TN": 22,
        "FP": 4,
        "FN": 0,
        "spesificity": 0.8461538461538461,
        "fp_rate": 0.15384615384615385,
        "fn_rate": 0.0,
        "g_mean": 0.9198662110077999,
        "precision": 0.8518518518518519,
        "recall": 1.0,
        "f1": 0.92,
        "f1_abs": 0.589281045751634,
        "accuracy": 0.9183673469387755,
        "support": 49
    },
    "f1_f1": 0.6138344226579521
}