{
    "boundary": {
        "precision": 0.7380952380952381,
        "recall": 0.5166666666666667,
        "num_correct": 31,
        "num_predicted": 42,
        "num_true": 60,
        "FP": 11,
        "FN": 29,
        "f1": 0.607843137254902
    },
    "boundary_strict": {
        "precision": 0.7380952380952381,
        "recall": 0.5166666666666667,
        "num_correct": 31,
        "num_predicted": 42,
        "num_true": 60,
        "FP": 11,
        "FN": 29,
        "f1": 0.607843137254902
    },
    "classification": {
        "TP": 15,
        "TN": 16,
        "FP": 0,
        "FN": 0,
        "spesificity": 1.0,
        "fp_rate": 0.0,
        "fn_rate": 0.0,
        "g_mean": 1.0,
        "precision": 1.0,
        "recall": 1.0,
        "f1": 1.0,
        "f1_abs": 0.607843137254902,
        "accuracy": 1.0,
        "support": 31
    },
    "f1_f1": 0.607843137254902
}