{
    "boundary": {
        "precision": 0.9215686274509803,
        "recall": 0.7833333333333333,
        "num_correct": 47,
        "num_predicted": 51,
        "num_true": 60,
        "FP": 4,
        "FN": 13,
        "f1": 0.8468468468468469
    },
    "boundary_strict": {
        "precision": 0.9215686274509803,
        "recall": 0.7833333333333333,
        "num_correct": 47,
        "num_predicted": 51,
        "num_true": 60,
        "FP": 4,
        "FN": 13,
        "f1": 0.8468468468468469
    },
    "classification": {
        "TP": 27,
        "TN": 20,
        "FP": 0,
        "FN": 0,
        "spesificity": 1.0,
        "fp_rate": 0.0,
        "fn_rate": 0.0,
        "g_mean": 1.0,
        "precision": 1.0,
        "recall": 1.0,
        "f1": 1.0,
        "f1_abs": 0.8468468468468469,
        "accuracy": 1.0,
        "support": 47
    },
    "f1_f1": 0.8468468468468469
}