{
    "boundary": {
        "precision": 0.7368421052631579,
        "recall": 0.42424242424242425,
        "num_correct": 14,
        "num_predicted": 19,
        "num_true": 33,
        "FP": 5,
        "FN": 19,
        "f1": 0.5384615384615385
    },
    "boundary_strict": {
        "precision": 0.7368421052631579,
        "recall": 0.42424242424242425,
        "num_correct": 14,
        "num_predicted": 19,
        "num_true": 33,
        "FP": 5,
        "FN": 19,
        "f1": 0.5384615384615385
    },
    "classification": {
        "TP": 9,
        "TN": 5,
        "FP": 0,
        "FN": 0,
        "spesificity": 1.0,
        "fp_rate": 0.0,
        "fn_rate": 0.0,
        "g_mean": 1.0,
        "precision": 1.0,
        "recall": 1.0,
        "f1": 1.0,
        "f1_abs": 0.5384615384615385,
        "accuracy": 1.0,
        "support": 14
    },
    "f1_f1": 0.5384615384615385
}