{
    "boundary": {
        "precision": 0.8813559322033898,
        "recall": 0.5531914893617021,
        "num_correct": 52,
        "num_predicted": 59,
        "num_true": 94,
        "FP": 7,
        "FN": 42,
        "f1": 0.6797385620915033
    },
    "boundary_strict": {
        "precision": 0.8305084745762712,
        "recall": 0.5212765957446809,
        "num_correct": 49,
        "num_predicted": 59,
        "num_true": 94,
        "FP": 10,
        "FN": 45,
        "f1": 0.6405228758169934
    },
    "classification": {
        "TP": 21,
        "TN": 28,
        "FP": 2,
        "FN": 1,
        "spesificity": 0.9333333333333333,
        "fp_rate": 0.06666666666666665,
        "fn_rate": 0.045454545454545414,
        "g_mean": 0.9438798074485389,
        "precision": 0.9130434782608695,
        "recall": 0.9545454545454546,
        "f1": 0.9333333333333333,
        "f1_abs": 0.6344226579520698,
        "accuracy": 0.9423076923076923,
        "support": 52
    },
    "f1_f1": 0.6562993013297272
}