{
    "boundary": {
        "precision": 1.0,
        "recall": 0.9787234042553191,
        "num_correct": 92,
        "num_predicted": 92,
        "num_true": 94,
        "FP": 0,
        "FN": 2,
        "f1": 0.989247311827957
    },
    "boundary_strict": {
        "precision": 0.9565217391304348,
        "recall": 0.9361702127659575,
        "num_correct": 88,
        "num_predicted": 92,
        "num_true": 94,
        "FP": 4,
        "FN": 6,
        "f1": 0.9462365591397849
    },
    "classification": {
        "TP": 46,
        "TN": 42,
        "FP": 2,
        "FN": 2,
        "spesificity": 0.9545454545454546,
        "fp_rate": 0.045454545454545414,
        "fn_rate": 0.04166666666666663,
        "g_mean": 0.9564375187500369,
        "precision": 0.9583333333333334,
        "recall": 0.9583333333333334,
        "f1": 0.9583333333333334,
        "f1_abs": 0.9480286738351255,
        "accuracy": 0.9565217391304348,
        "support": 92
    },
    "f1_f1": 0.9681994966826815
}