{
    "boundary": {
        "precision": 0.8732394366197183,
        "recall": 0.6595744680851063,
        "num_correct": 62,
        "num_predicted": 71,
        "num_true": 94,
        "FP": 9,
        "FN": 32,
        "f1": 0.7515151515151516
    },
    "boundary_strict": {
        "precision": 0.8169014084507042,
        "recall": 0.6170212765957447,
        "num_correct": 58,
        "num_predicted": 71,
        "num_true": 94,
        "FP": 13,
        "FN": 36,
        "f1": 0.7030303030303031
    },
    "classification": {
        "TP": 34,
        "TN": 24,
        "FP": 4,
        "FN": 0,
        "spesificity": 0.8571428571428571,
        "fp_rate": 0.1428571428571429,
        "fn_rate": 0.0,
        "g_mean": 0.9258200997725514,
        "precision": 0.8947368421052632,
        "recall": 1.0,
        "f1": 0.9444444444444444,
        "f1_abs": 0.7097643097643098,
        "accuracy": 0.9354838709677419,
        "support": 62
    },
    "f1_f1": 0.73004329004329
}