{
    "boundary": {
        "precision": 0.9764705882352941,
        "recall": 0.8829787234042553,
        "num_correct": 83,
        "num_predicted": 85,
        "num_true": 94,
        "FP": 2,
        "FN": 11,
        "f1": 0.9273743016759776
    },
    "boundary_strict": {
        "precision": 0.9647058823529412,
        "recall": 0.8723404255319149,
        "num_correct": 82,
        "num_predicted": 85,
        "num_true": 94,
        "FP": 3,
        "FN": 12,
        "f1": 0.9162011173184357
    },
    "classification": {
        "TP": 41,
        "TN": 41,
        "FP": 1,
        "FN": 0,
        "spesificity": 0.9761904761904762,
        "fp_rate": 0.023809523809523836,
        "fn_rate": 0.0,
        "g_mean": 0.9880235200593537,
        "precision": 0.9761904761904762,
        "recall": 1.0,
        "f1": 0.9879518072289156,
        "f1_abs": 0.9162011173184357,
        "accuracy": 0.9879518072289156,
        "support": 83
    },
    "f1_f1": 0.9217538513627898
}