{
    "boundary": {
        "precision": 0.9361702127659575,
        "recall": 0.9565217391304348,
        "num_correct": 44,
        "num_predicted": 47,
        "num_true": 46,
        "FP": 3,
        "FN": 2,
        "f1": 0.9462365591397849
    },
    "boundary_strict": {
        "precision": 0.8936170212765957,
        "recall": 0.9130434782608695,
        "num_correct": 42,
        "num_predicted": 47,
        "num_true": 46,
        "FP": 5,
        "FN": 4,
        "f1": 0.9032258064516129
    },
    "classification": {
        "TP": 35,
        "TN": 7,
        "FP": 2,
        "FN": 0,
        "spesificity": 0.7777777777777778,
        "fp_rate": 0.2222222222222222,
        "fn_rate": 0.0,
        "g_mean": 0.8819171036881969,
        "precision": 0.9459459459459459,
        "recall": 1.0,
        "f1": 0.9722222222222222,
        "f1_abs": 0.9199522102747908,
        "accuracy": 0.9545454545454546,
        "support": 44
    },
    "f1_f1": 0.9329092836589428
}