{
    "boundary": {
        "precision": 0.9808917197452229,
        "recall": 0.9565217391304348,
        "num_correct": 308,
        "num_predicted": 314,
        "num_true": 322,
        "FP": 6,
        "FN": 14,
        "f1": 0.9685534591194969
    },
    "boundary_strict": {
        "precision": 0.9585987261146497,
        "recall": 0.9347826086956522,
        "num_correct": 301,
        "num_predicted": 314,
        "num_true": 322,
        "FP": 13,
        "FN": 21,
        "f1": 0.9465408805031447
    },
    "classification": {
        "TP": 197,
        "TN": 104,
        "FP": 6,
        "FN": 1,
        "spesificity": 0.9454545454545454,
        "fp_rate": 0.054545454545454564,
        "fn_rate": 0.005050505050505083,
        "g_mean": 0.9698863451444732,
        "precision": 0.9704433497536946,
        "recall": 0.9949494949494949,
        "f1": 0.9825436408977556,
        "f1_abs": 0.9516460421273859,
        "accuracy": 0.9772727272727273,
        "support": 308
    },
    "f1_f1": 0.9600253154542936
}