{
    "boundary": {
        "precision": 0.9893617021276596,
        "recall": 0.93,
        "num_correct": 93,
        "num_predicted": 94,
        "num_true": 100,
        "FP": 1,
        "FN": 7,
        "f1": 0.9587628865979382
    },
    "classification": {
        "TP": 47.0,
        "TN": 46.0,
        "FP": 0.0,
        "FN": 0.0,
        "spesificity": 1.0,
        "fp_rate": 0.0,
        "fn_rate": 0.0,
        "g_mean": 1.0,
        "precision": 1.0,
        "recall": 1.0,
        "f1": 1.0,
        "f1_abs": 0.9587628865979382,
        "accuracy": 1.0,
        "support": 93
    },
    "f1_f1": 0.9587628865979382
}