{
    "boundary": {
        "precision": 0.8214285714285714,
        "recall": 0.46,
        "num_correct": 46,
        "num_predicted": 56,
        "num_true": 100,
        "FP": 10,
        "FN": 54,
        "f1": 0.5897435897435898
    },
    "boundary_strict": {
        "precision": 0.7678571428571429,
        "recall": 0.43,
        "num_correct": 43,
        "num_predicted": 56,
        "num_true": 100,
        "FP": 13,
        "FN": 57,
        "f1": 0.5512820512820512
    },
    "classification": {
        "TP": 20,
        "TN": 23,
        "FP": 2,
        "FN": 1,
        "spesificity": 0.92,
        "fp_rate": 0.07999999999999996,
        "fn_rate": 0.04761904761904767,
        "g_mean": 0.9360504666899516,
        "precision": 0.9090909090909091,
        "recall": 0.9523809523809523,
        "f1": 0.9302325581395349,
        "f1_abs": 0.5485986881335718,
        "accuracy": 0.9347826086956522,
        "support": 46
    },
    "f1_f1": 0.5684275563793637
}