{
    "boundary": {
        "precision": 0.7083333333333334,
        "recall": 0.18085106382978725,
        "num_correct": 17,
        "num_predicted": 24,
        "num_true": 94,
        "FP": 7,
        "FN": 77,
        "f1": 0.288135593220339
    },
    "boundary_strict": {
        "precision": 0.7083333333333334,
        "recall": 0.18085106382978725,
        "num_correct": 17,
        "num_predicted": 24,
        "num_true": 94,
        "FP": 7,
        "FN": 77,
        "f1": 0.288135593220339
    },
    "classification": {
        "TP": 1,
        "TN": 16,
        "FP": 0,
        "FN": 0,
        "spesificity": 1.0,
        "fp_rate": 0.0,
        "fn_rate": 0.0,
        "g_mean": 1.0,
        "precision": 1.0,
        "recall": 1.0,
        "f1": 1.0,
        "f1_abs": 0.288135593220339,
        "accuracy": 1.0,
        "support": 17
    },
    "f1_f1": 0.288135593220339
}