{
    "boundary": {
        "precision": 0.7575757575757576,
        "recall": 0.4166666666666667,
        "num_correct": 25,
        "num_predicted": 33,
        "num_true": 60,
        "FP": 8,
        "FN": 35,
        "f1": 0.5376344086021506
    },
    "boundary_strict": {
        "precision": 0.7575757575757576,
        "recall": 0.4166666666666667,
        "num_correct": 25,
        "num_predicted": 33,
        "num_true": 60,
        "FP": 8,
        "FN": 35,
        "f1": 0.5376344086021506
    },
    "classification": {
        "TP": 15,
        "TN": 10,
        "FP": 0,
        "FN": 0,
        "spesificity": 1.0,
        "fp_rate": 0.0,
        "fn_rate": 0.0,
        "g_mean": 1.0,
        "precision": 1.0,
        "recall": 1.0,
        "f1": 1.0,
        "f1_abs": 0.5376344086021506,
        "accuracy": 1.0,
        "support": 25
    },
    "f1_f1": 0.5376344086021506
}