{
    "boundary": {
        "precision": 0.5833333333333334,
        "recall": 0.21212121212121213,
        "num_correct": 7,
        "num_predicted": 12,
        "num_true": 33,
        "FP": 5,
        "FN": 26,
        "f1": 0.3111111111111111
    },
    "boundary_strict": {
        "precision": 0.5,
        "recall": 0.18181818181818182,
        "num_correct": 6,
        "num_predicted": 12,
        "num_true": 33,
        "FP": 6,
        "FN": 27,
        "f1": 0.26666666666666666
    },
    "classification": {
        "TP": 6,
        "TN": 0,
        "FP": 1,
        "FN": 0,
        "spesificity": 0.0,
        "fp_rate": 1.0,
        "fn_rate": 0.0,
        "g_mean": 0.0,
        "precision": 0.8571428571428571,
        "recall": 1.0,
        "f1": 0.9230769230769231,
        "f1_abs": 0.2871794871794872,
        "accuracy": 0.8571428571428571,
        "support": 7
    },
    "f1_f1": 0.29866666666666664
}