{
    "boundary": {
        "precision": 0.9811912225705329,
        "recall": 0.9720496894409938,
        "num_correct": 313,
        "num_predicted": 319,
        "num_true": 322,
        "FP": 6,
        "FN": 9,
        "f1": 0.9765990639625585
    },
    "boundary_strict": {
        "precision": 0.9184952978056427,
        "recall": 0.9099378881987578,
        "num_correct": 293,
        "num_predicted": 319,
        "num_true": 322,
        "FP": 26,
        "FN": 29,
        "f1": 0.9141965678627145
    },
    "classification": {
        "TP": 193,
        "TN": 100,
        "FP": 9,
        "FN": 11,
        "spesificity": 0.9174311926605505,
        "fp_rate": 0.08256880733944949,
        "fn_rate": 0.05392156862745101,
        "g_mean": 0.9316447089124376,
        "precision": 0.9554455445544554,
        "recall": 0.946078431372549,
        "f1": 0.9507389162561576,
        "f1_abs": 0.9284907356885408,
        "accuracy": 0.9361022364217252,
        "support": 313
    },
    "f1_f1": 0.9519374714382514
}