{
    "boundary": {
        "precision": 0.9779874213836478,
        "recall": 0.9658385093167702,
        "num_correct": 311,
        "num_predicted": 318,
        "num_true": 322,
        "FP": 7,
        "FN": 11,
        "f1": 0.971875
    },
    "boundary_strict": {
        "precision": 0.9276729559748428,
        "recall": 0.9161490683229814,
        "num_correct": 295,
        "num_predicted": 318,
        "num_true": 322,
        "FP": 23,
        "FN": 27,
        "f1": 0.9218750000000001
    },
    "classification": {
        "TP": 193,
        "TN": 102,
        "FP": 7,
        "FN": 9,
        "spesificity": 0.9357798165137615,
        "fp_rate": 0.06422018348623848,
        "fn_rate": 0.044554455445544594,
        "g_mean": 0.9455615560988397,
        "precision": 0.965,
        "recall": 0.9554455445544554,
        "f1": 0.9601990049751243,
        "f1_abs": 0.933193407960199,
        "accuracy": 0.9485530546623794,
        "support": 311
    },
    "f1_f1": 0.952141497461929
}