{
    "boundary": {
        "precision": 0.9767441860465116,
        "recall": 0.9130434782608695,
        "num_correct": 42,
        "num_predicted": 43,
        "num_true": 46,
        "FP": 1,
        "FN": 4,
        "f1": 0.9438202247191011
    },
    "boundary_strict": {
        "precision": 0.9302325581395349,
        "recall": 0.8695652173913043,
        "num_correct": 40,
        "num_predicted": 43,
        "num_true": 46,
        "FP": 3,
        "FN": 6,
        "f1": 0.898876404494382
    },
    "classification": {
        "TP": 34,
        "TN": 6,
        "FP": 2,
        "FN": 0,
        "spesificity": 0.75,
        "fp_rate": 0.25,
        "fn_rate": 0.0,
        "g_mean": 0.8660254037844386,
        "precision": 0.9444444444444444,
        "recall": 1.0,
        "f1": 0.9714285714285714,
        "f1_abs": 0.9168539325842696,
        "accuracy": 0.9523809523809523,
        "support": 42
    },
    "f1_f1": 0.9301416707376648
}