{
    "boundary": {
        "precision": 0.8243243243243243,
        "recall": 0.648936170212766,
        "num_correct": 61,
        "num_predicted": 74,
        "num_true": 94,
        "FP": 13,
        "FN": 33,
        "f1": 0.7261904761904763
    },
    "boundary_strict": {
        "precision": 0.7837837837837838,
        "recall": 0.6170212765957447,
        "num_correct": 58,
        "num_predicted": 74,
        "num_true": 94,
        "FP": 16,
        "FN": 36,
        "f1": 0.6904761904761905
    },
    "classification": {
        "TP": 28,
        "TN": 30,
        "FP": 3,
        "FN": 0,
        "spesificity": 0.9090909090909091,
        "fp_rate": 0.09090909090909094,
        "fn_rate": 0.0,
        "g_mean": 0.9534625892455924,
        "precision": 0.9032258064516129,
        "recall": 1.0,
        "f1": 0.9491525423728814,
        "f1_abs": 0.6892655367231639,
        "accuracy": 0.9508196721311475,
        "support": 61
    },
    "f1_f1": 0.7072463768115943
}