{
    "boundary": {
        "precision": 1.0,
        "recall": 0.9166666666666666,
        "num_correct": 11,
        "num_predicted": 11,
        "num_true": 12,
        "FP": 0,
        "FN": 1,
        "f1": 0.9565217391304348
    },
    "boundary_strict": {
        "precision": 1.0,
        "recall": 0.9166666666666666,
        "num_correct": 11,
        "num_predicted": 11,
        "num_true": 12,
        "FP": 0,
        "FN": 1,
        "f1": 0.9565217391304348
    },
    "classification": {
        "TP": 9,
        "TN": 2,
        "FP": 0,
        "FN": 0,
        "spesificity": 1.0,
        "fp_rate": 0.0,
        "fn_rate": 0.0,
        "g_mean": 1.0,
        "precision": 1.0,
        "recall": 1.0,
        "f1": 1.0,
        "f1_abs": 0.9565217391304348,
        "accuracy": 1.0,
        "support": 11
    },
    "f1_f1": 0.9565217391304348
}