{
    "boundary": {
        "precision": 0.9680851063829787,
        "recall": 0.9680851063829787,
        "num_correct": 91,
        "num_predicted": 94,
        "num_true": 94,
        "FP": 3,
        "FN": 3,
        "f1": 0.9680851063829787
    },
    "boundary_strict": {
        "precision": 0.9148936170212766,
        "recall": 0.9148936170212766,
        "num_correct": 86,
        "num_predicted": 94,
        "num_true": 94,
        "FP": 8,
        "FN": 8,
        "f1": 0.9148936170212766
    },
    "classification": {
        "TP": 44,
        "TN": 42,
        "FP": 3,
        "FN": 2,
        "spesificity": 0.9333333333333333,
        "fp_rate": 0.06666666666666665,
        "fn_rate": 0.04347826086956519,
        "g_mean": 0.9448564034753671,
        "precision": 0.9361702127659575,
        "recall": 0.9565217391304348,
        "f1": 0.946236559139785,
        "f1_abs": 0.9160375200183025,
        "accuracy": 0.945054945054945,
        "support": 91
    },
    "f1_f1": 0.9413424238862115
}