{
    "boundary": {
        "precision": 0.6470588235294118,
        "recall": 0.3333333333333333,
        "num_correct": 11,
        "num_predicted": 17,
        "num_true": 33,
        "FP": 6,
        "FN": 22,
        "f1": 0.44
    },
    "boundary_strict": {
        "precision": 0.5294117647058824,
        "recall": 0.2727272727272727,
        "num_correct": 9,
        "num_predicted": 17,
        "num_true": 33,
        "FP": 8,
        "FN": 24,
        "f1": 0.36
    },
    "classification": {
        "TP": 4,
        "TN": 5,
        "FP": 2,
        "FN": 0,
        "spesificity": 0.7142857142857143,
        "fp_rate": 0.2857142857142857,
        "fn_rate": 0.0,
        "g_mean": 0.8451542547285166,
        "precision": 0.6666666666666666,
        "recall": 1.0,
        "f1": 0.8,
        "f1_abs": 0.35200000000000004,
        "accuracy": 0.8181818181818182,
        "support": 11
    },
    "f1_f1": 0.39111111111111113
}