{
    "boundary": {
        "precision": 0.9545454545454546,
        "recall": 0.8936170212765957,
        "num_correct": 84,
        "num_predicted": 88,
        "num_true": 94,
        "FP": 4,
        "FN": 10,
        "f1": 0.9230769230769231
    },
    "boundary_strict": {
        "precision": 0.9318181818181818,
        "recall": 0.8723404255319149,
        "num_correct": 82,
        "num_predicted": 88,
        "num_true": 94,
        "FP": 6,
        "FN": 12,
        "f1": 0.9010989010989012
    },
    "classification": {
        "TP": 42,
        "TN": 40,
        "FP": 2,
        "FN": 0,
        "spesificity": 0.9523809523809523,
        "fp_rate": 0.04761904761904767,
        "fn_rate": 0.0,
        "g_mean": 0.9759000729485332,
        "precision": 0.9545454545454546,
        "recall": 1.0,
        "f1": 0.9767441860465116,
        "f1_abs": 0.9016100178890877,
        "accuracy": 0.9761904761904762,
        "support": 84
    },
    "f1_f1": 0.9122171945701358
}