{
    "boundary": {
        "precision": 0.9871794871794872,
        "recall": 0.9565217391304348,
        "num_correct": 308,
        "num_predicted": 312,
        "num_true": 322,
        "FP": 4,
        "FN": 14,
        "f1": 0.971608832807571
    },
    "boundary_strict": {
        "precision": 0.9391025641025641,
        "recall": 0.9099378881987578,
        "num_correct": 293,
        "num_predicted": 312,
        "num_true": 322,
        "FP": 19,
        "FN": 29,
        "f1": 0.9242902208201894
    },
    "classification": {
        "TP": 192,
        "TN": 101,
        "FP": 9,
        "FN": 6,
        "spesificity": 0.9181818181818182,
        "fp_rate": 0.08181818181818179,
        "fn_rate": 0.030303030303030276,
        "g_mean": 0.9435879008983546,
        "precision": 0.9552238805970149,
        "recall": 0.9696969696969697,
        "f1": 0.9624060150375939,
        "f1_abs": 0.9350821849576623,
        "accuracy": 0.9512987012987013,
        "support": 308
    },
    "f1_f1": 0.9529956367767747
}