{
    "boundary": {
        "precision": 0.9807073954983923,
        "recall": 0.9472049689440993,
        "num_correct": 305,
        "num_predicted": 311,
        "num_true": 322,
        "FP": 6,
        "FN": 17,
        "f1": 0.9636650868878356
    },
    "boundary_strict": {
        "precision": 0.9517684887459807,
        "recall": 0.9192546583850931,
        "num_correct": 296,
        "num_predicted": 311,
        "num_true": 322,
        "FP": 15,
        "FN": 26,
        "f1": 0.9352290679304898
    },
    "classification": {
        "TP": 194,
        "TN": 102,
        "FP": 6,
        "FN": 3,
        "spesificity": 0.9444444444444444,
        "fp_rate": 0.05555555555555558,
        "fn_rate": 0.015228426395939132,
        "g_mean": 0.964397242705084,
        "precision": 0.97,
        "recall": 0.9847715736040609,
        "f1": 0.9773299748110831,
        "f1_abs": 0.9418187750944086,
        "accuracy": 0.9704918032786886,
        "support": 305
    },
    "f1_f1": 0.9526166973566376
}