{
    "boundary": {
        "precision": 0.9694656488549618,
        "recall": 0.8167202572347267,
        "num_correct": 254,
        "num_predicted": 262,
        "num_true": 311,
        "f1": 0.8865619546247819
    },
    "classification": {
        "precision": 0.9213483146067416,
        "recall": 0.9590643274853801,
        "f1": 0.9398280802292264,
        "accuracy": 0.9173228346456693,
        "support": 254
    }
}