{
    "boundary": {
        "precision": 0.9340659340659341,
        "recall": 0.9042553191489362,
        "num_correct": 85,
        "num_predicted": 91,
        "num_true": 94,
        "FP": 6,
        "FN": 9,
        "f1": 0.918918918918919
    },
    "boundary_strict": {
        "precision": 0.9010989010989011,
        "recall": 0.8723404255319149,
        "num_correct": 82,
        "num_predicted": 91,
        "num_true": 94,
        "FP": 9,
        "FN": 12,
        "f1": 0.8864864864864866
    },
    "classification": {
        "TP": 44,
        "TN": 38,
        "FP": 3,
        "FN": 0,
        "spesificity": 0.926829268292683,
        "fp_rate": 0.07317073170731703,
        "fn_rate": 0.0,
        "g_mean": 0.9627197246824659,
        "precision": 0.9361702127659575,
        "recall": 1.0,
        "f1": 0.967032967032967,
        "f1_abs": 0.8886248886248886,
        "accuracy": 0.9647058823529412,
        "support": 85
    },
    "f1_f1": 0.9035180431828477
}