{
    "boundary": {
        "precision": 0.45454545454545453,
        "recall": 0.15151515151515152,
        "num_correct": 5,
        "num_predicted": 11,
        "num_true": 33,
        "FP": 6,
        "FN": 28,
        "f1": 0.22727272727272727
    },
    "boundary_strict": {
        "precision": 0.45454545454545453,
        "recall": 0.15151515151515152,
        "num_correct": 5,
        "num_predicted": 11,
        "num_true": 33,
        "FP": 6,
        "FN": 28,
        "f1": 0.22727272727272727
    },
    "classification": {
        "TP": 4,
        "TN": 1,
        "FP": 0,
        "FN": 0,
        "spesificity": 1.0,
        "fp_rate": 0.0,
        "fn_rate": 0.0,
        "g_mean": 1.0,
        "precision": 1.0,
        "recall": 1.0,
        "f1": 1.0,
        "f1_abs": 0.22727272727272727,
        "accuracy": 1.0,
        "support": 5
    },
    "f1_f1": 0.22727272727272727
}