{
    "boundary": {
        "precision": 0.9550561797752809,
        "recall": 0.9042553191489362,
        "num_correct": 85,
        "num_predicted": 89,
        "num_true": 94,
        "FP": 4,
        "FN": 9,
        "f1": 0.9289617486338798
    },
    "boundary_strict": {
        "precision": 0.9213483146067416,
        "recall": 0.8723404255319149,
        "num_correct": 82,
        "num_predicted": 89,
        "num_true": 94,
        "FP": 7,
        "FN": 12,
        "f1": 0.8961748633879781
    },
    "classification": {
        "TP": 41,
        "TN": 41,
        "FP": 2,
        "FN": 1,
        "spesificity": 0.9534883720930233,
        "fp_rate": 0.046511627906976716,
        "fn_rate": 0.023809523809523836,
        "g_mean": 0.964772650936774,
        "precision": 0.9534883720930233,
        "recall": 0.9761904761904762,
        "f1": 0.9647058823529412,
        "f1_abs": 0.8961748633879781,
        "accuracy": 0.9647058823529412,
        "support": 85
    },
    "f1_f1": 0.9122738130296784
}