{
    "boundary": {
        "precision": 0.9887640449438202,
        "recall": 0.9361702127659575,
        "num_correct": 88,
        "num_predicted": 89,
        "num_true": 94,
        "FP": 1,
        "FN": 6,
        "f1": 0.9617486338797814
    },
    "boundary_strict": {
        "precision": 0.9550561797752809,
        "recall": 0.9042553191489362,
        "num_correct": 85,
        "num_predicted": 89,
        "num_true": 94,
        "FP": 4,
        "FN": 9,
        "f1": 0.9289617486338798
    },
    "classification": {
        "TP": 43,
        "TN": 42,
        "FP": 1,
        "FN": 2,
        "spesificity": 0.9767441860465116,
        "fp_rate": 0.023255813953488413,
        "fn_rate": 0.0444444444444444,
        "g_mean": 0.9660917830792959,
        "precision": 0.9772727272727273,
        "recall": 0.9555555555555556,
        "f1": 0.9662921348314607,
        "f1_abs": 0.9293301406029348,
        "accuracy": 0.9659090909090909,
        "support": 88
    },
    "f1_f1": 0.9452615144418423
}