{
    "boundary": {
        "precision": 0.9523809523809523,
        "recall": 0.8695652173913043,
        "num_correct": 40,
        "num_predicted": 42,
        "num_true": 46,
        "FP": 2,
        "FN": 6,
        "f1": 0.909090909090909
    },
    "boundary_strict": {
        "precision": 0.9047619047619048,
        "recall": 0.8260869565217391,
        "num_correct": 38,
        "num_predicted": 42,
        "num_true": 46,
        "FP": 4,
        "FN": 8,
        "f1": 0.8636363636363636
    },
    "classification": {
        "TP": 30,
        "TN": 8,
        "FP": 1,
        "FN": 1,
        "spesificity": 0.8888888888888888,
        "fp_rate": 0.11111111111111116,
        "fn_rate": 0.032258064516129004,
        "g_mean": 0.9274777915203366,
        "precision": 0.967741935483871,
        "recall": 0.967741935483871,
        "f1": 0.967741935483871,
        "f1_abs": 0.879765395894428,
        "accuracy": 0.95,
        "support": 40
    },
    "f1_f1": 0.894187779433681
}