{
    "boundary": {
        "precision": 0.8333333333333334,
        "recall": 0.4166666666666667,
        "num_correct": 25,
        "num_predicted": 30,
        "num_true": 60,
        "FP": 5,
        "FN": 35,
        "f1": 0.5555555555555556
    },
    "boundary_strict": {
        "precision": 0.8333333333333334,
        "recall": 0.4166666666666667,
        "num_correct": 25,
        "num_predicted": 30,
        "num_true": 60,
        "FP": 5,
        "FN": 35,
        "f1": 0.5555555555555556
    },
    "classification": {
        "TP": 15,
        "TN": 10,
        "FP": 0,
        "FN": 0,
        "spesificity": 1.0,
        "fp_rate": 0.0,
        "fn_rate": 0.0,
        "g_mean": 1.0,
        "precision": 1.0,
        "recall": 1.0,
        "f1": 1.0,
        "f1_abs": 0.5555555555555556,
        "accuracy": 1.0,
        "support": 25
    },
    "f1_f1": 0.5555555555555556
}