{
    "boundary": {
        "precision": 0.8888888888888888,
        "recall": 0.7659574468085106,
        "num_correct": 72,
        "num_predicted": 81,
        "num_true": 94,
        "FP": 9,
        "FN": 22,
        "f1": 0.8228571428571428
    },
    "boundary_strict": {
        "precision": 0.8641975308641975,
        "recall": 0.7446808510638298,
        "num_correct": 70,
        "num_predicted": 81,
        "num_true": 94,
        "FP": 11,
        "FN": 24,
        "f1": 0.8
    },
    "classification": {
        "TP": 38,
        "TN": 32,
        "FP": 2,
        "FN": 0,
        "spesificity": 0.9411764705882353,
        "fp_rate": 0.05882352941176472,
        "fn_rate": 0.0,
        "g_mean": 0.9701425001453319,
        "precision": 0.95,
        "recall": 1.0,
        "f1": 0.9743589743589743,
        "f1_abs": 0.8017582417582417,
        "accuracy": 0.9722222222222222,
        "support": 72
    },
    "f1_f1": 0.8121706864564008
}