{
    "boundary": {
        "precision": 0.8674698795180723,
        "recall": 0.7659574468085106,
        "num_correct": 72,
        "num_predicted": 83,
        "num_true": 94,
        "FP": 11,
        "FN": 22,
        "f1": 0.8135593220338984
    },
    "boundary_strict": {
        "precision": 0.8433734939759037,
        "recall": 0.7446808510638298,
        "num_correct": 70,
        "num_predicted": 83,
        "num_true": 94,
        "FP": 13,
        "FN": 24,
        "f1": 0.7909604519774013
    },
    "classification": {
        "TP": 37,
        "TN": 33,
        "FP": 2,
        "FN": 0,
        "spesificity": 0.9428571428571428,
        "fp_rate": 0.05714285714285716,
        "fn_rate": 0.0,
        "g_mean": 0.9710083124552245,
        "precision": 0.9487179487179487,
        "recall": 1.0,
        "f1": 0.9736842105263158,
        "f1_abs": 0.7921498661909011,
        "accuracy": 0.9722222222222222,
        "support": 72
    },
    "f1_f1": 0.8027118644067798
}