{
    "boundary": {
        "precision": 0.9888888888888889,
        "recall": 0.89,
        "num_correct": 89,
        "num_predicted": 90,
        "num_true": 100,
        "FP": 1,
        "FN": 11,
        "f1": 0.9368421052631579
    },
    "classification": {
        "TP": 42.0,
        "TN": 42.0,
        "FP": 5.0,
        "FN": 0.0,
        "spesificity": 0.8936170212765957,
        "fp_rate": 0.1063829787234043,
        "fn_rate": 0.0,
        "g_mean": 0.9453131868733218,
        "precision": 0.8936170212765957,
        "recall": 1.0,
        "f1": 0.9438202247191011,
        "f1_abs": 0.8842105263157894,
        "accuracy": 0.9438202247191011,
        "support": 89
    },
    "f1_f1": 0.9097657438393673
}