{
    "boundary": {
        "precision": 0.961038961038961,
        "recall": 0.9192546583850931,
        "num_correct": 296,
        "num_predicted": 308,
        "num_true": 322,
        "FP": 12,
        "FN": 26,
        "f1": 0.9396825396825396
    },
    "boundary_strict": {
        "precision": 0.9253246753246753,
        "recall": 0.8850931677018633,
        "num_correct": 285,
        "num_predicted": 308,
        "num_true": 322,
        "FP": 23,
        "FN": 37,
        "f1": 0.9047619047619048
    },
    "classification": {
        "TP": 188,
        "TN": 97,
        "FP": 6,
        "FN": 5,
        "spesificity": 0.941747572815534,
        "fp_rate": 0.058252427184465994,
        "fn_rate": 0.025906735751295318,
        "g_mean": 0.9577838834007274,
        "precision": 0.9690721649484536,
        "recall": 0.9740932642487047,
        "f1": 0.9715762273901809,
        "f1_abs": 0.9129732168491858,
        "accuracy": 0.9628378378378378,
        "support": 296
    },
    "f1_f1": 0.926135347105203
}