{
    "boundary": {
        "precision": 0.9111111111111111,
        "recall": 0.8913043478260869,
        "num_correct": 41,
        "num_predicted": 45,
        "num_true": 46,
        "FP": 4,
        "FN": 5,
        "f1": 0.9010989010989011
    },
    "boundary_strict": {
        "precision": 0.8222222222222222,
        "recall": 0.8043478260869565,
        "num_correct": 37,
        "num_predicted": 45,
        "num_true": 46,
        "FP": 8,
        "FN": 9,
        "f1": 0.8131868131868132
    },
    "classification": {
        "TP": 33,
        "TN": 4,
        "FP": 3,
        "FN": 1,
        "spesificity": 0.5714285714285714,
        "fp_rate": 0.4285714285714286,
        "fn_rate": 0.02941176470588236,
        "g_mean": 0.7447293795329252,
        "precision": 0.9166666666666666,
        "recall": 0.9705882352941176,
        "f1": 0.9428571428571428,
        "f1_abs": 0.849607535321821,
        "accuracy": 0.9024390243902439,
        "support": 41
    },
    "f1_f1": 0.8745959922430511
}