{
    "boundary": {
        "precision": 0.8695652173913043,
        "recall": 0.6666666666666666,
        "num_correct": 40,
        "num_predicted": 46,
        "num_true": 60,
        "FP": 6,
        "FN": 20,
        "f1": 0.7547169811320754
    },
    "boundary_strict": {
        "precision": 0.8695652173913043,
        "recall": 0.6666666666666666,
        "num_correct": 40,
        "num_predicted": 46,
        "num_true": 60,
        "FP": 6,
        "FN": 20,
        "f1": 0.7547169811320754
    },
    "classification": {
        "TP": 20,
        "TN": 20,
        "FP": 0,
        "FN": 0,
        "spesificity": 1.0,
        "fp_rate": 0.0,
        "fn_rate": 0.0,
        "g_mean": 1.0,
        "precision": 1.0,
        "recall": 1.0,
        "f1": 1.0,
        "f1_abs": 0.7547169811320754,
        "accuracy": 1.0,
        "support": 40
    },
    "f1_f1": 0.7547169811320754
}