{
    "boundary": {
        "precision": 0.46153846153846156,
        "recall": 0.09523809523809523,
        "num_correct": 6,
        "num_predicted": 13,
        "num_true": 63,
        "FP": 7,
        "FN": 57,
        "f1": 0.15789473684210528
    },
    "boundary_strict": {
        "precision": 0.46153846153846156,
        "recall": 0.09523809523809523,
        "num_correct": 6,
        "num_predicted": 13,
        "num_true": 63,
        "FP": 7,
        "FN": 57,
        "f1": 0.15789473684210528
    },
    "classification": {
        "TP": 4,
        "TN": 2,
        "FP": 0,
        "FN": 0,
        "spesificity": 1.0,
        "fp_rate": 0.0,
        "fn_rate": 0.0,
        "g_mean": 1.0,
        "precision": 1.0,
        "recall": 1.0,
        "f1": 1.0,
        "f1_abs": 0.15789473684210528,
        "accuracy": 1.0,
        "support": 6
    },
    "f1_f1": 0.15789473684210528
}