{
    "boundary": {
        "precision": 0.9630872483221476,
        "recall": 0.8913043478260869,
        "num_correct": 287,
        "num_predicted": 298,
        "num_true": 322,
        "FP": 11,
        "FN": 35,
        "f1": 0.9258064516129033
    },
    "boundary_strict": {
        "precision": 0.9395973154362416,
        "recall": 0.8695652173913043,
        "num_correct": 280,
        "num_predicted": 298,
        "num_true": 322,
        "FP": 18,
        "FN": 42,
        "f1": 0.903225806451613
    },
    "classification": {
        "TP": 191,
        "TN": 89,
        "FP": 6,
        "FN": 1,
        "spesificity": 0.9368421052631579,
        "fp_rate": 0.06315789473684208,
        "fn_rate": 0.00520833333333337,
        "g_mean": 0.9653821623058122,
        "precision": 0.9695431472081218,
        "recall": 0.9947916666666666,
        "f1": 0.9820051413881749,
        "f1_abs": 0.9091466954142136,
        "accuracy": 0.975609756097561,
        "support": 287
    },
    "f1_f1": 0.9174009455671313
}