{
    "boundary": {
        "precision": 1.0,
        "recall": 0.9680851063829787,
        "num_correct": 91,
        "num_predicted": 91,
        "num_true": 94,
        "FP": 0,
        "FN": 3,
        "f1": 0.9837837837837838
    },
    "boundary_strict": {
        "precision": 0.967032967032967,
        "recall": 0.9361702127659575,
        "num_correct": 88,
        "num_predicted": 91,
        "num_true": 94,
        "FP": 3,
        "FN": 6,
        "f1": 0.9513513513513513
    },
    "classification": {
        "TP": 48,
        "TN": 40,
        "FP": 3,
        "FN": 0,
        "spesificity": 0.9302325581395349,
        "fp_rate": 0.06976744186046513,
        "fn_rate": 0.0,
        "g_mean": 0.9644856443408242,
        "precision": 0.9411764705882353,
        "recall": 1.0,
        "f1": 0.9696969696969697,
        "f1_abs": 0.9539721539721541,
        "accuracy": 0.967032967032967,
        "support": 91
    },
    "f1_f1": 0.9686486486486487
}