{
    "boundary": {
        "precision": 0.875,
        "recall": 0.7608695652173914,
        "num_correct": 35,
        "num_predicted": 40,
        "num_true": 46,
        "FP": 5,
        "FN": 11,
        "f1": 0.813953488372093
    },
    "boundary_strict": {
        "precision": 0.775,
        "recall": 0.6739130434782609,
        "num_correct": 31,
        "num_predicted": 40,
        "num_true": 46,
        "FP": 9,
        "FN": 15,
        "f1": 0.7209302325581396
    },
    "classification": {
        "TP": 27,
        "TN": 4,
        "FP": 2,
        "FN": 2,
        "spesificity": 0.6666666666666666,
        "fp_rate": 0.33333333333333337,
        "fn_rate": 0.06896551724137934,
        "g_mean": 0.7878385971583353,
        "precision": 0.9310344827586207,
        "recall": 0.9310344827586207,
        "f1": 0.9310344827586207,
        "f1_abs": 0.7578187650360866,
        "accuracy": 0.8857142857142857,
        "support": 35
    },
    "f1_f1": 0.7848837209302325
}