{
    "boundary": {
        "precision": 0.9666666666666667,
        "recall": 0.9666666666666667,
        "num_correct": 58,
        "num_predicted": 60,
        "num_true": 60,
        "FP": 2,
        "FN": 2,
        "f1": 0.9666666666666667
    },
    "boundary_strict": {
        "precision": 0.95,
        "recall": 0.95,
        "num_correct": 57,
        "num_predicted": 60,
        "num_true": 60,
        "FP": 3,
        "FN": 3,
        "f1": 0.9500000000000001
    },
    "classification": {
        "TP": 33,
        "TN": 24,
        "FP": 1,
        "FN": 0,
        "spesificity": 0.96,
        "fp_rate": 0.040000000000000036,
        "fn_rate": 0.0,
        "g_mean": 0.9797958971132712,
        "precision": 0.9705882352941176,
        "recall": 1.0,
        "f1": 0.9850746268656716,
        "f1_abs": 0.9522388059701492,
        "accuracy": 0.9827586206896551,
        "support": 58
    },
    "f1_f1": 0.9593984962406014
}