{
    "boundary": {
        "precision": 0.9789473684210527,
        "recall": 0.9893617021276596,
        "num_correct": 93,
        "num_predicted": 95,
        "num_true": 94,
        "FP": 2,
        "FN": 1,
        "f1": 0.9841269841269842
    },
    "boundary_strict": {
        "precision": 0.9473684210526315,
        "recall": 0.9574468085106383,
        "num_correct": 90,
        "num_predicted": 95,
        "num_true": 94,
        "FP": 5,
        "FN": 4,
        "f1": 0.9523809523809523
    },
    "classification": {
        "TP": 46,
        "TN": 44,
        "FP": 2,
        "FN": 1,
        "spesificity": 0.9565217391304348,
        "fp_rate": 0.04347826086956519,
        "fn_rate": 0.021276595744680882,
        "g_mean": 0.9675588936937934,
        "precision": 0.9583333333333334,
        "recall": 0.9787234042553191,
        "f1": 0.968421052631579,
        "f1_abs": 0.9530492898913953,
        "accuracy": 0.967741935483871,
        "support": 93
    },
    "f1_f1": 0.9683388506917918
}