{
    "boundary": {
        "precision": 0.9487179487179487,
        "recall": 0.8043478260869565,
        "num_correct": 37,
        "num_predicted": 39,
        "num_true": 46,
        "FP": 2,
        "FN": 9,
        "f1": 0.8705882352941177
    },
    "classification": {
        "TP": 32.0,
        "TN": 3.0,
        "FP": 1.0,
        "FN": 1.0,
        "spesificity": 0.75,
        "fp_rate": 0.25,
        "fn_rate": 0.030303030303030276,
        "g_mean": 0.8528028654224418,
        "precision": 0.9696969696969697,
        "recall": 0.9696969696969697,
        "f1": 0.9696969696969697,
        "f1_abs": 0.8442067736185384,
        "accuracy": 0.9459459459459459,
        "support": 37
    },
    "f1_f1": 0.8571945701357466
}