{
    "boundary": {
        "precision": 0.9069767441860465,
        "recall": 0.8478260869565217,
        "num_correct": 39,
        "num_predicted": 43,
        "num_true": 46,
        "FP": 4,
        "FN": 7,
        "f1": 0.8764044943820224
    },
    "boundary_strict": {
        "precision": 0.8837209302325582,
        "recall": 0.8260869565217391,
        "num_correct": 38,
        "num_predicted": 43,
        "num_true": 46,
        "FP": 5,
        "FN": 8,
        "f1": 0.853932584269663
    },
    "classification": {
        "TP": 31,
        "TN": 7,
        "FP": 1,
        "FN": 0,
        "spesificity": 0.875,
        "fp_rate": 0.125,
        "fn_rate": 0.0,
        "g_mean": 0.9354143466934853,
        "precision": 0.96875,
        "recall": 1.0,
        "f1": 0.9841269841269841,
        "f1_abs": 0.862493311931514,
        "accuracy": 0.9743589743589743,
        "support": 39
    },
    "f1_f1": 0.869393258426966
}