{
    "boundary": {
        "precision": 0.9444444444444444,
        "recall": 0.85,
        "num_correct": 51,
        "num_predicted": 54,
        "num_true": 60,
        "FP": 3,
        "FN": 9,
        "f1": 0.8947368421052632
    },
    "boundary_strict": {
        "precision": 0.9074074074074074,
        "recall": 0.8166666666666667,
        "num_correct": 49,
        "num_predicted": 54,
        "num_true": 60,
        "FP": 5,
        "FN": 11,
        "f1": 0.8596491228070176
    },
    "classification": {
        "TP": 27,
        "TN": 22,
        "FP": 1,
        "FN": 1,
        "spesificity": 0.9565217391304348,
        "fp_rate": 0.04347826086956519,
        "fn_rate": 0.0357142857142857,
        "g_mean": 0.9603958811069553,
        "precision": 0.9642857142857143,
        "recall": 0.9642857142857143,
        "f1": 0.9642857142857143,
        "f1_abs": 0.8627819548872181,
        "accuracy": 0.9607843137254902,
        "support": 51
    },
    "f1_f1": 0.8784688995215312
}