{
    "boundary": {
        "precision": 0.9310344827586207,
        "recall": 0.8181818181818182,
        "num_correct": 27,
        "num_predicted": 29,
        "num_true": 33,
        "FP": 2,
        "FN": 6,
        "f1": 0.8709677419354839
    },
    "boundary_strict": {
        "precision": 0.896551724137931,
        "recall": 0.7878787878787878,
        "num_correct": 26,
        "num_predicted": 29,
        "num_true": 33,
        "FP": 3,
        "FN": 7,
        "f1": 0.8387096774193549
    },
    "classification": {
        "TP": 13,
        "TN": 13,
        "FP": 0,
        "FN": 1,
        "spesificity": 1.0,
        "fp_rate": 0.0,
        "fn_rate": 0.0714285714285714,
        "g_mean": 0.9636241116594315,
        "precision": 1.0,
        "recall": 0.9285714285714286,
        "f1": 0.9629629629629629,
        "f1_abs": 0.8387096774193548,
        "accuracy": 0.9629629629629629,
        "support": 27
    },
    "f1_f1": 0.8545343883140597
}