{
    "boundary": {
        "precision": 0.7959183673469388,
        "recall": 0.4148936170212766,
        "num_correct": 39,
        "num_predicted": 49,
        "num_true": 94,
        "FP": 10,
        "FN": 55,
        "f1": 0.5454545454545454
    },
    "boundary_strict": {
        "precision": 0.7142857142857143,
        "recall": 0.3723404255319149,
        "num_correct": 35,
        "num_predicted": 49,
        "num_true": 94,
        "FP": 14,
        "FN": 59,
        "f1": 0.48951048951048953
    },
    "classification": {
        "TP": 19,
        "TN": 16,
        "FP": 4,
        "FN": 0,
        "spesificity": 0.8,
        "fp_rate": 0.19999999999999996,
        "fn_rate": 0.0,
        "g_mean": 0.8944271909999159,
        "precision": 0.8260869565217391,
        "recall": 1.0,
        "f1": 0.9047619047619048,
        "f1_abs": 0.49350649350649345,
        "accuracy": 0.8974358974358975,
        "support": 39
    },
    "f1_f1": 0.5181818181818181
}