{
    "boundary": {
        "precision": 0.9777777777777777,
        "recall": 0.9565217391304348,
        "num_correct": 44,
        "num_predicted": 45,
        "num_true": 46,
        "FP": 1,
        "FN": 2,
        "f1": 0.967032967032967
    },
    "classification": {
        "TP": 39.0,
        "TN": 2.0,
        "FP": 1.0,
        "FN": 2.0,
        "spesificity": 0.6666666666666666,
        "fp_rate": 0.33333333333333337,
        "fn_rate": 0.04878048780487809,
        "g_mean": 0.7963330593811955,
        "precision": 0.975,
        "recall": 0.9512195121951219,
        "f1": 0.9629629629629629,
        "f1_abs": 0.9312169312169312,
        "accuracy": 0.9318181818181818,
        "support": 44
    },
    "f1_f1": 0.9487870619946092
}