{
    "boundary": {
        "precision": 0.9782608695652174,
        "recall": 0.9574468085106383,
        "num_correct": 90,
        "num_predicted": 92,
        "num_true": 94,
        "FP": 2,
        "FN": 4,
        "f1": 0.967741935483871
    },
    "boundary_strict": {
        "precision": 0.967391304347826,
        "recall": 0.9468085106382979,
        "num_correct": 89,
        "num_predicted": 92,
        "num_true": 94,
        "FP": 3,
        "FN": 5,
        "f1": 0.956989247311828
    },
    "classification": {
        "TP": 48,
        "TN": 41,
        "FP": 1,
        "FN": 0,
        "spesificity": 0.9761904761904762,
        "fp_rate": 0.023809523809523836,
        "fn_rate": 0.0,
        "g_mean": 0.9880235200593537,
        "precision": 0.9795918367346939,
        "recall": 1.0,
        "f1": 0.9896907216494846,
        "f1_abs": 0.9577652144995012,
        "accuracy": 0.9888888888888889,
        "support": 90
    },
    "f1_f1": 0.9627277285642655
}