{
    "boundary": {
        "precision": 0.84375,
        "recall": 0.27,
        "num_correct": 27,
        "num_predicted": 32,
        "num_true": 100,
        "FP": 5,
        "FN": 73,
        "f1": 0.4090909090909091
    },
    "classification": {
        "TP": 8.0,
        "TN": 18.0,
        "FP": 1.0,
        "FN": 0.0,
        "spesificity": 0.9473684210526315,
        "fp_rate": 0.052631578947368474,
        "fn_rate": 0.0,
        "g_mean": 0.9733285267845752,
        "precision": 0.8888888888888888,
        "recall": 1.0,
        "f1": 0.9411764705882353,
        "f1_abs": 0.3850267379679145,
        "accuracy": 0.9629629629629629,
        "support": 27
    },
    "f1_f1": 0.39669421487603307
}