{
    "boundary": {
        "precision": 0.9361702127659575,
        "recall": 0.9565217391304348,
        "num_correct": 44,
        "num_predicted": 47,
        "num_true": 46,
        "FP": 3,
        "FN": 2,
        "f1": 0.9462365591397849
    },
    "boundary_strict": {
        "precision": 0.851063829787234,
        "recall": 0.8695652173913043,
        "num_correct": 40,
        "num_predicted": 47,
        "num_true": 46,
        "FP": 7,
        "FN": 6,
        "f1": 0.8602150537634409
    },
    "classification": {
        "TP": 32,
        "TN": 8,
        "FP": 1,
        "FN": 3,
        "spesificity": 0.8888888888888888,
        "fp_rate": 0.11111111111111116,
        "fn_rate": 0.08571428571428574,
        "g_mean": 0.9014978717104176,
        "precision": 0.9696969696969697,
        "recall": 0.9142857142857143,
        "f1": 0.9411764705882353,
        "f1_abs": 0.8905755850727387,
        "accuracy": 0.9090909090909091,
        "support": 44
    },
    "f1_f1": 0.9175627240143368
}