{
    "boundary": {
        "precision": 0.9482758620689655,
        "recall": 0.9166666666666666,
        "num_correct": 55,
        "num_predicted": 58,
        "num_true": 60,
        "FP": 3,
        "FN": 5,
        "f1": 0.9322033898305084
    },
    "boundary_strict": {
        "precision": 0.896551724137931,
        "recall": 0.8666666666666667,
        "num_correct": 52,
        "num_predicted": 58,
        "num_true": 60,
        "FP": 6,
        "FN": 8,
        "f1": 0.8813559322033899
    },
    "classification": {
        "TP": 27,
        "TN": 25,
        "FP": 0,
        "FN": 3,
        "spesificity": 1.0,
        "fp_rate": 0.0,
        "fn_rate": 0.09999999999999998,
        "g_mean": 0.9486832980505138,
        "precision": 1.0,
        "recall": 0.9,
        "f1": 0.9473684210526315,
        "f1_abs": 0.8831400535236396,
        "accuracy": 0.9454545454545454,
        "support": 55
    },
    "f1_f1": 0.907008703618873
}