{
    "boundary": {
        "precision": 0.8958333333333334,
        "recall": 0.9347826086956522,
        "num_correct": 43,
        "num_predicted": 48,
        "num_true": 46,
        "FP": 5,
        "FN": 3,
        "f1": 0.9148936170212766
    },
    "classification": {
        "TP": 38.0,
        "TN": 2.0,
        "FP": 1.0,
        "FN": 2.0,
        "spesificity": 0.6666666666666666,
        "fp_rate": 0.33333333333333337,
        "fn_rate": 0.050000000000000044,
        "g_mean": 0.7958224257542215,
        "precision": 0.9743589743589743,
        "recall": 0.95,
        "f1": 0.9620253164556962,
        "f1_abs": 0.8801508214381901,
        "accuracy": 0.9302325581395349,
        "support": 43
    },
    "f1_f1": 0.8971859986273163
}