{
    "boundary": {
        "precision": 0.5294117647058824,
        "recall": 0.15,
        "num_correct": 9,
        "num_predicted": 17,
        "num_true": 60,
        "FP": 8,
        "FN": 51,
        "f1": 0.23376623376623373
    },
    "boundary_strict": {
        "precision": 0.5294117647058824,
        "recall": 0.15,
        "num_correct": 9,
        "num_predicted": 17,
        "num_true": 60,
        "FP": 8,
        "FN": 51,
        "f1": 0.23376623376623373
    },
    "classification": {
        "TP": 5,
        "TN": 4,
        "FP": 0,
        "FN": 0,
        "spesificity": 1.0,
        "fp_rate": 0.0,
        "fn_rate": 0.0,
        "g_mean": 1.0,
        "precision": 1.0,
        "recall": 1.0,
        "f1": 1.0,
        "f1_abs": 0.23376623376623373,
        "accuracy": 1.0,
        "support": 9
    },
    "f1_f1": 0.23376623376623373
}