{
    "boundary": {
        "precision": 0.7878787878787878,
        "recall": 0.5652173913043478,
        "num_correct": 26,
        "num_predicted": 33,
        "num_true": 46,
        "FP": 7,
        "FN": 20,
        "f1": 0.6582278481012658
    },
    "boundary_strict": {
        "precision": 0.7272727272727273,
        "recall": 0.5217391304347826,
        "num_correct": 24,
        "num_predicted": 33,
        "num_true": 46,
        "FP": 9,
        "FN": 22,
        "f1": 0.6075949367088608
    },
    "classification": {
        "TP": 22,
        "TN": 2,
        "FP": 2,
        "FN": 0,
        "spesificity": 0.5,
        "fp_rate": 0.5,
        "fn_rate": 0.0,
        "g_mean": 0.7071067811865476,
        "precision": 0.9166666666666666,
        "recall": 1.0,
        "f1": 0.9565217391304348,
        "f1_abs": 0.6296092460099064,
        "accuracy": 0.9230769230769231,
        "support": 26
    },
    "f1_f1": 0.6436005625879043
}