{
    "boundary": {
        "precision": 0.7142857142857143,
        "recall": 0.5,
        "num_correct": 30,
        "num_predicted": 42,
        "num_true": 60,
        "FP": 12,
        "FN": 30,
        "f1": 0.588235294117647
    },
    "boundary_strict": {
        "precision": 0.7142857142857143,
        "recall": 0.5,
        "num_correct": 30,
        "num_predicted": 42,
        "num_true": 60,
        "FP": 12,
        "FN": 30,
        "f1": 0.588235294117647
    },
    "classification": {
        "TP": 15,
        "TN": 15,
        "FP": 0,
        "FN": 0,
        "spesificity": 1.0,
        "fp_rate": 0.0,
        "fn_rate": 0.0,
        "g_mean": 1.0,
        "precision": 1.0,
        "recall": 1.0,
        "f1": 1.0,
        "f1_abs": 0.588235294117647,
        "accuracy": 1.0,
        "support": 30
    },
    "f1_f1": 0.588235294117647
}