{
    "boundary": {
        "precision": 0.9772727272727273,
        "recall": 0.9148936170212766,
        "num_correct": 86,
        "num_predicted": 88,
        "num_true": 94,
        "FP": 2,
        "FN": 8,
        "f1": 0.945054945054945
    },
    "boundary_strict": {
        "precision": 0.9431818181818182,
        "recall": 0.8829787234042553,
        "num_correct": 83,
        "num_predicted": 88,
        "num_true": 94,
        "FP": 5,
        "FN": 11,
        "f1": 0.9120879120879122
    },
    "classification": {
        "TP": 41,
        "TN": 42,
        "FP": 1,
        "FN": 2,
        "spesificity": 0.9767441860465116,
        "fp_rate": 0.023255813953488413,
        "fn_rate": 0.046511627906976716,
        "g_mean": 0.9650462288951828,
        "precision": 0.9761904761904762,
        "recall": 0.9534883720930233,
        "f1": 0.9647058823529412,
        "f1_abs": 0.9117000646412411,
        "accuracy": 0.9651162790697675,
        "support": 86
    },
    "f1_f1": 0.9280779101138382
}