{
    "boundary": {
        "precision": 0.8723404255319149,
        "recall": 0.8913043478260869,
        "num_correct": 41,
        "num_predicted": 47,
        "num_true": 46,
        "FP": 6,
        "FN": 5,
        "f1": 0.8817204301075269
    },
    "boundary_strict": {
        "precision": 0.7446808510638298,
        "recall": 0.7608695652173914,
        "num_correct": 35,
        "num_predicted": 47,
        "num_true": 46,
        "FP": 12,
        "FN": 11,
        "f1": 0.7526881720430109
    },
    "classification": {
        "TP": 30,
        "TN": 5,
        "FP": 2,
        "FN": 4,
        "spesificity": 0.7142857142857143,
        "fp_rate": 0.2857142857142857,
        "fn_rate": 0.11764705882352944,
        "g_mean": 0.7938841860374447,
        "precision": 0.9375,
        "recall": 0.8823529411764706,
        "f1": 0.9090909090909091,
        "f1_abs": 0.8015640273704789,
        "accuracy": 0.8536585365853658,
        "support": 41
    },
    "f1_f1": 0.8397337429595495
}