{
    "boundary": {
        "precision": 0.8421052631578947,
        "recall": 0.48484848484848486,
        "num_correct": 16,
        "num_predicted": 19,
        "num_true": 33,
        "FP": 3,
        "FN": 17,
        "f1": 0.6153846153846154
    },
    "boundary_strict": {
        "precision": 0.8421052631578947,
        "recall": 0.48484848484848486,
        "num_correct": 16,
        "num_predicted": 19,
        "num_true": 33,
        "FP": 3,
        "FN": 17,
        "f1": 0.6153846153846154
    },
    "classification": {
        "TP": 8,
        "TN": 8,
        "FP": 0,
        "FN": 0,
        "spesificity": 1.0,
        "fp_rate": 0.0,
        "fn_rate": 0.0,
        "g_mean": 1.0,
        "precision": 1.0,
        "recall": 1.0,
        "f1": 1.0,
        "f1_abs": 0.6153846153846154,
        "accuracy": 1.0,
        "support": 16
    },
    "f1_f1": 0.6153846153846154
}