{
    "boundary": {
        "precision": 0.8333333333333334,
        "recall": 0.3968253968253968,
        "num_correct": 25,
        "num_predicted": 30,
        "num_true": 63,
        "FP": 5,
        "FN": 38,
        "f1": 0.5376344086021505
    },
    "boundary_strict": {
        "precision": 0.7666666666666667,
        "recall": 0.36507936507936506,
        "num_correct": 23,
        "num_predicted": 30,
        "num_true": 63,
        "FP": 7,
        "FN": 40,
        "f1": 0.49462365591397855
    },
    "classification": {
        "TP": 12,
        "TN": 11,
        "FP": 2,
        "FN": 0,
        "spesificity": 0.8461538461538461,
        "fp_rate": 0.15384615384615385,
        "fn_rate": 0.0,
        "g_mean": 0.9198662110077999,
        "precision": 0.8571428571428571,
        "recall": 1.0,
        "f1": 0.9230769230769231,
        "f1_abs": 0.49627791563275436,
        "accuracy": 0.92,
        "support": 25
    },
    "f1_f1": 0.5161290322580645
}