{
    "boundary": {
        "precision": 1.0,
        "recall": 0.9574468085106383,
        "num_correct": 90,
        "num_predicted": 90,
        "num_true": 94,
        "FP": 0,
        "FN": 4,
        "f1": 0.9782608695652174
    },
    "boundary_strict": {
        "precision": 0.9666666666666667,
        "recall": 0.925531914893617,
        "num_correct": 87,
        "num_predicted": 90,
        "num_true": 94,
        "FP": 3,
        "FN": 7,
        "f1": 0.9456521739130436
    },
    "classification": {
        "TP": 44,
        "TN": 43,
        "FP": 1,
        "FN": 2,
        "spesificity": 0.9772727272727273,
        "fp_rate": 0.022727272727272707,
        "fn_rate": 0.04347826086956519,
        "g_mean": 0.966841563388569,
        "precision": 0.9777777777777777,
        "recall": 0.9565217391304348,
        "f1": 0.967032967032967,
        "f1_abs": 0.9460105112279026,
        "accuracy": 0.9666666666666667,
        "support": 90
    },
    "f1_f1": 0.9618654359970853
}