{
    "boundary": {
        "precision": 0.9782608695652174,
        "recall": 0.9574468085106383,
        "num_correct": 90,
        "num_predicted": 92,
        "num_true": 94,
        "FP": 2,
        "FN": 4,
        "f1": 0.967741935483871
    },
    "boundary_strict": {
        "precision": 0.9347826086956522,
        "recall": 0.9148936170212766,
        "num_correct": 86,
        "num_predicted": 92,
        "num_true": 94,
        "FP": 6,
        "FN": 8,
        "f1": 0.924731182795699
    },
    "classification": {
        "TP": 44,
        "TN": 42,
        "FP": 4,
        "FN": 0,
        "spesificity": 0.9130434782608695,
        "fp_rate": 0.08695652173913049,
        "fn_rate": 0.0,
        "g_mean": 0.9555330859059091,
        "precision": 0.9166666666666666,
        "recall": 1.0,
        "f1": 0.9565217391304348,
        "f1_abs": 0.9256661991584854,
        "accuracy": 0.9555555555555556,
        "support": 90
    },
    "f1_f1": 0.946236559139785
}