{
    "boundary": {
        "precision": 0.6428571428571429,
        "recall": 0.391304347826087,
        "num_correct": 18,
        "num_predicted": 28,
        "num_true": 46,
        "FP": 10,
        "FN": 28,
        "f1": 0.4864864864864865
    },
    "boundary_strict": {
        "precision": 0.6071428571428571,
        "recall": 0.3695652173913043,
        "num_correct": 17,
        "num_predicted": 28,
        "num_true": 46,
        "FP": 11,
        "FN": 29,
        "f1": 0.45945945945945943
    },
    "classification": {
        "TP": 15,
        "TN": 2,
        "FP": 1,
        "FN": 0,
        "spesificity": 0.6666666666666666,
        "fp_rate": 0.33333333333333337,
        "fn_rate": 0.0,
        "g_mean": 0.816496580927726,
        "precision": 0.9375,
        "recall": 1.0,
        "f1": 0.967741935483871,
        "f1_abs": 0.47079337401918053,
        "accuracy": 0.9444444444444444,
        "support": 18
    },
    "f1_f1": 0.4785112981834294
}