{
    "boundary": {
        "precision": 0.9285714285714286,
        "recall": 0.8478260869565217,
        "num_correct": 39,
        "num_predicted": 42,
        "num_true": 46,
        "FP": 3,
        "FN": 7,
        "f1": 0.8863636363636365
    },
    "boundary_strict": {
        "precision": 0.8571428571428571,
        "recall": 0.782608695652174,
        "num_correct": 36,
        "num_predicted": 42,
        "num_true": 46,
        "FP": 6,
        "FN": 10,
        "f1": 0.8181818181818182
    },
    "classification": {
        "TP": 30,
        "TN": 6,
        "FP": 3,
        "FN": 0,
        "spesificity": 0.6666666666666666,
        "fp_rate": 0.33333333333333337,
        "fn_rate": 0.0,
        "g_mean": 0.816496580927726,
        "precision": 0.9090909090909091,
        "recall": 1.0,
        "f1": 0.9523809523809523,
        "f1_abs": 0.8441558441558442,
        "accuracy": 0.9230769230769231,
        "support": 39
    },
    "f1_f1": 0.8647450110864745
}