{
    "boundary": {
        "precision": 0.42857142857142855,
        "recall": 0.18181818181818182,
        "num_correct": 6,
        "num_predicted": 14,
        "num_true": 33,
        "FP": 8,
        "FN": 27,
        "f1": 0.2553191489361702
    },
    "boundary_strict": {
        "precision": 0.42857142857142855,
        "recall": 0.18181818181818182,
        "num_correct": 6,
        "num_predicted": 14,
        "num_true": 33,
        "FP": 8,
        "FN": 27,
        "f1": 0.2553191489361702
    },
    "classification": {
        "TP": 4,
        "TN": 2,
        "FP": 0,
        "FN": 0,
        "spesificity": 1.0,
        "fp_rate": 0.0,
        "fn_rate": 0.0,
        "g_mean": 1.0,
        "precision": 1.0,
        "recall": 1.0,
        "f1": 1.0,
        "f1_abs": 0.2553191489361702,
        "accuracy": 1.0,
        "support": 6
    },
    "f1_f1": 0.2553191489361702
}