{
    "boundary": {
        "precision": 0.8979591836734694,
        "recall": 0.6984126984126984,
        "num_correct": 44,
        "num_predicted": 49,
        "num_true": 63,
        "FP": 5,
        "FN": 19,
        "f1": 0.7857142857142857
    },
    "classification": {
        "TP": 19.0,
        "TN": 21.0,
        "FP": 2.0,
        "FN": 2.0,
        "spesificity": 0.9130434782608695,
        "fp_rate": 0.08695652173913049,
        "fn_rate": 0.09523809523809523,
        "g_mean": 0.9088932591463857,
        "precision": 0.9047619047619048,
        "recall": 0.9047619047619048,
        "f1": 0.9047619047619048,
        "f1_abs": 0.7108843537414966,
        "accuracy": 0.9090909090909091,
        "support": 44
    },
    "f1_f1": 0.7464285714285714
}