{
    "boundary": {
        "precision": 0.7894736842105263,
        "recall": 0.6521739130434783,
        "num_correct": 30,
        "num_predicted": 38,
        "num_true": 46,
        "FP": 8,
        "FN": 16,
        "f1": 0.7142857142857143
    },
    "boundary_strict": {
        "precision": 0.7105263157894737,
        "recall": 0.5869565217391305,
        "num_correct": 27,
        "num_predicted": 38,
        "num_true": 46,
        "FP": 11,
        "FN": 19,
        "f1": 0.6428571428571428
    },
    "classification": {
        "TP": 20,
        "TN": 7,
        "FP": 1,
        "FN": 2,
        "spesificity": 0.875,
        "fp_rate": 0.125,
        "fn_rate": 0.09090909090909094,
        "g_mean": 0.8918825850158447,
        "precision": 0.9523809523809523,
        "recall": 0.9090909090909091,
        "f1": 0.9302325581395349,
        "f1_abs": 0.6644518272425249,
        "accuracy": 0.9,
        "support": 30
    },
    "f1_f1": 0.6884681583476764
}