{
    "boundary": {
        "precision": 0.9130434782608695,
        "recall": 0.9130434782608695,
        "num_correct": 42,
        "num_predicted": 46,
        "num_true": 46,
        "FP": 4,
        "FN": 4,
        "f1": 0.9130434782608695
    },
    "boundary_strict": {
        "precision": 0.8260869565217391,
        "recall": 0.8260869565217391,
        "num_correct": 38,
        "num_predicted": 46,
        "num_true": 46,
        "FP": 8,
        "FN": 8,
        "f1": 0.8260869565217391
    },
    "classification": {
        "TP": 33,
        "TN": 5,
        "FP": 4,
        "FN": 0,
        "spesificity": 0.5555555555555556,
        "fp_rate": 0.4444444444444444,
        "fn_rate": 0.0,
        "g_mean": 0.7453559924999299,
        "precision": 0.8918918918918919,
        "recall": 1.0,
        "f1": 0.9428571428571428,
        "f1_abs": 0.8608695652173912,
        "accuracy": 0.9047619047619048,
        "support": 42
    },
    "f1_f1": 0.8861892583120203
}