{
    "boundary": {
        "precision": 0.9876160990712074,
        "recall": 0.9906832298136646,
        "num_correct": 319,
        "num_predicted": 323,
        "num_true": 322,
        "FP": 4,
        "FN": 3,
        "f1": 0.9891472868217054
    },
    "boundary_strict": {
        "precision": 0.9380804953560371,
        "recall": 0.9409937888198758,
        "num_correct": 303,
        "num_predicted": 323,
        "num_true": 322,
        "FP": 20,
        "FN": 19,
        "f1": 0.9395348837209302
    },
    "classification": {
        "TP": 198,
        "TN": 105,
        "FP": 9,
        "FN": 7,
        "spesificity": 0.9210526315789473,
        "fp_rate": 0.07894736842105265,
        "fn_rate": 0.034146341463414664,
        "g_mean": 0.9431871786211239,
        "precision": 0.9565217391304348,
        "recall": 0.9658536585365853,
        "f1": 0.9611650485436893,
        "f1_abs": 0.9507337999548431,
        "accuracy": 0.9498432601880877,
        "support": 319
    },
    "f1_f1": 0.9695602118351371
}