{
    "boundary": {
        "precision": 0.8571428571428571,
        "recall": 0.2553191489361702,
        "num_correct": 24,
        "num_predicted": 28,
        "num_true": 94,
        "FP": 4,
        "FN": 70,
        "f1": 0.3934426229508196
    },
    "boundary_strict": {
        "precision": 0.7857142857142857,
        "recall": 0.23404255319148937,
        "num_correct": 22,
        "num_predicted": 28,
        "num_true": 94,
        "FP": 6,
        "FN": 72,
        "f1": 0.36065573770491804
    },
    "classification": {
        "TP": 6,
        "TN": 16,
        "FP": 2,
        "FN": 0,
        "spesificity": 0.8888888888888888,
        "fp_rate": 0.11111111111111116,
        "fn_rate": 0.0,
        "g_mean": 0.9428090415820634,
        "precision": 0.75,
        "recall": 1.0,
        "f1": 0.8571428571428571,
        "f1_abs": 0.33723653395784536,
        "accuracy": 0.9166666666666666,
        "support": 24
    },
    "f1_f1": 0.36317780580075654
}