{
    "boundary": {
        "precision": 0.4666666666666667,
        "recall": 0.11666666666666667,
        "num_correct": 7,
        "num_predicted": 15,
        "num_true": 60,
        "FP": 8,
        "FN": 53,
        "f1": 0.18666666666666668
    },
    "boundary_strict": {
        "precision": 0.4666666666666667,
        "recall": 0.11666666666666667,
        "num_correct": 7,
        "num_predicted": 15,
        "num_true": 60,
        "FP": 8,
        "FN": 53,
        "f1": 0.18666666666666668
    },
    "classification": {
        "TP": 3,
        "TN": 4,
        "FP": 0,
        "FN": 0,
        "spesificity": 1.0,
        "fp_rate": 0.0,
        "fn_rate": 0.0,
        "g_mean": 1.0,
        "precision": 1.0,
        "recall": 1.0,
        "f1": 1.0,
        "f1_abs": 0.18666666666666668,
        "accuracy": 1.0,
        "support": 7
    },
    "f1_f1": 0.18666666666666668
}