{
    "boundary": {
        "precision": 0.7741935483870968,
        "recall": 0.7272727272727273,
        "num_correct": 24,
        "num_predicted": 31,
        "num_true": 33,
        "FP": 7,
        "FN": 9,
        "f1": 0.7500000000000001
    },
    "boundary_strict": {
        "precision": 0.7096774193548387,
        "recall": 0.6666666666666666,
        "num_correct": 22,
        "num_predicted": 31,
        "num_true": 33,
        "FP": 9,
        "FN": 11,
        "f1": 0.6875
    },
    "classification": {
        "TP": 10,
        "TN": 12,
        "FP": 1,
        "FN": 1,
        "spesificity": 0.9230769230769231,
        "fp_rate": 0.07692307692307687,
        "fn_rate": 0.09090909090909094,
        "g_mean": 0.9160572248286889,
        "precision": 0.9090909090909091,
        "recall": 0.9090909090909091,
        "f1": 0.9090909090909091,
        "f1_abs": 0.6818181818181819,
        "accuracy": 0.9166666666666666,
        "support": 24
    },
    "f1_f1": 0.7142857142857143
}