{
    "boundary": {
        "precision": 0.7575757575757576,
        "recall": 0.26595744680851063,
        "num_correct": 25,
        "num_predicted": 33,
        "num_true": 94,
        "FP": 8,
        "FN": 69,
        "f1": 0.39370078740157477
    },
    "boundary_strict": {
        "precision": 0.696969696969697,
        "recall": 0.24468085106382978,
        "num_correct": 23,
        "num_predicted": 33,
        "num_true": 94,
        "FP": 10,
        "FN": 71,
        "f1": 0.3622047244094488
    },
    "classification": {
        "TP": 20,
        "TN": 3,
        "FP": 2,
        "FN": 0,
        "spesificity": 0.6,
        "fp_rate": 0.4,
        "fn_rate": 0.0,
        "g_mean": 0.7745966692414834,
        "precision": 0.9090909090909091,
        "recall": 1.0,
        "f1": 0.9523809523809523,
        "f1_abs": 0.3749531308586426,
        "accuracy": 0.92,
        "support": 25
    },
    "f1_f1": 0.38409832917226805
}