{
    "boundary": {
        "precision": 0.8181818181818182,
        "recall": 0.6702127659574468,
        "num_correct": 63,
        "num_predicted": 77,
        "num_true": 94,
        "FP": 14,
        "FN": 31,
        "f1": 0.736842105263158
    },
    "boundary_strict": {
        "precision": 0.8051948051948052,
        "recall": 0.6595744680851063,
        "num_correct": 62,
        "num_predicted": 77,
        "num_true": 94,
        "FP": 15,
        "FN": 32,
        "f1": 0.7251461988304093
    },
    "classification": {
        "TP": 30,
        "TN": 32,
        "FP": 1,
        "FN": 0,
        "spesificity": 0.9696969696969697,
        "fp_rate": 0.030303030303030276,
        "fn_rate": 0.0,
        "g_mean": 0.9847319278346619,
        "precision": 0.967741935483871,
        "recall": 1.0,
        "f1": 0.9836065573770492,
        "f1_abs": 0.724762726488352,
        "accuracy": 0.9841269841269841,
        "support": 63
    },
    "f1_f1": 0.7307525010874294
}