{
    "boundary": {
        "precision": 0.2,
        "recall": 0.0851063829787234,
        "num_correct": 8,
        "num_predicted": 40,
        "num_true": 94,
        "FP": 32,
        "FN": 86,
        "f1": 0.11940298507462686
    },
    "boundary_strict": {
        "precision": 0.2,
        "recall": 0.0851063829787234,
        "num_correct": 8,
        "num_predicted": 40,
        "num_true": 94,
        "FP": 32,
        "FN": 86,
        "f1": 0.11940298507462686
    },
    "classification": {
        "TP": 2,
        "TN": 6,
        "FP": 0,
        "FN": 0,
        "spesificity": 1.0,
        "fp_rate": 0.0,
        "fn_rate": 0.0,
        "g_mean": 1.0,
        "precision": 1.0,
        "recall": 1.0,
        "f1": 1.0,
        "f1_abs": 0.11940298507462686,
        "accuracy": 1.0,
        "support": 8
    },
    "f1_f1": 0.11940298507462686
}