{
    "boundary": {
        "precision": 0.978021978021978,
        "recall": 0.9468085106382979,
        "num_correct": 89,
        "num_predicted": 91,
        "num_true": 94,
        "FP": 2,
        "FN": 5,
        "f1": 0.9621621621621622
    },
    "boundary_strict": {
        "precision": 0.9120879120879121,
        "recall": 0.8829787234042553,
        "num_correct": 83,
        "num_predicted": 91,
        "num_true": 94,
        "FP": 8,
        "FN": 11,
        "f1": 0.8972972972972972
    },
    "classification": {
        "TP": 44,
        "TN": 39,
        "FP": 4,
        "FN": 2,
        "spesificity": 0.9069767441860465,
        "fp_rate": 0.09302325581395354,
        "fn_rate": 0.04347826086956519,
        "g_mean": 0.931419869178072,
        "precision": 0.9166666666666666,
        "recall": 0.9565217391304348,
        "f1": 0.9361702127659575,
        "f1_abs": 0.9007475560667051,
        "accuracy": 0.9325842696629213,
        "support": 89
    },
    "f1_f1": 0.9304425304425306
}