{
    "boundary": {
        "precision": 1.0,
        "recall": 1.0,
        "num_correct": 46,
        "num_predicted": 46,
        "num_true": 46,
        "FP": 0,
        "FN": 0,
        "f1": 1.0
    },
    "boundary_strict": {
        "precision": 0.8260869565217391,
        "recall": 0.8260869565217391,
        "num_correct": 38,
        "num_predicted": 46,
        "num_true": 46,
        "FP": 8,
        "FN": 8,
        "f1": 0.8260869565217391
    },
    "classification": {
        "TP": 34,
        "TN": 4,
        "FP": 6,
        "FN": 2,
        "spesificity": 0.4,
        "fp_rate": 0.6,
        "fn_rate": 0.05555555555555558,
        "g_mean": 0.6146362971528592,
        "precision": 0.85,
        "recall": 0.9444444444444444,
        "f1": 0.8947368421052632,
        "f1_abs": 0.8947368421052632,
        "accuracy": 0.8260869565217391,
        "support": 46
    },
    "f1_f1": 0.9444444444444444
}