{
    "boundary": {
        "precision": 0.8787878787878788,
        "recall": 0.6304347826086957,
        "num_correct": 29,
        "num_predicted": 33,
        "num_true": 46,
        "FP": 4,
        "FN": 17,
        "f1": 0.7341772151898734
    },
    "boundary_strict": {
        "precision": 0.8484848484848485,
        "recall": 0.6086956521739131,
        "num_correct": 28,
        "num_predicted": 33,
        "num_true": 46,
        "FP": 5,
        "FN": 18,
        "f1": 0.7088607594936709
    },
    "classification": {
        "TP": 24,
        "TN": 4,
        "FP": 1,
        "FN": 0,
        "spesificity": 0.8,
        "fp_rate": 0.19999999999999996,
        "fn_rate": 0.0,
        "g_mean": 0.8944271909999159,
        "precision": 0.96,
        "recall": 1.0,
        "f1": 0.9795918367346939,
        "f1_abs": 0.7191940067166107,
        "accuracy": 0.9655172413793104,
        "support": 29
    },
    "f1_f1": 0.7266083779198748
}