{
    "boundary": {
        "precision": 0.9545454545454546,
        "recall": 0.9130434782608695,
        "num_correct": 42,
        "num_predicted": 44,
        "num_true": 46,
        "FP": 2,
        "FN": 4,
        "f1": 0.9333333333333332
    },
    "boundary_strict": {
        "precision": 0.8863636363636364,
        "recall": 0.8478260869565217,
        "num_correct": 39,
        "num_predicted": 44,
        "num_true": 46,
        "FP": 5,
        "FN": 7,
        "f1": 0.8666666666666666
    },
    "classification": {
        "TP": 32,
        "TN": 7,
        "FP": 2,
        "FN": 1,
        "spesificity": 0.7777777777777778,
        "fp_rate": 0.2222222222222222,
        "fn_rate": 0.030303030303030276,
        "g_mean": 0.8684519297052394,
        "precision": 0.9411764705882353,
        "recall": 0.9696969696969697,
        "f1": 0.9552238805970149,
        "f1_abs": 0.8915422885572138,
        "accuracy": 0.9285714285714286,
        "support": 42
    },
    "f1_f1": 0.9119592875318066
}