{
    "boundary": {
        "precision": 0.4666666666666667,
        "recall": 0.30434782608695654,
        "num_correct": 14,
        "num_predicted": 30,
        "num_true": 46,
        "FP": 16,
        "FN": 32,
        "f1": 0.3684210526315789
    },
    "boundary_strict": {
        "precision": 0.4,
        "recall": 0.2608695652173913,
        "num_correct": 12,
        "num_predicted": 30,
        "num_true": 46,
        "FP": 18,
        "FN": 34,
        "f1": 0.31578947368421056
    },
    "classification": {
        "TP": 10,
        "TN": 2,
        "FP": 1,
        "FN": 1,
        "spesificity": 0.6666666666666666,
        "fp_rate": 0.33333333333333337,
        "fn_rate": 0.09090909090909094,
        "g_mean": 0.7784989441615229,
        "precision": 0.9090909090909091,
        "recall": 0.9090909090909091,
        "f1": 0.9090909090909091,
        "f1_abs": 0.33492822966507174,
        "accuracy": 0.8571428571428571,
        "support": 14
    },
    "f1_f1": 0.3508771929824561
}