{
    "boundary": {
        "precision": 0.5666666666666667,
        "recall": 0.2833333333333333,
        "num_correct": 17,
        "num_predicted": 30,
        "num_true": 60,
        "FP": 13,
        "FN": 43,
        "f1": 0.3777777777777777
    },
    "boundary_strict": {
        "precision": 0.5666666666666667,
        "recall": 0.2833333333333333,
        "num_correct": 17,
        "num_predicted": 30,
        "num_true": 60,
        "FP": 13,
        "FN": 43,
        "f1": 0.3777777777777777
    },
    "classification": {
        "TP": 6,
        "TN": 11,
        "FP": 0,
        "FN": 0,
        "spesificity": 1.0,
        "fp_rate": 0.0,
        "fn_rate": 0.0,
        "g_mean": 1.0,
        "precision": 1.0,
        "recall": 1.0,
        "f1": 1.0,
        "f1_abs": 0.3777777777777777,
        "accuracy": 1.0,
        "support": 17
    },
    "f1_f1": 0.3777777777777777
}