{
    "boundary": {
        "precision": 0.9806451612903225,
        "recall": 0.9440993788819876,
        "num_correct": 304,
        "num_predicted": 310,
        "num_true": 322,
        "FP": 6,
        "FN": 18,
        "f1": 0.9620253164556962
    },
    "boundary_strict": {
        "precision": 0.9580645161290322,
        "recall": 0.922360248447205,
        "num_correct": 297,
        "num_predicted": 310,
        "num_true": 322,
        "FP": 13,
        "FN": 25,
        "f1": 0.939873417721519
    },
    "classification": {
        "TP": 198,
        "TN": 99,
        "FP": 6,
        "FN": 1,
        "spesificity": 0.9428571428571428,
        "fp_rate": 0.05714285714285716,
        "fn_rate": 0.005025125628140725,
        "g_mean": 0.9685655203778916,
        "precision": 0.9705882352941176,
        "recall": 0.9949748743718593,
        "f1": 0.9826302729528535,
        "f1_abs": 0.945315199296416,
        "accuracy": 0.9769736842105263,
        "support": 304
    },
    "f1_f1": 0.9535970596156588
}