{
    "boundary": {
        "precision": 0.9779874213836478,
        "recall": 0.9658385093167702,
        "num_correct": 311,
        "num_predicted": 318,
        "num_true": 322,
        "FP": 7,
        "FN": 11,
        "f1": 0.971875
    },
    "boundary_strict": {
        "precision": 0.9213836477987422,
        "recall": 0.9099378881987578,
        "num_correct": 293,
        "num_predicted": 318,
        "num_true": 322,
        "FP": 25,
        "FN": 29,
        "f1": 0.915625
    },
    "classification": {
        "TP": 193,
        "TN": 100,
        "FP": 7,
        "FN": 11,
        "spesificity": 0.9345794392523364,
        "fp_rate": 0.06542056074766356,
        "fn_rate": 0.05392156862745101,
        "g_mean": 0.9403113579452749,
        "precision": 0.965,
        "recall": 0.946078431372549,
        "f1": 0.9554455445544553,
        "f1_abs": 0.9285736386138613,
        "accuracy": 0.9421221864951769,
        "support": 311
    },
    "f1_f1": 0.9497310126582279
}