{
    "boundary": {
        "precision": 0.9840255591054313,
        "recall": 0.9565217391304348,
        "num_correct": 308,
        "num_predicted": 313,
        "num_true": 322,
        "FP": 5,
        "FN": 14,
        "f1": 0.9700787401574803
    },
    "boundary_strict": {
        "precision": 0.9329073482428115,
        "recall": 0.906832298136646,
        "num_correct": 292,
        "num_predicted": 313,
        "num_true": 322,
        "FP": 21,
        "FN": 30,
        "f1": 0.9196850393700787
    },
    "classification": {
        "TP": 192,
        "TN": 100,
        "FP": 9,
        "FN": 7,
        "spesificity": 0.9174311926605505,
        "fp_rate": 0.08256880733944949,
        "fn_rate": 0.035175879396984966,
        "g_mean": 0.940829285084436,
        "precision": 0.9552238805970149,
        "recall": 0.964824120603015,
        "f1": 0.96,
        "f1_abs": 0.931275590551181,
        "accuracy": 0.948051948051948,
        "support": 308
    },
    "f1_f1": 0.950281214848144
}