{
    "boundary": {
        "precision": 0.8048780487804879,
        "recall": 0.717391304347826,
        "num_correct": 33,
        "num_predicted": 41,
        "num_true": 46,
        "FP": 8,
        "FN": 13,
        "f1": 0.7586206896551724
    },
    "boundary_strict": {
        "precision": 0.7560975609756098,
        "recall": 0.6739130434782609,
        "num_correct": 31,
        "num_predicted": 41,
        "num_true": 46,
        "FP": 10,
        "FN": 15,
        "f1": 0.7126436781609194
    },
    "classification": {
        "TP": 26,
        "TN": 5,
        "FP": 2,
        "FN": 0,
        "spesificity": 0.7142857142857143,
        "fp_rate": 0.2857142857142857,
        "fn_rate": 0.0,
        "g_mean": 0.8451542547285166,
        "precision": 0.9285714285714286,
        "recall": 1.0,
        "f1": 0.962962962962963,
        "f1_abs": 0.7305236270753512,
        "accuracy": 0.9393939393939394,
        "support": 33
    },
    "f1_f1": 0.7443070917371503
}