{
    "boundary": {
        "precision": 0.9937304075235109,
        "recall": 0.984472049689441,
        "num_correct": 317,
        "num_predicted": 319,
        "num_true": 322,
        "FP": 2,
        "FN": 5,
        "f1": 0.9890795631825273
    },
    "boundary_strict": {
        "precision": 0.9843260188087775,
        "recall": 0.9751552795031055,
        "num_correct": 314,
        "num_predicted": 319,
        "num_true": 322,
        "FP": 5,
        "FN": 8,
        "f1": 0.9797191887675507
    },
    "classification": {
        "TP": 202,
        "TN": 112,
        "FP": 1,
        "FN": 2,
        "spesificity": 0.9911504424778761,
        "fp_rate": 0.008849557522123908,
        "fn_rate": 0.009803921568627416,
        "g_mean": 0.9906731455314173,
        "precision": 0.9950738916256158,
        "recall": 0.9901960784313726,
        "f1": 0.9926289926289927,
        "f1_abs": 0.9817890504317963,
        "accuracy": 0.9905362776025236,
        "support": 317
    },
    "f1_f1": 0.9854208225049101
}