{
    "boundary": {
        "precision": 0.9545454545454546,
        "recall": 0.9130434782608695,
        "num_correct": 42,
        "num_predicted": 44,
        "num_true": 46,
        "FP": 2,
        "FN": 4,
        "f1": 0.9333333333333332
    },
    "boundary_strict": {
        "precision": 0.8409090909090909,
        "recall": 0.8043478260869565,
        "num_correct": 37,
        "num_predicted": 44,
        "num_true": 46,
        "FP": 7,
        "FN": 9,
        "f1": 0.8222222222222223
    },
    "classification": {
        "TP": 31,
        "TN": 6,
        "FP": 3,
        "FN": 2,
        "spesificity": 0.6666666666666666,
        "fp_rate": 0.33333333333333337,
        "fn_rate": 0.06060606060606055,
        "g_mean": 0.7913675671030664,
        "precision": 0.9117647058823529,
        "recall": 0.9393939393939394,
        "f1": 0.9253731343283582,
        "f1_abs": 0.8636815920398009,
        "accuracy": 0.8809523809523809,
        "support": 42
    },
    "f1_f1": 0.8971576227390181
}