{
    "boundary": {
        "precision": 0.6,
        "recall": 0.2727272727272727,
        "num_correct": 9,
        "num_predicted": 15,
        "num_true": 33,
        "FP": 6,
        "FN": 24,
        "f1": 0.37499999999999994
    },
    "boundary_strict": {
        "precision": 0.5333333333333333,
        "recall": 0.24242424242424243,
        "num_correct": 8,
        "num_predicted": 15,
        "num_true": 33,
        "FP": 7,
        "FN": 25,
        "f1": 0.3333333333333333
    },
    "classification": {
        "TP": 4,
        "TN": 4,
        "FP": 0,
        "FN": 1,
        "spesificity": 1.0,
        "fp_rate": 0.0,
        "fn_rate": 0.19999999999999996,
        "g_mean": 0.8944271909999159,
        "precision": 1.0,
        "recall": 0.8,
        "f1": 0.8888888888888888,
        "f1_abs": 0.33333333333333326,
        "accuracy": 0.8888888888888888,
        "support": 9
    },
    "f1_f1": 0.35294117647058815
}