{
    "boundary": {
        "precision": 0.8767123287671232,
        "recall": 0.6808510638297872,
        "num_correct": 64,
        "num_predicted": 73,
        "num_true": 94,
        "FP": 9,
        "FN": 30,
        "f1": 0.7664670658682634
    },
    "boundary_strict": {
        "precision": 0.8493150684931506,
        "recall": 0.6595744680851063,
        "num_correct": 62,
        "num_predicted": 73,
        "num_true": 94,
        "FP": 11,
        "FN": 32,
        "f1": 0.7425149700598802
    },
    "classification": {
        "TP": 33,
        "TN": 29,
        "FP": 2,
        "FN": 0,
        "spesificity": 0.9354838709677419,
        "fp_rate": 0.06451612903225812,
        "fn_rate": 0.0,
        "g_mean": 0.9672041516493516,
        "precision": 0.9428571428571428,
        "recall": 1.0,
        "f1": 0.9705882352941176,
        "f1_abs": 0.743923916872138,
        "accuracy": 0.96875,
        "support": 64
    },
    "f1_f1": 0.7550272589150058
}