{
    "boundary": {
        "precision": 0.8571428571428571,
        "recall": 0.5,
        "num_correct": 6,
        "num_predicted": 7,
        "num_true": 12,
        "FP": 1,
        "FN": 6,
        "f1": 0.631578947368421
    },
    "boundary_strict": {
        "precision": 0.8571428571428571,
        "recall": 0.5,
        "num_correct": 6,
        "num_predicted": 7,
        "num_true": 12,
        "FP": 1,
        "FN": 6,
        "f1": 0.631578947368421
    },
    "classification": {
        "TP": 6,
        "TN": 0,
        "FP": 0,
        "FN": 0,
        "spesificity": 0,
        "fp_rate": 1,
        "fn_rate": 0.0,
        "g_mean": 0.0,
        "precision": 1.0,
        "recall": 1.0,
        "f1": 1.0,
        "f1_abs": 0.631578947368421,
        "accuracy": 1.0,
        "support": 6
    },
    "f1_f1": 0.631578947368421
}