{
    "boundary": {
        "precision": 0.967032967032967,
        "recall": 0.9361702127659575,
        "num_correct": 88,
        "num_predicted": 91,
        "num_true": 94,
        "FP": 3,
        "FN": 6,
        "f1": 0.9513513513513513
    },
    "boundary_strict": {
        "precision": 0.9560439560439561,
        "recall": 0.925531914893617,
        "num_correct": 87,
        "num_predicted": 91,
        "num_true": 94,
        "FP": 4,
        "FN": 7,
        "f1": 0.9405405405405406
    },
    "classification": {
        "TP": 44,
        "TN": 43,
        "FP": 1,
        "FN": 0,
        "spesificity": 0.9772727272727273,
        "fp_rate": 0.022727272727272707,
        "fn_rate": 0.0,
        "g_mean": 0.9885710532241612,
        "precision": 0.9777777777777777,
        "recall": 1.0,
        "f1": 0.9887640449438202,
        "f1_abs": 0.9406620103249316,
        "accuracy": 0.9886363636363636,
        "support": 88
    },
    "f1_f1": 0.9459764849595358
}