{
    "boundary": {
        "precision": 0.978494623655914,
        "recall": 0.9680851063829787,
        "num_correct": 91,
        "num_predicted": 93,
        "num_true": 94,
        "FP": 2,
        "FN": 3,
        "f1": 0.9732620320855615
    },
    "boundary_strict": {
        "precision": 0.946236559139785,
        "recall": 0.9361702127659575,
        "num_correct": 88,
        "num_predicted": 93,
        "num_true": 94,
        "FP": 5,
        "FN": 6,
        "f1": 0.9411764705882354
    },
    "classification": {
        "TP": 45,
        "TN": 43,
        "FP": 2,
        "FN": 1,
        "spesificity": 0.9555555555555556,
        "fp_rate": 0.0444444444444444,
        "fn_rate": 0.021739130434782594,
        "g_mean": 0.966841563388569,
        "precision": 0.9574468085106383,
        "recall": 0.9782608695652174,
        "f1": 0.967741935483871,
        "f1_abs": 0.9418664826634466,
        "accuracy": 0.967032967032967,
        "support": 91
    },
    "f1_f1": 0.9573069168054703
}