{
    "boundary": {
        "precision": 0.45454545454545453,
        "recall": 0.08333333333333333,
        "num_correct": 5,
        "num_predicted": 11,
        "num_true": 60,
        "FP": 6,
        "FN": 55,
        "f1": 0.1408450704225352
    },
    "boundary_strict": {
        "precision": 0.45454545454545453,
        "recall": 0.08333333333333333,
        "num_correct": 5,
        "num_predicted": 11,
        "num_true": 60,
        "FP": 6,
        "FN": 55,
        "f1": 0.1408450704225352
    },
    "classification": {
        "TP": 0,
        "TN": 5,
        "FP": 0,
        "FN": 0,
        "spesificity": 1.0,
        "fp_rate": 0.0,
        "fn_rate": 1.0,
        "g_mean": 0.0,
        "precision": 0.0,
        "recall": 0.0,
        "f1": 0.0,
        "f1_abs": 0.0,
        "accuracy": 1.0,
        "support": 5
    },
    "f1_f1": 0.0
}