{
    "boundary": {
        "precision": 0.2,
        "recall": 0.02,
        "num_correct": 2,
        "num_predicted": 10,
        "num_true": 100,
        "FP": 8,
        "FN": 98,
        "f1": 0.03636363636363636
    },
    "boundary_strict": {
        "precision": 0.2,
        "recall": 0.02,
        "num_correct": 2,
        "num_predicted": 10,
        "num_true": 100,
        "FP": 8,
        "FN": 98,
        "f1": 0.03636363636363636
    },
    "classification": {
        "TP": 2,
        "TN": 0,
        "FP": 0,
        "FN": 0,
        "spesificity": 0,
        "fp_rate": 1,
        "fn_rate": 0.0,
        "g_mean": 0.0,
        "precision": 1.0,
        "recall": 1.0,
        "f1": 1.0,
        "f1_abs": 0.03636363636363636,
        "accuracy": 1.0,
        "support": 2
    },
    "f1_f1": 0.03636363636363636
}