{
    "boundary": {
        "precision": 0.9891304347826086,
        "recall": 0.9680851063829787,
        "num_correct": 91,
        "num_predicted": 92,
        "num_true": 94,
        "FP": 1,
        "FN": 3,
        "f1": 0.9784946236559139
    },
    "boundary_strict": {
        "precision": 0.967391304347826,
        "recall": 0.9468085106382979,
        "num_correct": 89,
        "num_predicted": 92,
        "num_true": 94,
        "FP": 3,
        "FN": 5,
        "f1": 0.956989247311828
    },
    "classification": {
        "TP": 46,
        "TN": 43,
        "FP": 1,
        "FN": 1,
        "spesificity": 0.9772727272727273,
        "fp_rate": 0.022727272727272707,
        "fn_rate": 0.021276595744680882,
        "g_mean": 0.9779977967880314,
        "precision": 0.9787234042553191,
        "recall": 0.9787234042553191,
        "f1": 0.9787234042553191,
        "f1_abs": 0.9576755891100434,
        "accuracy": 0.978021978021978,
        "support": 91
    },
    "f1_f1": 0.9679731760897212
}