{
    "boundary": {
        "precision": 0.926829268292683,
        "recall": 0.8260869565217391,
        "num_correct": 38,
        "num_predicted": 41,
        "num_true": 46,
        "FP": 3,
        "FN": 8,
        "f1": 0.8735632183908046
    },
    "boundary_strict": {
        "precision": 0.8292682926829268,
        "recall": 0.7391304347826086,
        "num_correct": 34,
        "num_predicted": 41,
        "num_true": 46,
        "FP": 7,
        "FN": 12,
        "f1": 0.7816091954022988
    },
    "classification": {
        "TP": 30,
        "TN": 4,
        "FP": 3,
        "FN": 1,
        "spesificity": 0.5714285714285714,
        "fp_rate": 0.4285714285714286,
        "fn_rate": 0.032258064516129004,
        "g_mean": 0.7436365992237532,
        "precision": 0.9090909090909091,
        "recall": 0.967741935483871,
        "f1": 0.9374999999999999,
        "f1_abs": 0.8189655172413792,
        "accuracy": 0.8947368421052632,
        "support": 38
    },
    "f1_f1": 0.8453837597330367
}