{
    "boundary": {
        "precision": 0.9886363636363636,
        "recall": 0.925531914893617,
        "num_correct": 87,
        "num_predicted": 88,
        "num_true": 94,
        "FP": 1,
        "FN": 7,
        "f1": 0.9560439560439561
    },
    "boundary_strict": {
        "precision": 0.9545454545454546,
        "recall": 0.8936170212765957,
        "num_correct": 84,
        "num_predicted": 88,
        "num_true": 94,
        "FP": 4,
        "FN": 10,
        "f1": 0.9230769230769231
    },
    "classification": {
        "TP": 43,
        "TN": 41,
        "FP": 2,
        "FN": 1,
        "spesificity": 0.9534883720930233,
        "fp_rate": 0.046511627906976716,
        "fn_rate": 0.022727272727272707,
        "g_mean": 0.9653072991634228,
        "precision": 0.9555555555555556,
        "recall": 0.9772727272727273,
        "f1": 0.9662921348314607,
        "f1_abs": 0.9238177552784295,
        "accuracy": 0.9655172413793104,
        "support": 87
    },
    "f1_f1": 0.9396546310832027
}