{
    "boundary": {
        "precision": 0.7321428571428571,
        "recall": 0.43617021276595747,
        "num_correct": 41,
        "num_predicted": 56,
        "num_true": 94,
        "FP": 15,
        "FN": 53,
        "f1": 0.5466666666666665
    },
    "boundary_strict": {
        "precision": 0.6607142857142857,
        "recall": 0.39361702127659576,
        "num_correct": 37,
        "num_predicted": 56,
        "num_true": 94,
        "FP": 19,
        "FN": 57,
        "f1": 0.4933333333333333
    },
    "classification": {
        "TP": 18,
        "TN": 19,
        "FP": 3,
        "FN": 1,
        "spesificity": 0.8636363636363636,
        "fp_rate": 0.13636363636363635,
        "fn_rate": 0.052631578947368474,
        "g_mean": 0.9045340337332909,
        "precision": 0.8571428571428571,
        "recall": 0.9473684210526315,
        "f1": 0.9,
        "f1_abs": 0.4919999999999999,
        "accuracy": 0.9024390243902439,
        "support": 41
    },
    "f1_f1": 0.5178947368421052
}