{
    "boundary": {
        "precision": 0.9896907216494846,
        "recall": 0.96,
        "num_correct": 96,
        "num_predicted": 97,
        "num_true": 100,
        "FP": 1,
        "FN": 4,
        "f1": 0.9746192893401014
    },
    "boundary_strict": {
        "precision": 0.9896907216494846,
        "recall": 0.96,
        "num_correct": 96,
        "num_predicted": 97,
        "num_true": 100,
        "FP": 1,
        "FN": 4,
        "f1": 0.9746192893401014
    },
    "classification": {
        "TP": 47,
        "TN": 49,
        "FP": 0,
        "FN": 0,
        "spesificity": 1.0,
        "fp_rate": 0.0,
        "fn_rate": 0.0,
        "g_mean": 1.0,
        "precision": 1.0,
        "recall": 1.0,
        "f1": 1.0,
        "f1_abs": 0.9746192893401014,
        "accuracy": 1.0,
        "support": 96
    },
    "f1_f1": 0.9746192893401014
}