{
    "boundary": {
        "precision": 0.9936507936507937,
        "recall": 0.9720496894409938,
        "num_correct": 313,
        "num_predicted": 315,
        "num_true": 322,
        "FP": 2,
        "FN": 9,
        "f1": 0.9827315541601256
    },
    "boundary_strict": {
        "precision": 0.9365079365079365,
        "recall": 0.9161490683229814,
        "num_correct": 295,
        "num_predicted": 315,
        "num_true": 322,
        "FP": 20,
        "FN": 27,
        "f1": 0.9262166405023547
    },
    "classification": {
        "TP": 201,
        "TN": 94,
        "FP": 15,
        "FN": 3,
        "spesificity": 0.8623853211009175,
        "fp_rate": 0.13761467889908252,
        "fn_rate": 0.014705882352941124,
        "g_mean": 0.9217934606113801,
        "precision": 0.9305555555555556,
        "recall": 0.9852941176470589,
        "f1": 0.9571428571428572,
        "f1_abs": 0.9406144875532632,
        "accuracy": 0.9424920127795527,
        "support": 313
    },
    "f1_f1": 0.9612118850909258
}