{
    "boundary": {
        "precision": 0.9101123595505618,
        "recall": 0.8617021276595744,
        "num_correct": 81,
        "num_predicted": 89,
        "num_true": 94,
        "FP": 8,
        "FN": 13,
        "f1": 0.8852459016393442
    },
    "boundary_strict": {
        "precision": 0.8539325842696629,
        "recall": 0.8085106382978723,
        "num_correct": 76,
        "num_predicted": 89,
        "num_true": 94,
        "FP": 13,
        "FN": 18,
        "f1": 0.8306010928961749
    },
    "classification": {
        "TP": 41,
        "TN": 35,
        "FP": 3,
        "FN": 2,
        "spesificity": 0.9210526315789473,
        "fp_rate": 0.07894736842105265,
        "fn_rate": 0.046511627906976716,
        "g_mean": 0.9371301800156718,
        "precision": 0.9318181818181818,
        "recall": 0.9534883720930233,
        "f1": 0.9425287356321839,
        "f1_abs": 0.8343697003957037,
        "accuracy": 0.9382716049382716,
        "support": 81
    },
    "f1_f1": 0.8590551944902511
}