{
    "boundary": {
        "precision": 0.8275862068965517,
        "recall": 0.7272727272727273,
        "num_correct": 24,
        "num_predicted": 29,
        "num_true": 33,
        "FP": 5,
        "FN": 9,
        "f1": 0.7741935483870968
    },
    "boundary_strict": {
        "precision": 0.7931034482758621,
        "recall": 0.696969696969697,
        "num_correct": 23,
        "num_predicted": 29,
        "num_true": 33,
        "FP": 6,
        "FN": 10,
        "f1": 0.7419354838709677
    },
    "classification": {
        "TP": 11,
        "TN": 12,
        "FP": 0,
        "FN": 1,
        "spesificity": 1.0,
        "fp_rate": 0.0,
        "fn_rate": 0.08333333333333337,
        "g_mean": 0.9574271077563381,
        "precision": 1.0,
        "recall": 0.9166666666666666,
        "f1": 0.9565217391304348,
        "f1_abs": 0.7405329593267882,
        "accuracy": 0.9583333333333334,
        "support": 24
    },
    "f1_f1": 0.7569892473118279
}