{
    "boundary": {
        "precision": 0.9591836734693877,
        "recall": 0.94,
        "num_correct": 94,
        "num_predicted": 98,
        "num_true": 100,
        "FP": 4,
        "FN": 6,
        "f1": 0.9494949494949495
    },
    "boundary_strict": {
        "precision": 0.9489795918367347,
        "recall": 0.93,
        "num_correct": 93,
        "num_predicted": 98,
        "num_true": 100,
        "FP": 5,
        "FN": 7,
        "f1": 0.9393939393939393
    },
    "classification": {
        "TP": 44,
        "TN": 49,
        "FP": 1,
        "FN": 0,
        "spesificity": 0.98,
        "fp_rate": 0.020000000000000018,
        "fn_rate": 0.0,
        "g_mean": 0.9899494936611666,
        "precision": 0.9777777777777777,
        "recall": 1.0,
        "f1": 0.9887640449438202,
        "f1_abs": 0.9388264669163545,
        "accuracy": 0.9893617021276596,
        "support": 94
    },
    "f1_f1": 0.9441305712492153
}