{
    "boundary": {
        "precision": 0.9333333333333333,
        "recall": 0.9130434782608695,
        "num_correct": 42,
        "num_predicted": 45,
        "num_true": 46,
        "FP": 3,
        "FN": 4,
        "f1": 0.9230769230769231
    },
    "boundary_strict": {
        "precision": 0.8666666666666667,
        "recall": 0.8478260869565217,
        "num_correct": 39,
        "num_predicted": 45,
        "num_true": 46,
        "FP": 6,
        "FN": 7,
        "f1": 0.8571428571428571
    },
    "classification": {
        "TP": 32,
        "TN": 7,
        "FP": 1,
        "FN": 2,
        "spesificity": 0.875,
        "fp_rate": 0.125,
        "fn_rate": 0.05882352941176472,
        "g_mean": 0.9074852129730301,
        "precision": 0.9696969696969697,
        "recall": 0.9411764705882353,
        "f1": 0.9552238805970149,
        "f1_abs": 0.8817451205510908,
        "accuracy": 0.9285714285714286,
        "support": 42
    },
    "f1_f1": 0.9019377568995891
}