{
    "boundary": {
        "precision": 0.5714285714285714,
        "recall": 0.12121212121212122,
        "num_correct": 4,
        "num_predicted": 7,
        "num_true": 33,
        "FP": 3,
        "FN": 29,
        "f1": 0.2
    },
    "boundary_strict": {
        "precision": 0.42857142857142855,
        "recall": 0.09090909090909091,
        "num_correct": 3,
        "num_predicted": 7,
        "num_true": 33,
        "FP": 4,
        "FN": 30,
        "f1": 0.15000000000000002
    },
    "classification": {
        "TP": 3,
        "TN": 0,
        "FP": 0,
        "FN": 1,
        "spesificity": 0,
        "fp_rate": 1,
        "fn_rate": 0.25,
        "g_mean": 0.0,
        "precision": 1.0,
        "recall": 0.75,
        "f1": 0.8571428571428571,
        "f1_abs": 0.17142857142857143,
        "accuracy": 0.75,
        "support": 4
    },
    "f1_f1": 0.18461538461538463
}