{
    "boundary": {
        "precision": 0.9245283018867925,
        "recall": 0.8166666666666667,
        "num_correct": 49,
        "num_predicted": 53,
        "num_true": 60,
        "FP": 4,
        "FN": 11,
        "f1": 0.8672566371681416
    },
    "boundary_strict": {
        "precision": 0.9056603773584906,
        "recall": 0.8,
        "num_correct": 48,
        "num_predicted": 53,
        "num_true": 60,
        "FP": 5,
        "FN": 12,
        "f1": 0.8495575221238938
    },
    "classification": {
        "TP": 26,
        "TN": 22,
        "FP": 1,
        "FN": 0,
        "spesificity": 0.9565217391304348,
        "fp_rate": 0.04347826086956519,
        "fn_rate": 0.0,
        "g_mean": 0.9780192938436515,
        "precision": 0.9629629629629629,
        "recall": 1.0,
        "f1": 0.9811320754716981,
        "f1_abs": 0.8508933043913842,
        "accuracy": 0.9795918367346939,
        "support": 49
    },
    "f1_f1": 0.8589970501474927
}