{
    "boundary": {
        "precision": 1.0,
        "recall": 0.9130434782608695,
        "num_correct": 42,
        "num_predicted": 42,
        "num_true": 46,
        "FP": 0,
        "FN": 4,
        "f1": 0.9545454545454545
    },
    "boundary_strict": {
        "precision": 0.9523809523809523,
        "recall": 0.8695652173913043,
        "num_correct": 40,
        "num_predicted": 42,
        "num_true": 46,
        "FP": 2,
        "FN": 6,
        "f1": 0.909090909090909
    },
    "classification": {
        "TP": 33,
        "TN": 7,
        "FP": 1,
        "FN": 1,
        "spesificity": 0.875,
        "fp_rate": 0.125,
        "fn_rate": 0.02941176470588236,
        "g_mean": 0.9215555902290176,
        "precision": 0.9705882352941176,
        "recall": 0.9705882352941176,
        "f1": 0.9705882352941176,
        "f1_abs": 0.926470588235294,
        "accuracy": 0.9523809523809523,
        "support": 42
    },
    "f1_f1": 0.9402985074626864
}