{
    "boundary": {
        "precision": 0.9772727272727273,
        "recall": 0.9148936170212766,
        "num_correct": 86,
        "num_predicted": 88,
        "num_true": 94,
        "FP": 2,
        "FN": 8,
        "f1": 0.945054945054945
    },
    "boundary_strict": {
        "precision": 0.8977272727272727,
        "recall": 0.8404255319148937,
        "num_correct": 79,
        "num_predicted": 88,
        "num_true": 94,
        "FP": 9,
        "FN": 15,
        "f1": 0.8681318681318682
    },
    "classification": {
        "TP": 45,
        "TN": 34,
        "FP": 7,
        "FN": 0,
        "spesificity": 0.8292682926829268,
        "fp_rate": 0.1707317073170732,
        "fn_rate": 0.0,
        "g_mean": 0.9106416928094863,
        "precision": 0.8653846153846154,
        "recall": 1.0,
        "f1": 0.9278350515463918,
        "f1_abs": 0.8768551036592274,
        "accuracy": 0.9186046511627907,
        "support": 86
    },
    "f1_f1": 0.9096785567373803
}