{
    "boundary": {
        "precision": 0.12,
        "recall": 0.06521739130434782,
        "num_correct": 3,
        "num_predicted": 25,
        "num_true": 46,
        "FP": 22,
        "FN": 43,
        "f1": 0.08450704225352111
    },
    "boundary_strict": {
        "precision": 0.08,
        "recall": 0.043478260869565216,
        "num_correct": 2,
        "num_predicted": 25,
        "num_true": 46,
        "FP": 23,
        "FN": 44,
        "f1": 0.056338028169014086
    },
    "classification": {
        "TP": 0,
        "TN": 2,
        "FP": 1,
        "FN": 0,
        "spesificity": 0.6666666666666666,
        "fp_rate": 0.33333333333333337,
        "fn_rate": 1.0,
        "g_mean": 0.0,
        "precision": 0.0,
        "recall": 0.0,
        "f1": 0.0,
        "f1_abs": 0.0,
        "accuracy": 0.6666666666666666,
        "support": 3
    },
    "f1_f1": 0.0
}