{
    "boundary": {
        "precision": 1.0,
        "recall": 0.9166666666666666,
        "num_correct": 55,
        "num_predicted": 55,
        "num_true": 60,
        "FP": 0,
        "FN": 5,
        "f1": 0.9565217391304348
    },
    "boundary_strict": {
        "precision": 0.9818181818181818,
        "recall": 0.9,
        "num_correct": 54,
        "num_predicted": 55,
        "num_true": 60,
        "FP": 1,
        "FN": 6,
        "f1": 0.9391304347826087
    },
    "classification": {
        "TP": 28,
        "TN": 26,
        "FP": 0,
        "FN": 1,
        "spesificity": 1.0,
        "fp_rate": 0.0,
        "fn_rate": 0.03448275862068961,
        "g_mean": 0.982607368881035,
        "precision": 1.0,
        "recall": 0.9655172413793104,
        "f1": 0.9824561403508771,
        "f1_abs": 0.9397406559877955,
        "accuracy": 0.9818181818181818,
        "support": 55
    },
    "f1_f1": 0.948056944978838
}