{
    "boundary": {
        "precision": 0.9777777777777777,
        "recall": 0.9361702127659575,
        "num_correct": 88,
        "num_predicted": 90,
        "num_true": 94,
        "FP": 2,
        "FN": 6,
        "f1": 0.9565217391304347
    },
    "boundary_strict": {
        "precision": 0.9444444444444444,
        "recall": 0.9042553191489362,
        "num_correct": 85,
        "num_predicted": 90,
        "num_true": 94,
        "FP": 5,
        "FN": 9,
        "f1": 0.9239130434782609
    },
    "classification": {
        "TP": 42,
        "TN": 43,
        "FP": 2,
        "FN": 1,
        "spesificity": 0.9555555555555556,
        "fp_rate": 0.0444444444444444,
        "fn_rate": 0.023255813953488413,
        "g_mean": 0.9660917830792959,
        "precision": 0.9545454545454546,
        "recall": 0.9767441860465116,
        "f1": 0.9655172413793104,
        "f1_abs": 0.9235382308845577,
        "accuracy": 0.9659090909090909,
        "support": 88
    },
    "f1_f1": 0.9397406559877954
}