{
    "boundary": {
        "precision": 0.9804560260586319,
        "recall": 0.9347826086956522,
        "num_correct": 301,
        "num_predicted": 307,
        "num_true": 322,
        "FP": 6,
        "FN": 21,
        "f1": 0.9570747217806042
    },
    "boundary_strict": {
        "precision": 0.9446254071661238,
        "recall": 0.9006211180124224,
        "num_correct": 290,
        "num_predicted": 307,
        "num_true": 322,
        "FP": 17,
        "FN": 32,
        "f1": 0.9220985691573926
    },
    "classification": {
        "TP": 190,
        "TN": 100,
        "FP": 6,
        "FN": 5,
        "spesificity": 0.9433962264150944,
        "fp_rate": 0.05660377358490565,
        "fn_rate": 0.02564102564102566,
        "g_mean": 0.9587526164678447,
        "precision": 0.9693877551020408,
        "recall": 0.9743589743589743,
        "f1": 0.9718670076726342,
        "f1_abs": 0.9301493459760347,
        "accuracy": 0.9634551495016611,
        "support": 301
    },
    "f1_f1": 0.9434199592130469
}