{
    "boundary": {
        "precision": 0.9069767441860465,
        "recall": 0.8478260869565217,
        "num_correct": 39,
        "num_predicted": 43,
        "num_true": 46,
        "FP": 4,
        "FN": 7,
        "f1": 0.8764044943820224
    },
    "boundary_strict": {
        "precision": 0.8372093023255814,
        "recall": 0.782608695652174,
        "num_correct": 36,
        "num_predicted": 43,
        "num_true": 46,
        "FP": 7,
        "FN": 10,
        "f1": 0.8089887640449438
    },
    "classification": {
        "TP": 31,
        "TN": 5,
        "FP": 2,
        "FN": 1,
        "spesificity": 0.7142857142857143,
        "fp_rate": 0.2857142857142857,
        "fn_rate": 0.03125,
        "g_mean": 0.8318439070608654,
        "precision": 0.9393939393939394,
        "recall": 0.96875,
        "f1": 0.9538461538461539,
        "f1_abs": 0.8359550561797753,
        "accuracy": 0.9230769230769231,
        "support": 39
    },
    "f1_f1": 0.8557020260107936
}