{
    "boundary": {
        "precision": 0.9761904761904762,
        "recall": 0.8723404255319149,
        "num_correct": 82,
        "num_predicted": 84,
        "num_true": 94,
        "FP": 2,
        "FN": 12,
        "f1": 0.9213483146067415
    },
    "boundary_strict": {
        "precision": 0.9404761904761905,
        "recall": 0.8404255319148937,
        "num_correct": 79,
        "num_predicted": 84,
        "num_true": 94,
        "FP": 5,
        "FN": 15,
        "f1": 0.8876404494382023
    },
    "classification": {
        "TP": 40,
        "TN": 39,
        "FP": 3,
        "FN": 0,
        "spesificity": 0.9285714285714286,
        "fp_rate": 0.0714285714285714,
        "fn_rate": 0.0,
        "g_mean": 0.9636241116594315,
        "precision": 0.9302325581395349,
        "recall": 1.0,
        "f1": 0.963855421686747,
        "f1_abs": 0.8880465682956544,
        "accuracy": 0.9634146341463414,
        "support": 82
    },
    "f1_f1": 0.9043909836630593
}