{
    "boundary": {
        "precision": 0.42857142857142855,
        "recall": 0.047619047619047616,
        "num_correct": 3,
        "num_predicted": 7,
        "num_true": 63,
        "FP": 4,
        "FN": 60,
        "f1": 0.08571428571428572
    },
    "boundary_strict": {
        "precision": 0.42857142857142855,
        "recall": 0.047619047619047616,
        "num_correct": 3,
        "num_predicted": 7,
        "num_true": 63,
        "FP": 4,
        "FN": 60,
        "f1": 0.08571428571428572
    },
    "classification": {
        "TP": 2,
        "TN": 1,
        "FP": 0,
        "FN": 0,
        "spesificity": 1.0,
        "fp_rate": 0.0,
        "fn_rate": 0.0,
        "g_mean": 1.0,
        "precision": 1.0,
        "recall": 1.0,
        "f1": 1.0,
        "f1_abs": 0.08571428571428572,
        "accuracy": 1.0,
        "support": 3
    },
    "f1_f1": 0.08571428571428572
}