{
    "boundary": {
        "precision": 0.9888888888888889,
        "recall": 0.9468085106382979,
        "num_correct": 89,
        "num_predicted": 90,
        "num_true": 94,
        "FP": 1,
        "FN": 5,
        "f1": 0.9673913043478262
    },
    "boundary_strict": {
        "precision": 0.9444444444444444,
        "recall": 0.9042553191489362,
        "num_correct": 85,
        "num_predicted": 90,
        "num_true": 94,
        "FP": 5,
        "FN": 9,
        "f1": 0.9239130434782609
    },
    "classification": {
        "TP": 45,
        "TN": 40,
        "FP": 3,
        "FN": 1,
        "spesificity": 0.9302325581395349,
        "fp_rate": 0.06976744186046513,
        "fn_rate": 0.021739130434782594,
        "g_mean": 0.95394450112334,
        "precision": 0.9375,
        "recall": 0.9782608695652174,
        "f1": 0.9574468085106383,
        "f1_abs": 0.9262257169287698,
        "accuracy": 0.9550561797752809,
        "support": 89
    },
    "f1_f1": 0.9463610586011344
}