{
    "boundary": {
        "precision": 0.56,
        "recall": 0.23333333333333334,
        "num_correct": 14,
        "num_predicted": 25,
        "num_true": 60,
        "FP": 11,
        "FN": 46,
        "f1": 0.32941176470588235
    },
    "boundary_strict": {
        "precision": 0.52,
        "recall": 0.21666666666666667,
        "num_correct": 13,
        "num_predicted": 25,
        "num_true": 60,
        "FP": 12,
        "FN": 47,
        "f1": 0.3058823529411765
    },
    "classification": {
        "TP": 5,
        "TN": 8,
        "FP": 1,
        "FN": 0,
        "spesificity": 0.8888888888888888,
        "fp_rate": 0.11111111111111116,
        "fn_rate": 0.0,
        "g_mean": 0.9428090415820634,
        "precision": 0.8333333333333334,
        "recall": 1.0,
        "f1": 0.9090909090909091,
        "f1_abs": 0.2994652406417112,
        "accuracy": 0.9285714285714286,
        "support": 14
    },
    "f1_f1": 0.3137254901960784
}