{
    "boundary": {
        "precision": 0.9887640449438202,
        "recall": 0.9361702127659575,
        "num_correct": 88,
        "num_predicted": 89,
        "num_true": 94,
        "FP": 1,
        "FN": 6,
        "f1": 0.9617486338797814
    },
    "boundary_strict": {
        "precision": 0.9662921348314607,
        "recall": 0.9148936170212766,
        "num_correct": 86,
        "num_predicted": 89,
        "num_true": 94,
        "FP": 3,
        "FN": 8,
        "f1": 0.9398907103825136
    },
    "classification": {
        "TP": 43,
        "TN": 43,
        "FP": 2,
        "FN": 0,
        "spesificity": 0.9555555555555556,
        "fp_rate": 0.0444444444444444,
        "fn_rate": 0.0,
        "g_mean": 0.9775252199076787,
        "precision": 0.9555555555555556,
        "recall": 1.0,
        "f1": 0.9772727272727273,
        "f1_abs": 0.9398907103825136,
        "accuracy": 0.9772727272727273,
        "support": 88
    },
    "f1_f1": 0.9506940518811632
}