{
    "boundary": {
        "precision": 0.7222222222222222,
        "recall": 0.43333333333333335,
        "num_correct": 26,
        "num_predicted": 36,
        "num_true": 60,
        "FP": 10,
        "FN": 34,
        "f1": 0.5416666666666666
    },
    "boundary_strict": {
        "precision": 0.7222222222222222,
        "recall": 0.43333333333333335,
        "num_correct": 26,
        "num_predicted": 36,
        "num_true": 60,
        "FP": 10,
        "FN": 34,
        "f1": 0.5416666666666666
    },
    "classification": {
        "TP": 17,
        "TN": 9,
        "FP": 0,
        "FN": 0,
        "spesificity": 1.0,
        "fp_rate": 0.0,
        "fn_rate": 0.0,
        "g_mean": 1.0,
        "precision": 1.0,
        "recall": 1.0,
        "f1": 1.0,
        "f1_abs": 0.5416666666666666,
        "accuracy": 1.0,
        "support": 26
    },
    "f1_f1": 0.5416666666666666
}