{
    "boundary": {
        "precision": 0.9555555555555556,
        "recall": 0.9347826086956522,
        "num_correct": 43,
        "num_predicted": 45,
        "num_true": 46,
        "FP": 2,
        "FN": 3,
        "f1": 0.945054945054945
    },
    "boundary_strict": {
        "precision": 0.9333333333333333,
        "recall": 0.9130434782608695,
        "num_correct": 42,
        "num_predicted": 45,
        "num_true": 46,
        "FP": 3,
        "FN": 4,
        "f1": 0.9230769230769231
    },
    "classification": {
        "TP": 34,
        "TN": 8,
        "FP": 1,
        "FN": 0,
        "spesificity": 0.8888888888888888,
        "fp_rate": 0.11111111111111116,
        "fn_rate": 0.0,
        "g_mean": 0.9428090415820634,
        "precision": 0.9714285714285714,
        "recall": 1.0,
        "f1": 0.9855072463768116,
        "f1_abs": 0.9313584965758879,
        "accuracy": 0.9767441860465116,
        "support": 43
    },
    "f1_f1": 0.9381567337771717
}