{
    "boundary": {
        "precision": 0.9019607843137255,
        "recall": 0.7666666666666667,
        "num_correct": 46,
        "num_predicted": 51,
        "num_true": 60,
        "FP": 5,
        "FN": 14,
        "f1": 0.8288288288288289
    },
    "boundary_strict": {
        "precision": 0.8823529411764706,
        "recall": 0.75,
        "num_correct": 45,
        "num_predicted": 51,
        "num_true": 60,
        "FP": 6,
        "FN": 15,
        "f1": 0.8108108108108107
    },
    "classification": {
        "TP": 24,
        "TN": 21,
        "FP": 1,
        "FN": 0,
        "spesificity": 0.9545454545454546,
        "fp_rate": 0.045454545454545414,
        "fn_rate": 0.0,
        "g_mean": 0.9770084209183945,
        "precision": 0.96,
        "recall": 1.0,
        "f1": 0.9795918367346939,
        "f1_abs": 0.8119139547710977,
        "accuracy": 0.9782608695652174,
        "support": 46
    },
    "f1_f1": 0.8202842017275008
}