{
    "boundary": {
        "precision": 0.9651162790697675,
        "recall": 0.8829787234042553,
        "num_correct": 83,
        "num_predicted": 86,
        "num_true": 94,
        "FP": 3,
        "FN": 11,
        "f1": 0.9222222222222223
    },
    "boundary_strict": {
        "precision": 0.9186046511627907,
        "recall": 0.8404255319148937,
        "num_correct": 79,
        "num_predicted": 86,
        "num_true": 94,
        "FP": 7,
        "FN": 15,
        "f1": 0.8777777777777779
    },
    "classification": {
        "TP": 41,
        "TN": 38,
        "FP": 3,
        "FN": 1,
        "spesificity": 0.926829268292683,
        "fp_rate": 0.07317073170731703,
        "fn_rate": 0.023809523809523836,
        "g_mean": 0.9511897312113419,
        "precision": 0.9318181818181818,
        "recall": 0.9761904761904762,
        "f1": 0.9534883720930233,
        "f1_abs": 0.8793281653746771,
        "accuracy": 0.9518072289156626,
        "support": 83
    },
    "f1_f1": 0.9002645502645504
}