{
    "boundary": {
        "precision": 0.9431818181818182,
        "recall": 0.8829787234042553,
        "num_correct": 83,
        "num_predicted": 88,
        "num_true": 94,
        "FP": 5,
        "FN": 11,
        "f1": 0.9120879120879122
    },
    "boundary_strict": {
        "precision": 0.9090909090909091,
        "recall": 0.851063829787234,
        "num_correct": 80,
        "num_predicted": 88,
        "num_true": 94,
        "FP": 8,
        "FN": 14,
        "f1": 0.8791208791208791
    },
    "classification": {
        "TP": 42,
        "TN": 38,
        "FP": 3,
        "FN": 0,
        "spesificity": 0.926829268292683,
        "fp_rate": 0.07317073170731703,
        "fn_rate": 0.0,
        "g_mean": 0.9627197246824659,
        "precision": 0.9333333333333333,
        "recall": 1.0,
        "f1": 0.9655172413793104,
        "f1_abs": 0.880636604774536,
        "accuracy": 0.963855421686747,
        "support": 83
    },
    "f1_f1": 0.8960863697705804
}