{
    "boundary": {
        "precision": 0.989010989010989,
        "recall": 0.9574468085106383,
        "num_correct": 90,
        "num_predicted": 91,
        "num_true": 94,
        "FP": 1,
        "FN": 4,
        "f1": 0.972972972972973
    },
    "boundary_strict": {
        "precision": 0.9560439560439561,
        "recall": 0.925531914893617,
        "num_correct": 87,
        "num_predicted": 91,
        "num_true": 94,
        "FP": 4,
        "FN": 7,
        "f1": 0.9405405405405406
    },
    "classification": {
        "TP": 47,
        "TN": 40,
        "FP": 2,
        "FN": 1,
        "spesificity": 0.9523809523809523,
        "fp_rate": 0.04761904761904767,
        "fn_rate": 0.02083333333333337,
        "g_mean": 0.9656809424130117,
        "precision": 0.9591836734693877,
        "recall": 0.9791666666666666,
        "f1": 0.9690721649484536,
        "f1_abs": 0.9428810253552522,
        "accuracy": 0.9666666666666667,
        "support": 90
    },
    "f1_f1": 0.957690674968162
}