{
    "boundary": {
        "precision": 0.978021978021978,
        "recall": 0.9468085106382979,
        "num_correct": 89,
        "num_predicted": 91,
        "num_true": 94,
        "FP": 2,
        "FN": 5,
        "f1": 0.9621621621621622
    },
    "boundary_strict": {
        "precision": 0.9340659340659341,
        "recall": 0.9042553191489362,
        "num_correct": 85,
        "num_predicted": 91,
        "num_true": 94,
        "FP": 6,
        "FN": 9,
        "f1": 0.918918918918919
    },
    "classification": {
        "TP": 46,
        "TN": 39,
        "FP": 4,
        "FN": 0,
        "spesificity": 0.9069767441860465,
        "fp_rate": 0.09302325581395354,
        "fn_rate": 0.0,
        "g_mean": 0.9523532664857335,
        "precision": 0.92,
        "recall": 1.0,
        "f1": 0.9583333333333334,
        "f1_abs": 0.9220720720720722,
        "accuracy": 0.9550561797752809,
        "support": 89
    },
    "f1_f1": 0.9416906267970099
}