{
    "boundary": {
        "precision": 0.9778481012658228,
        "recall": 0.9596273291925466,
        "num_correct": 309,
        "num_predicted": 316,
        "num_true": 322,
        "FP": 7,
        "FN": 13,
        "f1": 0.9686520376175548
    },
    "boundary_strict": {
        "precision": 0.9367088607594937,
        "recall": 0.9192546583850931,
        "num_correct": 296,
        "num_predicted": 316,
        "num_true": 322,
        "FP": 20,
        "FN": 26,
        "f1": 0.9278996865203761
    },
    "classification": {
        "TP": 194,
        "TN": 102,
        "FP": 10,
        "FN": 3,
        "spesificity": 0.9107142857142857,
        "fp_rate": 0.0892857142857143,
        "fn_rate": 0.015228426395939132,
        "g_mean": 0.9470192924363027,
        "precision": 0.9509803921568627,
        "recall": 0.9847715736040609,
        "f1": 0.9675810473815462,
        "f1_abs": 0.9372493531062626,
        "accuracy": 0.9579288025889967,
        "support": 309
    },
    "f1_f1": 0.9526919913703707
}