{
    "boundary": {
        "precision": 0.9841772151898734,
        "recall": 0.9658385093167702,
        "num_correct": 311,
        "num_predicted": 316,
        "num_true": 322,
        "FP": 5,
        "FN": 11,
        "f1": 0.974921630094044
    },
    "boundary_strict": {
        "precision": 0.9462025316455697,
        "recall": 0.9285714285714286,
        "num_correct": 299,
        "num_predicted": 316,
        "num_true": 322,
        "FP": 17,
        "FN": 23,
        "f1": 0.9373040752351098
    },
    "classification": {
        "TP": 195,
        "TN": 104,
        "FP": 8,
        "FN": 4,
        "spesificity": 0.9285714285714286,
        "fp_rate": 0.0714285714285714,
        "fn_rate": 0.02010050251256279,
        "g_mean": 0.9538902852206508,
        "precision": 0.9605911330049262,
        "recall": 0.9798994974874372,
        "f1": 0.9701492537313433,
        "f1_abs": 0.9458194918822815,
        "accuracy": 0.9614147909967846,
        "support": 311
    },
    "f1_f1": 0.9601500902441343
}