{
    "boundary": {
        "precision": 0.9809523809523809,
        "recall": 0.9596273291925466,
        "num_correct": 309,
        "num_predicted": 315,
        "num_true": 322,
        "FP": 6,
        "FN": 13,
        "f1": 0.9701726844583988
    },
    "boundary_strict": {
        "precision": 0.9428571428571428,
        "recall": 0.922360248447205,
        "num_correct": 297,
        "num_predicted": 315,
        "num_true": 322,
        "FP": 18,
        "FN": 25,
        "f1": 0.9324960753532182
    },
    "classification": {
        "TP": 195,
        "TN": 102,
        "FP": 7,
        "FN": 5,
        "spesificity": 0.9357798165137615,
        "fp_rate": 0.06422018348623848,
        "fn_rate": 0.025000000000000022,
        "g_mean": 0.9551886311618859,
        "precision": 0.9653465346534653,
        "recall": 0.975,
        "f1": 0.9701492537313433,
        "f1_abs": 0.9412123058178495,
        "accuracy": 0.9611650485436893,
        "support": 309
    },
    "f1_f1": 0.9554730983302413
}