{
    "boundary": {
        "precision": 0.8969072164948454,
        "recall": 0.87,
        "num_correct": 87,
        "num_predicted": 97,
        "num_true": 100,
        "FP": 10,
        "FN": 13,
        "f1": 0.883248730964467
    },
    "classification": {
        "TP": 40.0,
        "TN": 41.0,
        "FP": 3.0,
        "FN": 3.0,
        "spesificity": 0.9318181818181818,
        "fp_rate": 0.06818181818181823,
        "fn_rate": 0.06976744186046513,
        "g_mean": 0.9310250324205346,
        "precision": 0.9302325581395349,
        "recall": 0.9302325581395349,
        "f1": 0.9302325581395349,
        "f1_abs": 0.8216267264785739,
        "accuracy": 0.9310344827586207,
        "support": 87
    },
    "f1_f1": 0.8513240780380404
}