{
    "boundary": {
        "precision": 1.0,
        "recall": 0.9787234042553191,
        "num_correct": 92,
        "num_predicted": 92,
        "num_true": 94,
        "FP": 0,
        "FN": 2,
        "f1": 0.989247311827957
    },
    "boundary_strict": {
        "precision": 0.967391304347826,
        "recall": 0.9468085106382979,
        "num_correct": 89,
        "num_predicted": 92,
        "num_true": 94,
        "FP": 3,
        "FN": 5,
        "f1": 0.956989247311828
    },
    "classification": {
        "TP": 46,
        "TN": 43,
        "FP": 2,
        "FN": 1,
        "spesificity": 0.9555555555555556,
        "fp_rate": 0.0444444444444444,
        "fn_rate": 0.021276595744680882,
        "g_mean": 0.9670701041229721,
        "precision": 0.9583333333333334,
        "recall": 0.9787234042553191,
        "f1": 0.968421052631579,
        "f1_abs": 0.95800792303339,
        "accuracy": 0.967391304347826,
        "support": 92
    },
    "f1_f1": 0.9733770340980967
}