{
    "boundary": {
        "precision": 0.9137931034482759,
        "recall": 0.8412698412698413,
        "num_correct": 53,
        "num_predicted": 58,
        "num_true": 63,
        "FP": 5,
        "FN": 10,
        "f1": 0.8760330578512397
    },
    "classification": {
        "TP": 28.0,
        "TN": 23.0,
        "FP": 2.0,
        "FN": 0.0,
        "spesificity": 0.92,
        "fp_rate": 0.07999999999999996,
        "fn_rate": 0.0,
        "g_mean": 0.9591663046625439,
        "precision": 0.9333333333333333,
        "recall": 1.0,
        "f1": 0.9655172413793104,
        "f1_abs": 0.8458250213736108,
        "accuracy": 0.9622641509433962,
        "support": 53
    },
    "f1_f1": 0.8606640568363058
}