{
    "boundary": {
        "precision": 0.4,
        "recall": 0.03333333333333333,
        "num_correct": 2,
        "num_predicted": 5,
        "num_true": 60,
        "FP": 3,
        "FN": 58,
        "f1": 0.06153846153846154
    },
    "boundary_strict": {
        "precision": 0.4,
        "recall": 0.03333333333333333,
        "num_correct": 2,
        "num_predicted": 5,
        "num_true": 60,
        "FP": 3,
        "FN": 58,
        "f1": 0.06153846153846154
    },
    "classification": {
        "TP": 1,
        "TN": 1,
        "FP": 0,
        "FN": 0,
        "spesificity": 1.0,
        "fp_rate": 0.0,
        "fn_rate": 0.0,
        "g_mean": 1.0,
        "precision": 1.0,
        "recall": 1.0,
        "f1": 1.0,
        "f1_abs": 0.06153846153846154,
        "accuracy": 1.0,
        "support": 2
    },
    "f1_f1": 0.06153846153846154
}