{
    "boundary": {
        "precision": 0.967741935483871,
        "recall": 0.9574468085106383,
        "num_correct": 90,
        "num_predicted": 93,
        "num_true": 94,
        "FP": 3,
        "FN": 4,
        "f1": 0.9625668449197862
    },
    "boundary_strict": {
        "precision": 0.9354838709677419,
        "recall": 0.925531914893617,
        "num_correct": 87,
        "num_predicted": 93,
        "num_true": 94,
        "FP": 6,
        "FN": 7,
        "f1": 0.9304812834224598
    },
    "classification": {
        "TP": 46,
        "TN": 41,
        "FP": 2,
        "FN": 1,
        "spesificity": 0.9534883720930233,
        "fp_rate": 0.046511627906976716,
        "fn_rate": 0.021276595744680882,
        "g_mean": 0.9660234911495403,
        "precision": 0.9583333333333334,
        "recall": 0.9787234042553191,
        "f1": 0.968421052631579,
        "f1_abs": 0.9321699971854771,
        "accuracy": 0.9666666666666667,
        "support": 90
    },
    "f1_f1": 0.9471245960708057
}