{
    "boundary": {
        "precision": 0.9411764705882353,
        "recall": 0.16,
        "num_correct": 16,
        "num_predicted": 17,
        "num_true": 100,
        "FP": 1,
        "FN": 84,
        "f1": 0.27350427350427353
    },
    "boundary_strict": {
        "precision": 0.9411764705882353,
        "recall": 0.16,
        "num_correct": 16,
        "num_predicted": 17,
        "num_true": 100,
        "FP": 1,
        "FN": 84,
        "f1": 0.27350427350427353
    },
    "classification": {
        "TP": 9,
        "TN": 7,
        "FP": 0,
        "FN": 0,
        "spesificity": 1.0,
        "fp_rate": 0.0,
        "fn_rate": 0.0,
        "g_mean": 1.0,
        "precision": 1.0,
        "recall": 1.0,
        "f1": 1.0,
        "f1_abs": 0.27350427350427353,
        "accuracy": 1.0,
        "support": 16
    },
    "f1_f1": 0.27350427350427353
}