{
    "boundary": {
        "precision": 0.6,
        "recall": 0.06382978723404255,
        "num_correct": 6,
        "num_predicted": 10,
        "num_true": 94,
        "FP": 4,
        "FN": 88,
        "f1": 0.11538461538461536
    },
    "boundary_strict": {
        "precision": 0.6,
        "recall": 0.06382978723404255,
        "num_correct": 6,
        "num_predicted": 10,
        "num_true": 94,
        "FP": 4,
        "FN": 88,
        "f1": 0.11538461538461536
    },
    "classification": {
        "TP": 3,
        "TN": 3,
        "FP": 0,
        "FN": 0,
        "spesificity": 1.0,
        "fp_rate": 0.0,
        "fn_rate": 0.0,
        "g_mean": 1.0,
        "precision": 1.0,
        "recall": 1.0,
        "f1": 1.0,
        "f1_abs": 0.11538461538461536,
        "accuracy": 1.0,
        "support": 6
    },
    "f1_f1": 0.11538461538461536
}