{
    "boundary": {
        "precision": 0.9166666666666666,
        "recall": 0.9565217391304348,
        "num_correct": 44,
        "num_predicted": 48,
        "num_true": 46,
        "FP": 4,
        "FN": 2,
        "f1": 0.9361702127659574
    },
    "boundary_strict": {
        "precision": 0.8125,
        "recall": 0.8478260869565217,
        "num_correct": 39,
        "num_predicted": 48,
        "num_true": 46,
        "FP": 9,
        "FN": 7,
        "f1": 0.8297872340425533
    },
    "classification": {
        "TP": 32,
        "TN": 7,
        "FP": 2,
        "FN": 3,
        "spesificity": 0.7777777777777778,
        "fp_rate": 0.2222222222222222,
        "fn_rate": 0.08571428571428574,
        "g_mean": 0.8432740427115678,
        "precision": 0.9411764705882353,
        "recall": 0.9142857142857143,
        "f1": 0.927536231884058,
        "f1_abs": 0.8683317915510329,
        "accuracy": 0.8863636363636364,
        "support": 44
    },
    "f1_f1": 0.9009758438649816
}