{
    "boundary": {
        "precision": 0.375,
        "recall": 0.09090909090909091,
        "num_correct": 3,
        "num_predicted": 8,
        "num_true": 33,
        "FP": 5,
        "FN": 30,
        "f1": 0.14634146341463414
    },
    "boundary_strict": {
        "precision": 0.25,
        "recall": 0.06060606060606061,
        "num_correct": 2,
        "num_predicted": 8,
        "num_true": 33,
        "FP": 6,
        "FN": 31,
        "f1": 0.0975609756097561
    },
    "classification": {
        "TP": 1,
        "TN": 1,
        "FP": 0,
        "FN": 1,
        "spesificity": 1.0,
        "fp_rate": 0.0,
        "fn_rate": 0.5,
        "g_mean": 0.7071067811865476,
        "precision": 1.0,
        "recall": 0.5,
        "f1": 0.6666666666666666,
        "f1_abs": 0.09756097560975609,
        "accuracy": 0.6666666666666666,
        "support": 3
    },
    "f1_f1": 0.11707317073170731
}