{
    "boundary": {
        "precision": 0.9090909090909091,
        "recall": 0.8695652173913043,
        "num_correct": 40,
        "num_predicted": 44,
        "num_true": 46,
        "FP": 4,
        "FN": 6,
        "f1": 0.888888888888889
    },
    "boundary_strict": {
        "precision": 0.8409090909090909,
        "recall": 0.8043478260869565,
        "num_correct": 37,
        "num_predicted": 44,
        "num_true": 46,
        "FP": 7,
        "FN": 9,
        "f1": 0.8222222222222223
    },
    "classification": {
        "TP": 33,
        "TN": 4,
        "FP": 3,
        "FN": 0,
        "spesificity": 0.5714285714285714,
        "fp_rate": 0.4285714285714286,
        "fn_rate": 0.0,
        "g_mean": 0.7559289460184544,
        "precision": 0.9166666666666666,
        "recall": 1.0,
        "f1": 0.9565217391304348,
        "f1_abs": 0.8502415458937199,
        "accuracy": 0.925,
        "support": 40
    },
    "f1_f1": 0.8691358024691359
}