{
    "boundary": {
        "precision": 0.9310344827586207,
        "recall": 0.9,
        "num_correct": 54,
        "num_predicted": 58,
        "num_true": 60,
        "FP": 4,
        "FN": 6,
        "f1": 0.9152542372881356
    },
    "boundary_strict": {
        "precision": 0.896551724137931,
        "recall": 0.8666666666666667,
        "num_correct": 52,
        "num_predicted": 58,
        "num_true": 60,
        "FP": 6,
        "FN": 8,
        "f1": 0.8813559322033899
    },
    "classification": {
        "TP": 28,
        "TN": 24,
        "FP": 0,
        "FN": 2,
        "spesificity": 1.0,
        "fp_rate": 0.0,
        "fn_rate": 0.06666666666666665,
        "g_mean": 0.9660917830792959,
        "precision": 1.0,
        "recall": 0.9333333333333333,
        "f1": 0.9655172413793104,
        "f1_abs": 0.8836937463471655,
        "accuracy": 0.9629629629629629,
        "support": 54
    },
    "f1_f1": 0.8991971454058877
}