{
    "boundary": {
        "precision": 1.0,
        "recall": 0.95,
        "num_correct": 57,
        "num_predicted": 57,
        "num_true": 60,
        "FP": 0,
        "FN": 3,
        "f1": 0.9743589743589743
    },
    "boundary_strict": {
        "precision": 0.9649122807017544,
        "recall": 0.9166666666666666,
        "num_correct": 55,
        "num_predicted": 57,
        "num_true": 60,
        "FP": 2,
        "FN": 5,
        "f1": 0.9401709401709402
    },
    "classification": {
        "TP": 28,
        "TN": 27,
        "FP": 0,
        "FN": 2,
        "spesificity": 1.0,
        "fp_rate": 0.0,
        "fn_rate": 0.06666666666666665,
        "g_mean": 0.9660917830792959,
        "precision": 1.0,
        "recall": 0.9333333333333333,
        "f1": 0.9655172413793104,
        "f1_abs": 0.9407603890362511,
        "accuracy": 0.9649122807017544,
        "support": 57
    },
    "f1_f1": 0.9572649572649572
}