{
    "boundary": {
        "precision": 0.8125,
        "recall": 0.65,
        "num_correct": 39,
        "num_predicted": 48,
        "num_true": 60,
        "FP": 9,
        "FN": 21,
        "f1": 0.7222222222222223
    },
    "boundary_strict": {
        "precision": 0.7916666666666666,
        "recall": 0.6333333333333333,
        "num_correct": 38,
        "num_predicted": 48,
        "num_true": 60,
        "FP": 10,
        "FN": 22,
        "f1": 0.7037037037037038
    },
    "classification": {
        "TP": 21,
        "TN": 17,
        "FP": 0,
        "FN": 1,
        "spesificity": 1.0,
        "fp_rate": 0.0,
        "fn_rate": 0.045454545454545414,
        "g_mean": 0.9770084209183945,
        "precision": 1.0,
        "recall": 0.9545454545454546,
        "f1": 0.9767441860465116,
        "f1_abs": 0.7054263565891473,
        "accuracy": 0.9743589743589743,
        "support": 39
    },
    "f1_f1": 0.7137254901960787
}