{
    "boundary": {
        "precision": 0.9777777777777777,
        "recall": 0.9361702127659575,
        "num_correct": 88,
        "num_predicted": 90,
        "num_true": 94,
        "FP": 2,
        "FN": 6,
        "f1": 0.9565217391304347
    },
    "boundary_strict": {
        "precision": 0.9111111111111111,
        "recall": 0.8723404255319149,
        "num_correct": 82,
        "num_predicted": 90,
        "num_true": 94,
        "FP": 8,
        "FN": 12,
        "f1": 0.891304347826087
    },
    "classification": {
        "TP": 44,
        "TN": 38,
        "FP": 6,
        "FN": 0,
        "spesificity": 0.8636363636363636,
        "fp_rate": 0.13636363636363635,
        "fn_rate": 0.0,
        "g_mean": 0.9293203772845852,
        "precision": 0.88,
        "recall": 1.0,
        "f1": 0.9361702127659575,
        "f1_abs": 0.8954671600370027,
        "accuracy": 0.9318181818181818,
        "support": 88
    },
    "f1_f1": 0.9249880554228379
}