{
    "boundary": {
        "precision": 1.0,
        "recall": 0.9468085106382979,
        "num_correct": 89,
        "num_predicted": 89,
        "num_true": 94,
        "FP": 0,
        "FN": 5,
        "f1": 0.9726775956284154
    },
    "boundary_strict": {
        "precision": 0.9887640449438202,
        "recall": 0.9361702127659575,
        "num_correct": 88,
        "num_predicted": 89,
        "num_true": 94,
        "FP": 1,
        "FN": 6,
        "f1": 0.9617486338797814
    },
    "classification": {
        "TP": 47,
        "TN": 41,
        "FP": 1,
        "FN": 0,
        "spesificity": 0.9761904761904762,
        "fp_rate": 0.023809523809523836,
        "fn_rate": 0.0,
        "g_mean": 0.9880235200593537,
        "precision": 0.9791666666666666,
        "recall": 1.0,
        "f1": 0.9894736842105263,
        "f1_abs": 0.9624388840954846,
        "accuracy": 0.9887640449438202,
        "support": 89
    },
    "f1_f1": 0.9675311533235031
}