{
    "boundary": {
        "precision": 0.6923076923076923,
        "recall": 0.45,
        "num_correct": 27,
        "num_predicted": 39,
        "num_true": 60,
        "FP": 12,
        "FN": 33,
        "f1": 0.5454545454545455
    },
    "boundary_strict": {
        "precision": 0.6923076923076923,
        "recall": 0.45,
        "num_correct": 27,
        "num_predicted": 39,
        "num_true": 60,
        "FP": 12,
        "FN": 33,
        "f1": 0.5454545454545455
    },
    "classification": {
        "TP": 14,
        "TN": 13,
        "FP": 0,
        "FN": 0,
        "spesificity": 1.0,
        "fp_rate": 0.0,
        "fn_rate": 0.0,
        "g_mean": 1.0,
        "precision": 1.0,
        "recall": 1.0,
        "f1": 1.0,
        "f1_abs": 0.5454545454545455,
        "accuracy": 1.0,
        "support": 27
    },
    "f1_f1": 0.5454545454545455
}