{
    "boundary": {
        "precision": 0.945054945054945,
        "recall": 0.9148936170212766,
        "num_correct": 86,
        "num_predicted": 91,
        "num_true": 94,
        "FP": 5,
        "FN": 8,
        "f1": 0.9297297297297297
    },
    "boundary_strict": {
        "precision": 0.9230769230769231,
        "recall": 0.8936170212765957,
        "num_correct": 84,
        "num_predicted": 91,
        "num_true": 94,
        "FP": 7,
        "FN": 10,
        "f1": 0.908108108108108
    },
    "classification": {
        "TP": 44,
        "TN": 40,
        "FP": 2,
        "FN": 0,
        "spesificity": 0.9523809523809523,
        "fp_rate": 0.04761904761904767,
        "fn_rate": 0.0,
        "g_mean": 0.9759000729485332,
        "precision": 0.9565217391304348,
        "recall": 1.0,
        "f1": 0.9777777777777777,
        "f1_abs": 0.909069069069069,
        "accuracy": 0.9767441860465116,
        "support": 86
    },
    "f1_f1": 0.9192833282720922
}