{
    "boundary": {
        "precision": 0.9568106312292359,
        "recall": 0.8944099378881988,
        "num_correct": 288,
        "num_predicted": 301,
        "num_true": 322,
        "FP": 13,
        "FN": 34,
        "f1": 0.9245585874799359
    },
    "boundary_strict": {
        "precision": 0.9368770764119602,
        "recall": 0.8757763975155279,
        "num_correct": 282,
        "num_predicted": 301,
        "num_true": 322,
        "FP": 19,
        "FN": 40,
        "f1": 0.9052969502407705
    },
    "classification": {
        "TP": 183,
        "TN": 99,
        "FP": 3,
        "FN": 3,
        "spesificity": 0.9705882352941176,
        "fp_rate": 0.02941176470588236,
        "fn_rate": 0.016129032258064502,
        "g_mean": 0.9772070335081308,
        "precision": 0.9838709677419355,
        "recall": 0.9838709677419355,
        "f1": 0.9838709677419355,
        "f1_abs": 0.9096463521980015,
        "accuracy": 0.9791666666666666,
        "support": 288
    },
    "f1_f1": 0.9170418509963593
}