{
    "boundary": {
        "precision": 0.7435897435897436,
        "recall": 0.48333333333333334,
        "num_correct": 29,
        "num_predicted": 39,
        "num_true": 60,
        "FP": 10,
        "FN": 31,
        "f1": 0.5858585858585859
    },
    "boundary_strict": {
        "precision": 0.717948717948718,
        "recall": 0.4666666666666667,
        "num_correct": 28,
        "num_predicted": 39,
        "num_true": 60,
        "FP": 11,
        "FN": 32,
        "f1": 0.5656565656565657
    },
    "classification": {
        "TP": 12,
        "TN": 16,
        "FP": 1,
        "FN": 0,
        "spesificity": 0.9411764705882353,
        "fp_rate": 0.05882352941176472,
        "fn_rate": 0.0,
        "g_mean": 0.9701425001453319,
        "precision": 0.9230769230769231,
        "recall": 1.0,
        "f1": 0.96,
        "f1_abs": 0.5624242424242424,
        "accuracy": 0.9655172413793104,
        "support": 29
    },
    "f1_f1": 0.5739022881880025
}