{
    "boundary": {
        "precision": 0.3333333333333333,
        "recall": 0.030303030303030304,
        "num_correct": 1,
        "num_predicted": 3,
        "num_true": 33,
        "FP": 2,
        "FN": 32,
        "f1": 0.05555555555555555
    },
    "boundary_strict": {
        "precision": 0.3333333333333333,
        "recall": 0.030303030303030304,
        "num_correct": 1,
        "num_predicted": 3,
        "num_true": 33,
        "FP": 2,
        "FN": 32,
        "f1": 0.05555555555555555
    },
    "classification": {
        "TP": 0,
        "TN": 1,
        "FP": 0,
        "FN": 0,
        "spesificity": 1.0,
        "fp_rate": 0.0,
        "fn_rate": 1.0,
        "g_mean": 0.0,
        "precision": 0.0,
        "recall": 0.0,
        "f1": 0.0,
        "f1_abs": 0.0,
        "accuracy": 1.0,
        "support": 1
    },
    "f1_f1": 0.0
}