{
    "boundary": {
        "precision": 0.9875,
        "recall": 0.9813664596273292,
        "num_correct": 316,
        "num_predicted": 320,
        "num_true": 322,
        "FP": 4,
        "FN": 6,
        "f1": 0.9844236760124611
    },
    "boundary_strict": {
        "precision": 0.959375,
        "recall": 0.953416149068323,
        "num_correct": 307,
        "num_predicted": 320,
        "num_true": 322,
        "FP": 13,
        "FN": 15,
        "f1": 0.9563862928348908
    },
    "classification": {
        "TP": 201,
        "TN": 106,
        "FP": 6,
        "FN": 3,
        "spesificity": 0.9464285714285714,
        "fp_rate": 0.0535714285714286,
        "fn_rate": 0.014705882352941124,
        "g_mean": 0.9656658346455469,
        "precision": 0.9710144927536232,
        "recall": 0.9852941176470589,
        "f1": 0.9781021897810219,
        "f1_abs": 0.9628669531800714,
        "accuracy": 0.9715189873417721,
        "support": 316
    },
    "f1_f1": 0.9735259969422124
}