{
    "boundary": {
        "precision": 0.967741935483871,
        "recall": 0.9090909090909091,
        "num_correct": 30,
        "num_predicted": 31,
        "num_true": 33,
        "FP": 1,
        "FN": 3,
        "f1": 0.9374999999999999
    },
    "boundary_strict": {
        "precision": 0.8709677419354839,
        "recall": 0.8181818181818182,
        "num_correct": 27,
        "num_predicted": 31,
        "num_true": 33,
        "FP": 4,
        "FN": 6,
        "f1": 0.84375
    },
    "classification": {
        "TP": 11,
        "TN": 16,
        "FP": 0,
        "FN": 3,
        "spesificity": 1.0,
        "fp_rate": 0.0,
        "fn_rate": 0.2142857142857143,
        "g_mean": 0.8864052604279183,
        "precision": 1.0,
        "recall": 0.7857142857142857,
        "f1": 0.88,
        "f1_abs": 0.825,
        "accuracy": 0.9,
        "support": 30
    },
    "f1_f1": 0.8776595744680851
}