{
    "boundary": {
        "precision": 0.9574468085106383,
        "recall": 0.9782608695652174,
        "num_correct": 45,
        "num_predicted": 47,
        "num_true": 46,
        "FP": 2,
        "FN": 1,
        "f1": 0.967741935483871
    },
    "boundary_strict": {
        "precision": 0.851063829787234,
        "recall": 0.8695652173913043,
        "num_correct": 40,
        "num_predicted": 47,
        "num_true": 46,
        "FP": 7,
        "FN": 6,
        "f1": 0.8602150537634409
    },
    "classification": {
        "TP": 34,
        "TN": 6,
        "FP": 4,
        "FN": 1,
        "spesificity": 0.6,
        "fp_rate": 0.4,
        "fn_rate": 0.02857142857142858,
        "g_mean": 0.7634508123364221,
        "precision": 0.8947368421052632,
        "recall": 0.9714285714285714,
        "f1": 0.9315068493150684,
        "f1_abs": 0.901458241272647,
        "accuracy": 0.8888888888888888,
        "support": 45
    },
    "f1_f1": 0.9334248455730955
}