{
    "boundary": {
        "precision": 0.9649122807017544,
        "recall": 0.9166666666666666,
        "num_correct": 55,
        "num_predicted": 57,
        "num_true": 60,
        "FP": 2,
        "FN": 5,
        "f1": 0.9401709401709402
    },
    "boundary_strict": {
        "precision": 0.9298245614035088,
        "recall": 0.8833333333333333,
        "num_correct": 53,
        "num_predicted": 57,
        "num_true": 60,
        "FP": 4,
        "FN": 7,
        "f1": 0.905982905982906
    },
    "classification": {
        "TP": 28,
        "TN": 25,
        "FP": 0,
        "FN": 2,
        "spesificity": 1.0,
        "fp_rate": 0.0,
        "fn_rate": 0.06666666666666665,
        "g_mean": 0.9660917830792959,
        "precision": 1.0,
        "recall": 0.9333333333333333,
        "f1": 0.9655172413793104,
        "f1_abs": 0.9077512525788388,
        "accuracy": 0.9636363636363636,
        "support": 55
    },
    "f1_f1": 0.9236767131503975
}