{
    "boundary": {
        "precision": 0.956989247311828,
        "recall": 0.9468085106382979,
        "num_correct": 89,
        "num_predicted": 93,
        "num_true": 94,
        "FP": 4,
        "FN": 5,
        "f1": 0.9518716577540107
    },
    "boundary_strict": {
        "precision": 0.9032258064516129,
        "recall": 0.8936170212765957,
        "num_correct": 84,
        "num_predicted": 93,
        "num_true": 94,
        "FP": 9,
        "FN": 10,
        "f1": 0.8983957219251337
    },
    "classification": {
        "TP": 43,
        "TN": 41,
        "FP": 4,
        "FN": 1,
        "spesificity": 0.9111111111111111,
        "fp_rate": 0.0888888888888889,
        "fn_rate": 0.022727272727272707,
        "g_mean": 0.9436122298932123,
        "precision": 0.9148936170212766,
        "recall": 0.9772727272727273,
        "f1": 0.945054945054945,
        "f1_abs": 0.8995710172180761,
        "accuracy": 0.9438202247191011,
        "support": 89
    },
    "f1_f1": 0.9249826278739539
}