{
    "boundary": {
        "precision": 0.9361702127659575,
        "recall": 0.9565217391304348,
        "num_correct": 44,
        "num_predicted": 47,
        "num_true": 46,
        "FP": 3,
        "FN": 2,
        "f1": 0.9462365591397849
    },
    "boundary_strict": {
        "precision": 0.8085106382978723,
        "recall": 0.8260869565217391,
        "num_correct": 38,
        "num_predicted": 47,
        "num_true": 46,
        "FP": 9,
        "FN": 8,
        "f1": 0.8172043010752688
    },
    "classification": {
        "TP": 34,
        "TN": 4,
        "FP": 5,
        "FN": 1,
        "spesificity": 0.4444444444444444,
        "fp_rate": 0.5555555555555556,
        "fn_rate": 0.02857142857142858,
        "g_mean": 0.6570738404061082,
        "precision": 0.8717948717948718,
        "recall": 0.9714285714285714,
        "f1": 0.9189189189189189,
        "f1_abs": 0.8695146759662887,
        "accuracy": 0.8636363636363636,
        "support": 44
    },
    "f1_f1": 0.9062547326972588
}