{
    "boundary": {
        "precision": 1.0,
        "recall": 0.8695652173913043,
        "num_correct": 40,
        "num_predicted": 40,
        "num_true": 46,
        "FP": 0,
        "FN": 6,
        "f1": 0.9302325581395349
    },
    "boundary_strict": {
        "precision": 0.95,
        "recall": 0.8260869565217391,
        "num_correct": 38,
        "num_predicted": 40,
        "num_true": 46,
        "FP": 2,
        "FN": 8,
        "f1": 0.8837209302325583
    },
    "classification": {
        "TP": 32,
        "TN": 6,
        "FP": 2,
        "FN": 0,
        "spesificity": 0.75,
        "fp_rate": 0.25,
        "fn_rate": 0.0,
        "g_mean": 0.8660254037844386,
        "precision": 0.9411764705882353,
        "recall": 1.0,
        "f1": 0.9696969696969697,
        "f1_abs": 0.9020436927413672,
        "accuracy": 0.95,
        "support": 40
    },
    "f1_f1": 0.9159212880143113
}