{
    "boundary": {
        "precision": 0.9842271293375394,
        "recall": 0.968944099378882,
        "num_correct": 312,
        "num_predicted": 317,
        "num_true": 322,
        "FP": 5,
        "FN": 10,
        "f1": 0.976525821596244
    },
    "boundary_strict": {
        "precision": 0.9526813880126183,
        "recall": 0.937888198757764,
        "num_correct": 302,
        "num_predicted": 317,
        "num_true": 322,
        "FP": 15,
        "FN": 20,
        "f1": 0.945226917057903
    },
    "classification": {
        "TP": 198,
        "TN": 104,
        "FP": 7,
        "FN": 3,
        "spesificity": 0.9369369369369369,
        "fp_rate": 0.06306306306306309,
        "fn_rate": 0.014925373134328401,
        "g_mean": 0.9607043268091481,
        "precision": 0.9658536585365853,
        "recall": 0.9850746268656716,
        "f1": 0.9753694581280788,
        "f1_abs": 0.9524734614584055,
        "accuracy": 0.967948717948718,
        "support": 312
    },
    "f1_f1": 0.9643496891573881
}