{
    "boundary": {
        "precision": 0.7,
        "recall": 0.45652173913043476,
        "num_correct": 21,
        "num_predicted": 30,
        "num_true": 46,
        "FP": 9,
        "FN": 25,
        "f1": 0.5526315789473684
    },
    "boundary_strict": {
        "precision": 0.6666666666666666,
        "recall": 0.43478260869565216,
        "num_correct": 20,
        "num_predicted": 30,
        "num_true": 46,
        "FP": 10,
        "FN": 26,
        "f1": 0.5263157894736841
    },
    "classification": {
        "TP": 18,
        "TN": 2,
        "FP": 1,
        "FN": 0,
        "spesificity": 0.6666666666666666,
        "fp_rate": 0.33333333333333337,
        "fn_rate": 0.0,
        "g_mean": 0.816496580927726,
        "precision": 0.9473684210526315,
        "recall": 1.0,
        "f1": 0.972972972972973,
        "f1_abs": 0.5376955903271693,
        "accuracy": 0.9523809523809523,
        "support": 21
    },
    "f1_f1": 0.5450612833453496
}