{
    "boundary": {
        "precision": 0.8108108108108109,
        "recall": 0.5,
        "num_correct": 30,
        "num_predicted": 37,
        "num_true": 60,
        "FP": 7,
        "FN": 30,
        "f1": 0.6185567010309277
    },
    "boundary_strict": {
        "precision": 0.7837837837837838,
        "recall": 0.48333333333333334,
        "num_correct": 29,
        "num_predicted": 37,
        "num_true": 60,
        "FP": 8,
        "FN": 31,
        "f1": 0.5979381443298969
    },
    "classification": {
        "TP": 18,
        "TN": 11,
        "FP": 0,
        "FN": 1,
        "spesificity": 1.0,
        "fp_rate": 0.0,
        "fn_rate": 0.052631578947368474,
        "g_mean": 0.9733285267845752,
        "precision": 1.0,
        "recall": 0.9473684210526315,
        "f1": 0.972972972972973,
        "f1_abs": 0.6018389523544162,
        "accuracy": 0.9666666666666667,
        "support": 30
    },
    "f1_f1": 0.6100833215647506
}