{
    "boundary": {
        "precision": 0.5625,
        "recall": 0.391304347826087,
        "num_correct": 18,
        "num_predicted": 32,
        "num_true": 46,
        "FP": 14,
        "FN": 28,
        "f1": 0.46153846153846156
    },
    "boundary_strict": {
        "precision": 0.5,
        "recall": 0.34782608695652173,
        "num_correct": 16,
        "num_predicted": 32,
        "num_true": 46,
        "FP": 16,
        "FN": 30,
        "f1": 0.41025641025641024
    },
    "classification": {
        "TP": 14,
        "TN": 2,
        "FP": 2,
        "FN": 0,
        "spesificity": 0.5,
        "fp_rate": 0.5,
        "fn_rate": 0.0,
        "g_mean": 0.7071067811865476,
        "precision": 0.875,
        "recall": 1.0,
        "f1": 0.9333333333333333,
        "f1_abs": 0.4307692307692308,
        "accuracy": 0.8888888888888888,
        "support": 18
    },
    "f1_f1": 0.44562334217506633
}