{
    "boundary": {
        "precision": 0.8536585365853658,
        "recall": 0.7608695652173914,
        "num_correct": 35,
        "num_predicted": 41,
        "num_true": 46,
        "FP": 6,
        "FN": 11,
        "f1": 0.8045977011494252
    },
    "boundary_strict": {
        "precision": 0.7804878048780488,
        "recall": 0.6956521739130435,
        "num_correct": 32,
        "num_predicted": 41,
        "num_true": 46,
        "FP": 9,
        "FN": 14,
        "f1": 0.7356321839080461
    },
    "classification": {
        "TP": 27,
        "TN": 5,
        "FP": 2,
        "FN": 1,
        "spesificity": 0.7142857142857143,
        "fp_rate": 0.2857142857142857,
        "fn_rate": 0.0357142857142857,
        "g_mean": 0.8299250027587323,
        "precision": 0.9310344827586207,
        "recall": 0.9642857142857143,
        "f1": 0.9473684210526315,
        "f1_abs": 0.762250453720508,
        "accuracy": 0.9142857142857143,
        "support": 35
    },
    "f1_f1": 0.782851817334576
}