{
    "boundary": {
        "precision": 0.7666666666666667,
        "recall": 0.5,
        "num_correct": 23,
        "num_predicted": 30,
        "num_true": 46,
        "FP": 7,
        "FN": 23,
        "f1": 0.605263157894737
    },
    "boundary_strict": {
        "precision": 0.7333333333333333,
        "recall": 0.4782608695652174,
        "num_correct": 22,
        "num_predicted": 30,
        "num_true": 46,
        "FP": 8,
        "FN": 24,
        "f1": 0.5789473684210527
    },
    "classification": {
        "TP": 20,
        "TN": 2,
        "FP": 1,
        "FN": 0,
        "spesificity": 0.6666666666666666,
        "fp_rate": 0.33333333333333337,
        "fn_rate": 0.0,
        "g_mean": 0.816496580927726,
        "precision": 0.9523809523809523,
        "recall": 1.0,
        "f1": 0.975609756097561,
        "f1_abs": 0.5905006418485238,
        "accuracy": 0.9565217391304348,
        "support": 23
    },
    "f1_f1": 0.5977907732293697
}