{
    "boundary": {
        "precision": 0.9933554817275747,
        "recall": 0.9739413680781759,
        "num_correct": 299,
        "num_predicted": 301,
        "num_true": 307,
        "FP": 2,
        "FN": 8,
        "f1": 0.9835526315789473
    },
    "boundary_strict": {
        "precision": 0.9501661129568106,
        "recall": 0.9315960912052117,
        "num_correct": 286,
        "num_predicted": 301,
        "num_true": 307,
        "FP": 15,
        "FN": 21,
        "f1": 0.9407894736842105
    },
    "classification": {
        "TP": 194,
        "TN": 92,
        "FP": 8,
        "FN": 5,
        "spesificity": 0.92,
        "fp_rate": 0.07999999999999996,
        "fn_rate": 0.025125628140703515,
        "g_mean": 0.9470398207628615,
        "precision": 0.9603960396039604,
        "recall": 0.9748743718592965,
        "f1": 0.967581047381546,
        "f1_abs": 0.9516668854180338,
        "accuracy": 0.9565217391304348,
        "support": 299
    },
    "f1_f1": 0.9673470749116135
}