{
    "boundary": {
        "precision": 0.9310344827586207,
        "recall": 0.8181818181818182,
        "num_correct": 27,
        "num_predicted": 29,
        "num_true": 33,
        "FP": 2,
        "FN": 6,
        "f1": 0.8709677419354839
    },
    "boundary_strict": {
        "precision": 0.8620689655172413,
        "recall": 0.7575757575757576,
        "num_correct": 25,
        "num_predicted": 29,
        "num_true": 33,
        "FP": 4,
        "FN": 8,
        "f1": 0.8064516129032258
    },
    "classification": {
        "TP": 12,
        "TN": 13,
        "FP": 1,
        "FN": 1,
        "spesificity": 0.9285714285714286,
        "fp_rate": 0.0714285714285714,
        "fn_rate": 0.07692307692307687,
        "g_mean": 0.9258200997725515,
        "precision": 0.9230769230769231,
        "recall": 0.9230769230769231,
        "f1": 0.9230769230769231,
        "f1_abs": 0.8039702233250621,
        "accuracy": 0.9259259259259259,
        "support": 27
    },
    "f1_f1": 0.8361290322580646
}