{
    "boundary": {
        "precision": 0.8901098901098901,
        "recall": 0.8617021276595744,
        "num_correct": 81,
        "num_predicted": 91,
        "num_true": 94,
        "FP": 10,
        "FN": 13,
        "f1": 0.8756756756756756
    },
    "boundary_strict": {
        "precision": 0.8681318681318682,
        "recall": 0.8404255319148937,
        "num_correct": 79,
        "num_predicted": 91,
        "num_true": 94,
        "FP": 12,
        "FN": 15,
        "f1": 0.8540540540540541
    },
    "classification": {
        "TP": 40,
        "TN": 39,
        "FP": 2,
        "FN": 0,
        "spesificity": 0.9512195121951219,
        "fp_rate": 0.04878048780487809,
        "fn_rate": 0.0,
        "g_mean": 0.9753048303966929,
        "precision": 0.9523809523809523,
        "recall": 1.0,
        "f1": 0.975609756097561,
        "f1_abs": 0.8543177323665128,
        "accuracy": 0.9753086419753086,
        "support": 81
    },
    "f1_f1": 0.8648648648648648
}