{
    "boundary": {
        "precision": 0.8285714285714286,
        "recall": 0.6304347826086957,
        "num_correct": 29,
        "num_predicted": 35,
        "num_true": 46,
        "FP": 6,
        "FN": 17,
        "f1": 0.7160493827160495
    },
    "boundary_strict": {
        "precision": 0.8,
        "recall": 0.6086956521739131,
        "num_correct": 28,
        "num_predicted": 35,
        "num_true": 46,
        "FP": 7,
        "FN": 18,
        "f1": 0.6913580246913581
    },
    "classification": {
        "TP": 23,
        "TN": 5,
        "FP": 1,
        "FN": 0,
        "spesificity": 0.8333333333333334,
        "fp_rate": 0.16666666666666663,
        "fn_rate": 0.0,
        "g_mean": 0.9128709291752769,
        "precision": 0.9583333333333334,
        "recall": 1.0,
        "f1": 0.9787234042553191,
        "f1_abs": 0.7008142894667718,
        "accuracy": 0.9655172413793104,
        "support": 29
    },
    "f1_f1": 0.70834992698792
}