{
    "boundary": {
        "precision": 1.0,
        "recall": 0.9347826086956522,
        "num_correct": 43,
        "num_predicted": 43,
        "num_true": 46,
        "FP": 0,
        "FN": 3,
        "f1": 0.9662921348314606
    },
    "boundary_strict": {
        "precision": 0.8604651162790697,
        "recall": 0.8043478260869565,
        "num_correct": 37,
        "num_predicted": 43,
        "num_true": 46,
        "FP": 6,
        "FN": 9,
        "f1": 0.8314606741573034
    },
    "classification": {
        "TP": 34,
        "TN": 3,
        "FP": 5,
        "FN": 1,
        "spesificity": 0.375,
        "fp_rate": 0.625,
        "fn_rate": 0.02857142857142858,
        "g_mean": 0.6035608621222174,
        "precision": 0.8717948717948718,
        "recall": 0.9714285714285714,
        "f1": 0.918918918918919,
        "f1_abs": 0.8879441238991801,
        "accuracy": 0.8604651162790697,
        "support": 43
    },
    "f1_f1": 0.9254628896977369
}