{
    "boundary": {
        "precision": 0.8333333333333334,
        "recall": 0.5,
        "num_correct": 30,
        "num_predicted": 36,
        "num_true": 60,
        "FP": 6,
        "FN": 30,
        "f1": 0.625
    },
    "boundary_strict": {
        "precision": 0.8055555555555556,
        "recall": 0.48333333333333334,
        "num_correct": 29,
        "num_predicted": 36,
        "num_true": 60,
        "FP": 7,
        "FN": 31,
        "f1": 0.6041666666666667
    },
    "classification": {
        "TP": 16,
        "TN": 13,
        "FP": 1,
        "FN": 0,
        "spesificity": 0.9285714285714286,
        "fp_rate": 0.0714285714285714,
        "fn_rate": 0.0,
        "g_mean": 0.9636241116594315,
        "precision": 0.9411764705882353,
        "recall": 1.0,
        "f1": 0.9696969696969697,
        "f1_abs": 0.6060606060606061,
        "accuracy": 0.9666666666666667,
        "support": 30
    },
    "f1_f1": 0.6153846153846154
}