{
    "boundary": {
        "precision": 0.7142857142857143,
        "recall": 0.43478260869565216,
        "num_correct": 20,
        "num_predicted": 28,
        "num_true": 46,
        "FP": 8,
        "FN": 26,
        "f1": 0.5405405405405405
    },
    "boundary_strict": {
        "precision": 0.6785714285714286,
        "recall": 0.41304347826086957,
        "num_correct": 19,
        "num_predicted": 28,
        "num_true": 46,
        "FP": 9,
        "FN": 27,
        "f1": 0.5135135135135135
    },
    "classification": {
        "TP": 17,
        "TN": 2,
        "FP": 0,
        "FN": 1,
        "spesificity": 1.0,
        "fp_rate": 0.0,
        "fn_rate": 0.05555555555555558,
        "g_mean": 0.97182531580755,
        "precision": 1.0,
        "recall": 0.9444444444444444,
        "f1": 0.9714285714285714,
        "f1_abs": 0.525096525096525,
        "accuracy": 0.95,
        "support": 20
    },
    "f1_f1": 0.5327066196631413
}