{
    "boundary": {
        "precision": 0.5238095238095238,
        "recall": 0.2391304347826087,
        "num_correct": 11,
        "num_predicted": 21,
        "num_true": 46,
        "FP": 10,
        "FN": 35,
        "f1": 0.32835820895522383
    },
    "boundary_strict": {
        "precision": 0.5238095238095238,
        "recall": 0.2391304347826087,
        "num_correct": 11,
        "num_predicted": 21,
        "num_true": 46,
        "FP": 10,
        "FN": 35,
        "f1": 0.32835820895522383
    },
    "classification": {
        "TP": 11,
        "TN": 0,
        "FP": 0,
        "FN": 0,
        "spesificity": 0,
        "fp_rate": 1,
        "fn_rate": 0.0,
        "g_mean": 0.0,
        "precision": 1.0,
        "recall": 1.0,
        "f1": 1.0,
        "f1_abs": 0.32835820895522383,
        "accuracy": 1.0,
        "support": 11
    },
    "f1_f1": 0.32835820895522383
}