{
    "boundary": {
        "precision": 0.9047619047619048,
        "recall": 0.8260869565217391,
        "num_correct": 38,
        "num_predicted": 42,
        "num_true": 46,
        "FP": 4,
        "FN": 8,
        "f1": 0.8636363636363636
    },
    "boundary_strict": {
        "precision": 0.8571428571428571,
        "recall": 0.782608695652174,
        "num_correct": 36,
        "num_predicted": 42,
        "num_true": 46,
        "FP": 6,
        "FN": 10,
        "f1": 0.8181818181818182
    },
    "classification": {
        "TP": 29,
        "TN": 7,
        "FP": 1,
        "FN": 1,
        "spesificity": 0.875,
        "fp_rate": 0.125,
        "fn_rate": 0.033333333333333326,
        "g_mean": 0.9196919774214263,
        "precision": 0.9666666666666667,
        "recall": 0.9666666666666667,
        "f1": 0.9666666666666667,
        "f1_abs": 0.8348484848484848,
        "accuracy": 0.9473684210526315,
        "support": 38
    },
    "f1_f1": 0.8489984591679507
}