{
    "boundary": {
        "precision": 0.6538461538461539,
        "recall": 0.3695652173913043,
        "num_correct": 17,
        "num_predicted": 26,
        "num_true": 46,
        "FP": 9,
        "FN": 29,
        "f1": 0.4722222222222222
    },
    "classification": {
        "TP": 15.0,
        "TN": 0.0,
        "FP": 1.0,
        "FN": 1.0,
        "spesificity": 0.0,
        "fp_rate": 1.0,
        "fn_rate": 0.0625,
        "g_mean": 0.0,
        "precision": 0.9375,
        "recall": 0.9375,
        "f1": 0.9375,
        "f1_abs": 0.4427083333333333,
        "accuracy": 0.8823529411764706,
        "support": 17
    },
    "f1_f1": 0.4569892473118279
}