{
    "boundary": {
        "precision": 0.6216216216216216,
        "recall": 0.24468085106382978,
        "num_correct": 23,
        "num_predicted": 37,
        "num_true": 94,
        "FP": 14,
        "FN": 71,
        "f1": 0.3511450381679389
    },
    "boundary_strict": {
        "precision": 0.5945945945945946,
        "recall": 0.23404255319148937,
        "num_correct": 22,
        "num_predicted": 37,
        "num_true": 94,
        "FP": 15,
        "FN": 72,
        "f1": 0.33587786259541985
    },
    "classification": {
        "TP": 12,
        "TN": 10,
        "FP": 1,
        "FN": 0,
        "spesificity": 0.9090909090909091,
        "fp_rate": 0.09090909090909094,
        "fn_rate": 0.0,
        "g_mean": 0.9534625892455924,
        "precision": 0.9230769230769231,
        "recall": 1.0,
        "f1": 0.96,
        "f1_abs": 0.3370992366412213,
        "accuracy": 0.9565217391304348,
        "support": 23
    },
    "f1_f1": 0.3439788128992055
}