{
    "boundary": {
        "precision": 0.1,
        "recall": 0.030303030303030304,
        "num_correct": 1,
        "num_predicted": 10,
        "num_true": 33,
        "FP": 9,
        "FN": 32,
        "f1": 0.04651162790697675
    },
    "boundary_strict": {
        "precision": 0.1,
        "recall": 0.030303030303030304,
        "num_correct": 1,
        "num_predicted": 10,
        "num_true": 33,
        "FP": 9,
        "FN": 32,
        "f1": 0.04651162790697675
    },
    "classification": {
        "TP": 1,
        "TN": 0,
        "FP": 0,
        "FN": 0,
        "spesificity": 0,
        "fp_rate": 1,
        "fn_rate": 0.0,
        "g_mean": 0.0,
        "precision": 1.0,
        "recall": 1.0,
        "f1": 1.0,
        "f1_abs": 0.04651162790697675,
        "accuracy": 1.0,
        "support": 1
    },
    "f1_f1": 0.04651162790697675
}