{
    "boundary": {
        "precision": 0.75,
        "recall": 0.6,
        "num_correct": 36,
        "num_predicted": 48,
        "num_true": 60,
        "FP": 12,
        "FN": 24,
        "f1": 0.6666666666666665
    },
    "boundary_strict": {
        "precision": 0.75,
        "recall": 0.6,
        "num_correct": 36,
        "num_predicted": 48,
        "num_true": 60,
        "FP": 12,
        "FN": 24,
        "f1": 0.6666666666666665
    },
    "classification": {
        "TP": 18,
        "TN": 18,
        "FP": 0,
        "FN": 0,
        "spesificity": 1.0,
        "fp_rate": 0.0,
        "fn_rate": 0.0,
        "g_mean": 1.0,
        "precision": 1.0,
        "recall": 1.0,
        "f1": 1.0,
        "f1_abs": 0.6666666666666665,
        "accuracy": 1.0,
        "support": 36
    },
    "f1_f1": 0.6666666666666665
}