{
    "boundary": {
        "precision": 0.9649122807017544,
        "recall": 0.9166666666666666,
        "num_correct": 55,
        "num_predicted": 57,
        "num_true": 60,
        "FP": 2,
        "FN": 5,
        "f1": 0.9401709401709402
    },
    "boundary_strict": {
        "precision": 0.9473684210526315,
        "recall": 0.9,
        "num_correct": 54,
        "num_predicted": 57,
        "num_true": 60,
        "FP": 3,
        "FN": 6,
        "f1": 0.9230769230769231
    },
    "classification": {
        "TP": 30,
        "TN": 24,
        "FP": 0,
        "FN": 1,
        "spesificity": 1.0,
        "fp_rate": 0.0,
        "fn_rate": 0.032258064516129004,
        "g_mean": 0.9837387536759294,
        "precision": 1.0,
        "recall": 0.967741935483871,
        "f1": 0.9836065573770492,
        "f1_abs": 0.9247583018074821,
        "accuracy": 0.9818181818181818,
        "support": 55
    },
    "f1_f1": 0.9324009324009324
}