{
    "boundary": {
        "precision": 0.9612903225806452,
        "recall": 0.9254658385093167,
        "num_correct": 298,
        "num_predicted": 310,
        "num_true": 322,
        "FP": 12,
        "FN": 24,
        "f1": 0.9430379746835442
    },
    "boundary_strict": {
        "precision": 0.9,
        "recall": 0.8664596273291926,
        "num_correct": 279,
        "num_predicted": 310,
        "num_true": 322,
        "FP": 31,
        "FN": 43,
        "f1": 0.8829113924050633
    },
    "classification": {
        "TP": 185,
        "TN": 94,
        "FP": 11,
        "FN": 8,
        "spesificity": 0.8952380952380953,
        "fp_rate": 0.10476190476190472,
        "fn_rate": 0.041450777202072575,
        "g_mean": 0.926352945917253,
        "precision": 0.9438775510204082,
        "recall": 0.9585492227979274,
        "f1": 0.9511568123393316,
        "f1_abs": 0.8969769939149392,
        "accuracy": 0.9362416107382551,
        "support": 298
    },
    "f1_f1": 0.919430963459582
}