{
    "boundary": {
        "precision": 0.977491961414791,
        "recall": 0.9440993788819876,
        "num_correct": 304,
        "num_predicted": 311,
        "num_true": 322,
        "FP": 7,
        "FN": 18,
        "f1": 0.9605055292259084
    },
    "boundary_strict": {
        "precision": 0.9131832797427653,
        "recall": 0.8819875776397516,
        "num_correct": 284,
        "num_predicted": 311,
        "num_true": 322,
        "FP": 27,
        "FN": 38,
        "f1": 0.8973143759873617
    },
    "classification": {
        "TP": 189,
        "TN": 95,
        "FP": 7,
        "FN": 13,
        "spesificity": 0.9313725490196079,
        "fp_rate": 0.06862745098039214,
        "fn_rate": 0.0643564356435643,
        "g_mean": 0.933505614074412,
        "precision": 0.9642857142857143,
        "recall": 0.9356435643564357,
        "f1": 0.949748743718593,
        "f1_abs": 0.9122389197170687,
        "accuracy": 0.9342105263157895,
        "support": 304
    },
    "f1_f1": 0.9357502320809107
}