{
    "boundary": {
        "precision": 0.75,
        "recall": 0.5869565217391305,
        "num_correct": 27,
        "num_predicted": 36,
        "num_true": 46,
        "FP": 9,
        "FN": 19,
        "f1": 0.6585365853658538
    },
    "boundary_strict": {
        "precision": 0.6944444444444444,
        "recall": 0.5434782608695652,
        "num_correct": 25,
        "num_predicted": 36,
        "num_true": 46,
        "FP": 11,
        "FN": 21,
        "f1": 0.6097560975609756
    },
    "classification": {
        "TP": 20,
        "TN": 5,
        "FP": 2,
        "FN": 0,
        "spesificity": 0.7142857142857143,
        "fp_rate": 0.2857142857142857,
        "fn_rate": 0.0,
        "g_mean": 0.8451542547285166,
        "precision": 0.9090909090909091,
        "recall": 1.0,
        "f1": 0.9523809523809523,
        "f1_abs": 0.6271777003484321,
        "accuracy": 0.9259259259259259,
        "support": 27
    },
    "f1_f1": 0.6424747174301012
}