{
    "boundary": {
        "precision": 0.6944444444444444,
        "recall": 0.5434782608695652,
        "num_correct": 25,
        "num_predicted": 36,
        "num_true": 46,
        "FP": 11,
        "FN": 21,
        "f1": 0.6097560975609756
    },
    "boundary_strict": {
        "precision": 0.6388888888888888,
        "recall": 0.5,
        "num_correct": 23,
        "num_predicted": 36,
        "num_true": 46,
        "FP": 13,
        "FN": 23,
        "f1": 0.5609756097560975
    },
    "classification": {
        "TP": 21,
        "TN": 2,
        "FP": 2,
        "FN": 0,
        "spesificity": 0.5,
        "fp_rate": 0.5,
        "fn_rate": 0.0,
        "g_mean": 0.7071067811865476,
        "precision": 0.9130434782608695,
        "recall": 1.0,
        "f1": 0.9545454545454546,
        "f1_abs": 0.582039911308204,
        "accuracy": 0.92,
        "support": 25
    },
    "f1_f1": 0.5955757231990924
}