{
    "boundary": {
        "precision": 0.9318181818181818,
        "recall": 0.8913043478260869,
        "num_correct": 41,
        "num_predicted": 44,
        "num_true": 46,
        "FP": 3,
        "FN": 5,
        "f1": 0.9111111111111111
    },
    "boundary_strict": {
        "precision": 0.8636363636363636,
        "recall": 0.8260869565217391,
        "num_correct": 38,
        "num_predicted": 44,
        "num_true": 46,
        "FP": 6,
        "FN": 8,
        "f1": 0.8444444444444444
    },
    "classification": {
        "TP": 33,
        "TN": 5,
        "FP": 2,
        "FN": 1,
        "spesificity": 0.7142857142857143,
        "fp_rate": 0.2857142857142857,
        "fn_rate": 0.02941176470588236,
        "g_mean": 0.8326327587384307,
        "precision": 0.9428571428571428,
        "recall": 0.9705882352941176,
        "f1": 0.9565217391304348,
        "f1_abs": 0.8714975845410629,
        "accuracy": 0.926829268292683,
        "support": 41
    },
    "f1_f1": 0.8908641975308642
}