{
    "boundary": {
        "precision": 1.0,
        "recall": 0.925531914893617,
        "num_correct": 87,
        "num_predicted": 87,
        "num_true": 94,
        "FP": 0,
        "FN": 7,
        "f1": 0.9613259668508287
    },
    "boundary_strict": {
        "precision": 1.0,
        "recall": 0.925531914893617,
        "num_correct": 87,
        "num_predicted": 87,
        "num_true": 94,
        "FP": 0,
        "FN": 7,
        "f1": 0.9613259668508287
    },
    "classification": {
        "TP": 46,
        "TN": 41,
        "FP": 0,
        "FN": 0,
        "spesificity": 1.0,
        "fp_rate": 0.0,
        "fn_rate": 0.0,
        "g_mean": 1.0,
        "precision": 1.0,
        "recall": 1.0,
        "f1": 1.0,
        "f1_abs": 0.9613259668508287,
        "accuracy": 1.0,
        "support": 87
    },
    "f1_f1": 0.9613259668508287
}