{
    "boundary": {
        "precision": 0.8941176470588236,
        "recall": 0.8085106382978723,
        "num_correct": 76,
        "num_predicted": 85,
        "num_true": 94,
        "FP": 9,
        "FN": 18,
        "f1": 0.8491620111731844
    },
    "boundary_strict": {
        "precision": 0.8823529411764706,
        "recall": 0.7978723404255319,
        "num_correct": 75,
        "num_predicted": 85,
        "num_true": 94,
        "FP": 10,
        "FN": 19,
        "f1": 0.8379888268156425
    },
    "classification": {
        "TP": 38,
        "TN": 37,
        "FP": 1,
        "FN": 0,
        "spesificity": 0.9736842105263158,
        "fp_rate": 0.02631578947368418,
        "fn_rate": 0.0,
        "g_mean": 0.9867543820659302,
        "precision": 0.9743589743589743,
        "recall": 1.0,
        "f1": 0.987012987012987,
        "f1_abs": 0.8381339331060002,
        "accuracy": 0.9868421052631579,
        "support": 76
    },
    "f1_f1": 0.8436119326687845
}