{
    "boundary": {
        "precision": 0.9425675675675675,
        "recall": 0.8971061093247589,
        "num_correct": 279,
        "num_predicted": 296,
        "num_true": 311,
        "FP": 17,
        "FN": 32,
        "f1": 0.9192751235584843
    },
    "classification": {
        "TP": 182.0,
        "TN": 83.0,
        "FP": 10.0,
        "FN": 4.0,
        "spesificity": 0.8924731182795699,
        "fp_rate": 0.10752688172043012,
        "fn_rate": 0.021505376344086002,
        "g_mean": 0.9344945949517246,
        "precision": 0.9479166666666666,
        "recall": 0.978494623655914,
        "f1": 0.962962962962963,
        "f1_abs": 0.885227896760022,
        "accuracy": 0.9498207885304659,
        "support": 279
    },
    "f1_f1": 0.9019303099064374
}