{
    "boundary": {
        "precision": 0.9606557377049181,
        "recall": 0.9099378881987578,
        "num_correct": 293,
        "num_predicted": 305,
        "num_true": 322,
        "FP": 12,
        "FN": 29,
        "f1": 0.934609250398724
    },
    "boundary_strict": {
        "precision": 0.9344262295081968,
        "recall": 0.8850931677018633,
        "num_correct": 285,
        "num_predicted": 305,
        "num_true": 322,
        "FP": 20,
        "FN": 37,
        "f1": 0.9090909090909092
    },
    "classification": {
        "TP": 186,
        "TN": 99,
        "FP": 4,
        "FN": 4,
        "spesificity": 0.9611650485436893,
        "fp_rate": 0.03883495145631066,
        "fn_rate": 0.021052631578947323,
        "g_mean": 0.970015461160356,
        "precision": 0.9789473684210527,
        "recall": 0.9789473684210527,
        "f1": 0.9789473684210527,
        "f1_abs": 0.9149332661798035,
        "accuracy": 0.9726962457337884,
        "support": 293
    },
    "f1_f1": 0.9246665987987376
}