{
    "boundary": {
        "precision": 0.9837662337662337,
        "recall": 0.9409937888198758,
        "num_correct": 303,
        "num_predicted": 308,
        "num_true": 322,
        "FP": 5,
        "FN": 19,
        "f1": 0.9619047619047619
    },
    "boundary_strict": {
        "precision": 0.948051948051948,
        "recall": 0.906832298136646,
        "num_correct": 292,
        "num_predicted": 308,
        "num_true": 322,
        "FP": 16,
        "FN": 30,
        "f1": 0.926984126984127
    },
    "classification": {
        "TP": 193,
        "TN": 99,
        "FP": 6,
        "FN": 5,
        "spesificity": 0.9428571428571428,
        "fp_rate": 0.05714285714285716,
        "fn_rate": 0.025252525252525304,
        "g_mean": 0.9586697132212006,
        "precision": 0.9698492462311558,
        "recall": 0.9747474747474747,
        "f1": 0.9722921914357683,
        "f1_abs": 0.9352524889048819,
        "accuracy": 0.9636963696369637,
        "support": 303
    },
    "f1_f1": 0.9483914127592289
}