{
    "boundary": {
        "precision": 0.9655172413793104,
        "recall": 0.8888888888888888,
        "num_correct": 56,
        "num_predicted": 58,
        "num_true": 63,
        "FP": 2,
        "FN": 7,
        "f1": 0.9256198347107438
    },
    "boundary_strict": {
        "precision": 0.9655172413793104,
        "recall": 0.8888888888888888,
        "num_correct": 56,
        "num_predicted": 58,
        "num_true": 63,
        "FP": 2,
        "FN": 7,
        "f1": 0.9256198347107438
    },
    "classification": {
        "TP": 29,
        "TN": 27,
        "FP": 0,
        "FN": 0,
        "spesificity": 1.0,
        "fp_rate": 0.0,
        "fn_rate": 0.0,
        "g_mean": 1.0,
        "precision": 1.0,
        "recall": 1.0,
        "f1": 1.0,
        "f1_abs": 0.9256198347107438,
        "accuracy": 1.0,
        "support": 56
    },
    "f1_f1": 0.9256198347107438
}