{
    "boundary": {
        "precision": 0.8928571428571429,
        "recall": 0.7936507936507936,
        "num_correct": 50,
        "num_predicted": 56,
        "num_true": 63,
        "FP": 6,
        "FN": 13,
        "f1": 0.8403361344537815
    },
    "classification": {
        "TP": 22.0,
        "TN": 22.0,
        "FP": 4.0,
        "FN": 2.0,
        "spesificity": 0.8461538461538461,
        "fp_rate": 0.15384615384615385,
        "fn_rate": 0.08333333333333337,
        "g_mean": 0.8807048459279792,
        "precision": 0.8461538461538461,
        "recall": 0.9166666666666666,
        "f1": 0.8799999999999999,
        "f1_abs": 0.7394957983193277,
        "accuracy": 0.88,
        "support": 50
    },
    "f1_f1": 0.7866976577865188
}